﻿<?xml version="1.0" encoding="utf-8"?>
<data>
  <XinGiay_QuyTrinh>
    <Ma>Cho</Ma>
    <Ten>Chờ xử lý</Ten>
    <Level>10</Level>
  </XinGiay_QuyTrinh>
  <XinGiay_QuyTrinh>
    <Ma>XuLy</Ma>
    <Ten>Đang xử lý</Ten>
    <Level>70</Level>
  </XinGiay_QuyTrinh>
  <XinGiay_QuyTrinh>
    <Ma>Xong</Ma>
    <Ten>Đã xử lý</Ten>
    <Level>70</Level>
  </XinGiay_QuyTrinh>
  <XinGiay_QuyTrinh>
    <Ma>Sai</Ma>
    <Ten>Không hợp lệ</Ten>
    <Level>10</Level>
  </XinGiay_QuyTrinh>
  <XinGiay_QuyTrinh>
    <Ma>Nhan</Ma>
    <Ten>Đã nhận</Ten>
    <Level>10</Level>
  </XinGiay_QuyTrinh>
  <XinGiay_QuyTrinh>
    <Ma>Qua</Ma>
    <Ten>Quá hạn</Ten>
    <Level>60</Level>
  </XinGiay_QuyTrinh>
</data>