﻿<?xml version="1.0" encoding="utf-8"?>
<data>
  <XinGiay_Qua>
    <DangKyId>7557</DangKyId>
    <MaSo>353/CNSV</MaSo>
  </XinGiay_Qua>
  <XinGiay_Qua>
    <DangKyId>7624</DangKyId>
    <MaSo>354/CNSV</MaSo>
  </XinGiay_Qua>
  <XinGiay_Qua>
    <DangKyId>7649</DangKyId>
    <MaSo>12/GTR</MaSo>
  </XinGiay_Qua>
  <XinGiay_Qua>
    <DangKyId>7655</DangKyId>
    <MaSo>357/CNSV</MaSo>
  </XinGiay_Qua>
  <XinGiay_Qua>
    <DangKyId>7668</DangKyId>
    <MaSo>360/CNSV</MaSo>
  </XinGiay_Qua>
  <XinGiay_Qua>
    <DangKyId>7677</DangKyId>
    <MaSo>361/CNSV</MaSo>
  </XinGiay_Qua>
  <XinGiay_Qua>
    <DangKyId>7679</DangKyId>
    <MaSo>362/CNSV</MaSo>
  </XinGiay_Qua>
  <XinGiay_Qua>
    <DangKyId>7684</DangKyId>
    <MaSo>363/CNSV</MaSo>
  </XinGiay_Qua>
  <XinGiay_Qua>
    <DangKyId>7688</DangKyId>
    <MaSo>4/CNSV</MaSo>
  </XinGiay_Qua>
  <XinGiay_Qua>
    <DangKyId>7697</DangKyId>
    <MaSo>4/GT</MaSo>
  </XinGiay_Qua>
  <XinGiay_Qua>
    <DangKyId>7545</DangKyId>
    <MaSo>30/CNSV</MaSo>
  </XinGiay_Qua>
  <XinGiay_Qua>
    <DangKyId>7732</DangKyId>
    <MaSo>52/CNSV</MaSo>
  </XinGiay_Qua>
  <XinGiay_Qua>
    <DangKyId>7718</DangKyId>
    <MaSo>54/CNSV</MaSo>
  </XinGiay_Qua>
  <XinGiay_Qua>
    <DangKyId>7701</DangKyId>
    <MaSo>55/CNSV</MaSo>
  </XinGiay_Qua>
  <XinGiay_Qua>
    <DangKyId>7706</DangKyId>
    <MaSo>20/CNSV</MaSo>
  </XinGiay_Qua>
  <XinGiay_Qua>
    <DangKyId>7708</DangKyId>
    <MaSo>21/CNSV</MaSo>
  </XinGiay_Qua>
  <XinGiay_Qua>
    <DangKyId>7711</DangKyId>
    <MaSo>23/CNSV</MaSo>
  </XinGiay_Qua>
  <XinGiay_Qua>
    <DangKyId>7712</DangKyId>
    <MaSo>24/CNSV</MaSo>
  </XinGiay_Qua>
  <XinGiay_Qua>
    <DangKyId>7713</DangKyId>
    <MaSo>25/CNSV</MaSo>
  </XinGiay_Qua>
  <XinGiay_Qua>
    <DangKyId>7702</DangKyId>
    <MaSo>5/BD</MaSo>
  </XinGiay_Qua>
  <XinGiay_Qua>
    <DangKyId>7692</DangKyId>
    <MaSo>26/CNSV</MaSo>
  </XinGiay_Qua>
  <XinGiay_Qua>
    <DangKyId>7715</DangKyId>
    <MaSo>31/CNSV</MaSo>
  </XinGiay_Qua>
  <XinGiay_Qua>
    <DangKyId>7727</DangKyId>
    <MaSo>40/CNSV</MaSo>
  </XinGiay_Qua>
  <XinGiay_Qua>
    <DangKyId>7728</DangKyId>
    <MaSo>41/CNSV</MaSo>
  </XinGiay_Qua>
  <XinGiay_Qua>
    <DangKyId>7724</DangKyId>
    <MaSo>47/CNSV</MaSo>
  </XinGiay_Qua>
  <XinGiay_Qua>
    <DangKyId>7735</DangKyId>
    <MaSo>63/CNSV</MaSo>
  </XinGiay_Qua>
  <XinGiay_Qua>
    <DangKyId>7749</DangKyId>
    <MaSo>78/CNSV</MaSo>
  </XinGiay_Qua>
  <XinGiay_Qua>
    <DangKyId>7742</DangKyId>
    <MaSo>84/CNSV</MaSo>
  </XinGiay_Qua>
  <XinGiay_Qua>
    <DangKyId>7753</DangKyId>
    <MaSo>82/CNSV</MaSo>
  </XinGiay_Qua>
  <XinGiay_Qua>
    <DangKyId>7757</DangKyId>
    <MaSo>86/CNSV</MaSo>
  </XinGiay_Qua>
  <XinGiay_Qua>
    <DangKyId>7754</DangKyId>
    <MaSo>88/CNSV</MaSo>
  </XinGiay_Qua>
  <XinGiay_Qua>
    <DangKyId>7765</DangKyId>
    <MaSo>90/CNSV</MaSo>
  </XinGiay_Qua>
  <XinGiay_Qua>
    <DangKyId>7752</DangKyId>
    <MaSo>96/CNSV</MaSo>
  </XinGiay_Qua>
  <XinGiay_Qua>
    <DangKyId>7776</DangKyId>
    <MaSo>99/CNSV</MaSo>
  </XinGiay_Qua>
  <XinGiay_Qua>
    <DangKyId>7780</DangKyId>
    <MaSo>101/CNSV</MaSo>
  </XinGiay_Qua>
  <XinGiay_Qua>
    <DangKyId>7792</DangKyId>
    <MaSo>108/CNSV</MaSo>
  </XinGiay_Qua>
  <XinGiay_Qua>
    <DangKyId>7775</DangKyId>
    <MaSo>19/BD</MaSo>
  </XinGiay_Qua>
  <XinGiay_Qua>
    <DangKyId>7790</DangKyId>
    <MaSo>3/GTR</MaSo>
  </XinGiay_Qua>
  <XinGiay_Qua>
    <DangKyId>7785</DangKyId>
    <MaSo>111/CNSV</MaSo>
  </XinGiay_Qua>
  <XinGiay_Qua>
    <DangKyId>7799</DangKyId>
    <MaSo>112/CNSV</MaSo>
  </XinGiay_Qua>
  <XinGiay_Qua>
    <DangKyId>7777</DangKyId>
    <MaSo>115/CNSV</MaSo>
  </XinGiay_Qua>
  <XinGiay_Qua>
    <DangKyId>7809</DangKyId>
    <MaSo>117/CNSV</MaSo>
  </XinGiay_Qua>
  <XinGiay_Qua>
    <DangKyId>7808</DangKyId>
    <MaSo>118/CNSV</MaSo>
  </XinGiay_Qua>
  <XinGiay_Qua>
    <DangKyId>7821</DangKyId>
    <MaSo>8/GT</MaSo>
  </XinGiay_Qua>
  <XinGiay_Qua>
    <DangKyId>7811</DangKyId>
    <MaSo>27/BD</MaSo>
  </XinGiay_Qua>
  <XinGiay_Qua>
    <DangKyId>7833</DangKyId>
    <MaSo>130/CNSV</MaSo>
  </XinGiay_Qua>
  <XinGiay_Qua>
    <DangKyId>7846</DangKyId>
    <MaSo>33/BD</MaSo>
  </XinGiay_Qua>
  <XinGiay_Qua>
    <DangKyId>7879</DangKyId>
    <MaSo>164/CNSV</MaSo>
  </XinGiay_Qua>
  <XinGiay_Qua>
    <DangKyId>7812</DangKyId>
    <MaSo>165/CNSV</MaSo>
  </XinGiay_Qua>
  <XinGiay_Qua>
    <DangKyId>7842</DangKyId>
    <MaSo>175/CNSV</MaSo>
  </XinGiay_Qua>
  <XinGiay_Qua>
    <DangKyId>7877</DangKyId>
    <MaSo>182/CNSV</MaSo>
  </XinGiay_Qua>
  <XinGiay_Qua>
    <DangKyId>7865</DangKyId>
    <MaSo>39/BD</MaSo>
  </XinGiay_Qua>
  <XinGiay_Qua>
    <DangKyId>8001</DangKyId>
    <MaSo>208/CNSV</MaSo>
  </XinGiay_Qua>
  <XinGiay_Qua>
    <DangKyId>8005</DangKyId>
    <MaSo>42/BD</MaSo>
  </XinGiay_Qua>
  <XinGiay_Qua>
    <DangKyId>4906</DangKyId>
    <MaSo>231/CNSV</MaSo>
  </XinGiay_Qua>
  <XinGiay_Qua>
    <DangKyId>8108</DangKyId>
    <MaSo>237/CNSV</MaSo>
  </XinGiay_Qua>
  <XinGiay_Qua>
    <DangKyId>8152</DangKyId>
    <MaSo>238/CNSV</MaSo>
  </XinGiay_Qua>
  <XinGiay_Qua>
    <DangKyId>8161</DangKyId>
    <MaSo>239/CNSV</MaSo>
  </XinGiay_Qua>
  <XinGiay_Qua>
    <DangKyId>8019</DangKyId>
    <MaSo>243/CNSV</MaSo>
  </XinGiay_Qua>
  <XinGiay_Qua>
    <DangKyId>8187</DangKyId>
    <MaSo>246/CNSV</MaSo>
  </XinGiay_Qua>
  <XinGiay_Qua>
    <DangKyId>8204</DangKyId>
    <MaSo>54/BD</MaSo>
  </XinGiay_Qua>
  <XinGiay_Qua>
    <DangKyId>8405</DangKyId>
    <MaSo>272/CNSV</MaSo>
  </XinGiay_Qua>
  <XinGiay_Qua>
    <DangKyId>8424</DangKyId>
    <MaSo>273/CNSV</MaSo>
  </XinGiay_Qua>
  <XinGiay_Qua>
    <DangKyId>8429</DangKyId>
    <MaSo>280/CNSV</MaSo>
  </XinGiay_Qua>
  <XinGiay_Qua>
    <DangKyId>8439</DangKyId>
    <MaSo>77/BD</MaSo>
  </XinGiay_Qua>
  <XinGiay_Qua>
    <DangKyId>8482</DangKyId>
    <MaSo>291/CNSV</MaSo>
  </XinGiay_Qua>
  <XinGiay_Qua>
    <DangKyId>8505</DangKyId>
    <MaSo>296/CNSV</MaSo>
  </XinGiay_Qua>
  <XinGiay_Qua>
    <DangKyId>8538</DangKyId>
    <MaSo>299/CNSV</MaSo>
  </XinGiay_Qua>
  <XinGiay_Qua>
    <DangKyId>8509</DangKyId>
    <MaSo>82/BD</MaSo>
  </XinGiay_Qua>
  <XinGiay_Qua>
    <DangKyId>8546</DangKyId>
    <MaSo>88/BD</MaSo>
  </XinGiay_Qua>
  <XinGiay_Qua>
    <DangKyId>8576</DangKyId>
    <MaSo>304/CNSV</MaSo>
  </XinGiay_Qua>
  <XinGiay_Qua>
    <DangKyId>8578</DangKyId>
    <MaSo>306/CNSV</MaSo>
  </XinGiay_Qua>
  <XinGiay_Qua>
    <DangKyId>8593</DangKyId>
    <MaSo>309/CNSV</MaSo>
  </XinGiay_Qua>
  <XinGiay_Qua>
    <DangKyId>8587</DangKyId>
    <MaSo>95/BD</MaSo>
  </XinGiay_Qua>
  <XinGiay_Qua>
    <DangKyId>8598</DangKyId>
    <MaSo>15/GT</MaSo>
  </XinGiay_Qua>
  <XinGiay_Qua>
    <DangKyId>8600</DangKyId>
    <MaSo>16/GT</MaSo>
  </XinGiay_Qua>
  <XinGiay_Qua>
    <DangKyId>8610</DangKyId>
    <MaSo>111/BD</MaSo>
  </XinGiay_Qua>
  <XinGiay_Qua>
    <DangKyId>8617</DangKyId>
    <MaSo>315/CNSV</MaSo>
  </XinGiay_Qua>
  <XinGiay_Qua>
    <DangKyId>8618</DangKyId>
    <MaSo>114/BD</MaSo>
  </XinGiay_Qua>
  <XinGiay_Qua>
    <DangKyId>8632</DangKyId>
    <MaSo>123/BD</MaSo>
  </XinGiay_Qua>
  <XinGiay_Qua>
    <DangKyId>7414</DangKyId>
    <MaSo>320/CNSV</MaSo>
  </XinGiay_Qua>
  <XinGiay_Qua>
    <DangKyId>8658</DangKyId>
    <MaSo>322/CNSV</MaSo>
  </XinGiay_Qua>
  <XinGiay_Qua>
    <DangKyId>8665</DangKyId>
    <MaSo>329/CNSV</MaSo>
  </XinGiay_Qua>
  <XinGiay_Qua>
    <DangKyId>8659</DangKyId>
    <MaSo>138/BD</MaSo>
  </XinGiay_Qua>
  <XinGiay_Qua>
    <DangKyId>8675</DangKyId>
    <MaSo>336/CNSV</MaSo>
  </XinGiay_Qua>
  <XinGiay_Qua>
    <DangKyId>8689</DangKyId>
    <MaSo>340/CNSV</MaSo>
  </XinGiay_Qua>
  <XinGiay_Qua>
    <DangKyId>8698</DangKyId>
    <MaSo>125/BD</MaSo>
  </XinGiay_Qua>
  <XinGiay_Qua>
    <DangKyId>8707</DangKyId>
    <MaSo>321/CNSV</MaSo>
  </XinGiay_Qua>
  <XinGiay_Qua>
    <DangKyId>8708</DangKyId>
    <MaSo>9/GTR</MaSo>
  </XinGiay_Qua>
  <XinGiay_Qua>
    <DangKyId>8375</DangKyId>
    <MaSo>322/CNSV</MaSo>
  </XinGiay_Qua>
  <XinGiay_Qua>
    <DangKyId>8710</DangKyId>
    <MaSo>134/BD</MaSo>
  </XinGiay_Qua>
  <XinGiay_Qua>
    <DangKyId>8713</DangKyId>
    <MaSo>326/CNSV</MaSo>
  </XinGiay_Qua>
  <XinGiay_Qua>
    <DangKyId>5705</DangKyId>
    <MaSo>145/BD</MaSo>
  </XinGiay_Qua>
  <XinGiay_Qua>
    <DangKyId>8720</DangKyId>
    <MaSo>146/BD</MaSo>
  </XinGiay_Qua>
  <XinGiay_Qua>
    <DangKyId>8726</DangKyId>
    <MaSo>147/BD</MaSo>
  </XinGiay_Qua>
  <XinGiay_Qua>
    <DangKyId>8730</DangKyId>
    <MaSo>148/BD</MaSo>
  </XinGiay_Qua>
  <XinGiay_Qua>
    <DangKyId>8727</DangKyId>
    <MaSo>150/BD</MaSo>
  </XinGiay_Qua>
  <XinGiay_Qua>
    <DangKyId>8729</DangKyId>
    <MaSo>151/BD</MaSo>
  </XinGiay_Qua>
  <XinGiay_Qua>
    <DangKyId>8734</DangKyId>
    <MaSo>154/BD</MaSo>
  </XinGiay_Qua>
  <XinGiay_Qua>
    <DangKyId>8736</DangKyId>
    <MaSo>156/BD</MaSo>
  </XinGiay_Qua>
  <XinGiay_Qua>
    <DangKyId>8738</DangKyId>
    <MaSo>157/BD</MaSo>
  </XinGiay_Qua>
  <XinGiay_Qua>
    <DangKyId>1210</DangKyId>
    <MaSo>348/CNSV</MaSo>
  </XinGiay_Qua>
  <XinGiay_Qua>
    <DangKyId>8763</DangKyId>
    <MaSo>11/GTR</MaSo>
  </XinGiay_Qua>
  <XinGiay_Qua>
    <DangKyId>8761</DangKyId>
    <MaSo>165/BD</MaSo>
  </XinGiay_Qua>
  <XinGiay_Qua>
    <DangKyId>8767</DangKyId>
    <MaSo>365/CNSV</MaSo>
  </XinGiay_Qua>
  <XinGiay_Qua>
    <DangKyId>8770</DangKyId>
    <MaSo>167/BD</MaSo>
  </XinGiay_Qua>
  <XinGiay_Qua>
    <DangKyId>8771</DangKyId>
    <MaSo>366/CNSV</MaSo>
  </XinGiay_Qua>
  <XinGiay_Qua>
    <DangKyId>8775</DangKyId>
    <MaSo>368/CNSV</MaSo>
  </XinGiay_Qua>
  <XinGiay_Qua>
    <DangKyId>8776</DangKyId>
    <MaSo>12/GTR</MaSo>
  </XinGiay_Qua>
  <XinGiay_Qua>
    <DangKyId>8777</DangKyId>
    <MaSo>369/CNSV</MaSo>
  </XinGiay_Qua>
  <XinGiay_Qua>
    <DangKyId>8783</DangKyId>
    <MaSo>372/CNSV</MaSo>
  </XinGiay_Qua>
  <XinGiay_Qua>
    <DangKyId>8789</DangKyId>
    <MaSo>170/BD</MaSo>
  </XinGiay_Qua>
  <XinGiay_Qua>
    <DangKyId>8796</DangKyId>
    <MaSo>172/BD</MaSo>
  </XinGiay_Qua>
  <XinGiay_Qua>
    <DangKyId>8802</DangKyId>
    <MaSo>173/BD</MaSo>
  </XinGiay_Qua>
  <XinGiay_Qua>
    <DangKyId>8812</DangKyId>
    <MaSo>378/CNSV</MaSo>
  </XinGiay_Qua>
  <XinGiay_Qua>
    <DangKyId>8810</DangKyId>
    <MaSo>379/CNSV</MaSo>
  </XinGiay_Qua>
  <XinGiay_Qua>
    <DangKyId>8813</DangKyId>
    <MaSo>380/CNSV</MaSo>
  </XinGiay_Qua>
  <XinGiay_Qua>
    <DangKyId>8806</DangKyId>
    <MaSo>381/CNSV</MaSo>
  </XinGiay_Qua>
  <XinGiay_Qua>
    <DangKyId>8823</DangKyId>
    <MaSo>382/CNSV</MaSo>
  </XinGiay_Qua>
  <XinGiay_Qua>
    <DangKyId>8808</DangKyId>
    <MaSo>180/BD</MaSo>
  </XinGiay_Qua>
  <XinGiay_Qua>
    <DangKyId>8829</DangKyId>
    <MaSo>385/CNSV</MaSo>
  </XinGiay_Qua>
  <XinGiay_Qua>
    <DangKyId>8833</DangKyId>
    <MaSo>386/CNSV</MaSo>
  </XinGiay_Qua>
  <XinGiay_Qua>
    <DangKyId>8835</DangKyId>
    <MaSo>387/CNSV</MaSo>
  </XinGiay_Qua>
  <XinGiay_Qua>
    <DangKyId>8867</DangKyId>
    <MaSo>392/CNSV</MaSo>
  </XinGiay_Qua>
  <XinGiay_Qua>
    <DangKyId>8878</DangKyId>
    <MaSo>393/CNSV</MaSo>
  </XinGiay_Qua>
  <XinGiay_Qua>
    <DangKyId>8077</DangKyId>
    <MaSo>394/CNSV</MaSo>
  </XinGiay_Qua>
  <XinGiay_Qua>
    <DangKyId>7206</DangKyId>
    <MaSo>181/BD</MaSo>
  </XinGiay_Qua>
  <XinGiay_Qua>
    <DangKyId>8848</DangKyId>
    <MaSo>183/BD</MaSo>
  </XinGiay_Qua>
  <XinGiay_Qua>
    <DangKyId>8858</DangKyId>
    <MaSo>185/BD</MaSo>
  </XinGiay_Qua>
  <XinGiay_Qua>
    <DangKyId>8860</DangKyId>
    <MaSo>186/BD</MaSo>
  </XinGiay_Qua>
  <XinGiay_Qua>
    <DangKyId>8876</DangKyId>
    <MaSo>187/BD</MaSo>
  </XinGiay_Qua>
  <XinGiay_Qua>
    <DangKyId>8884</DangKyId>
    <MaSo>188/BD</MaSo>
  </XinGiay_Qua>
  <XinGiay_Qua>
    <DangKyId>8888</DangKyId>
    <MaSo>189/BD</MaSo>
  </XinGiay_Qua>
  <XinGiay_Qua>
    <DangKyId>8891</DangKyId>
    <MaSo>190/BD</MaSo>
  </XinGiay_Qua>
  <XinGiay_Qua>
    <DangKyId>8894</DangKyId>
    <MaSo>191/BD</MaSo>
  </XinGiay_Qua>
  <XinGiay_Qua>
    <DangKyId>8843</DangKyId>
    <MaSo>395/CNSV</MaSo>
  </XinGiay_Qua>
  <XinGiay_Qua>
    <DangKyId>8900</DangKyId>
    <MaSo>402/CNSV</MaSo>
  </XinGiay_Qua>
  <XinGiay_Qua>
    <DangKyId>8920</DangKyId>
    <MaSo>405/CNSV</MaSo>
  </XinGiay_Qua>
  <XinGiay_Qua>
    <DangKyId>8926</DangKyId>
    <MaSo>24/GT</MaSo>
  </XinGiay_Qua>
  <XinGiay_Qua>
    <DangKyId>7849</DangKyId>
    <MaSo>407/CNSV</MaSo>
  </XinGiay_Qua>
  <XinGiay_Qua>
    <DangKyId>8930</DangKyId>
    <MaSo>408/CNSV</MaSo>
  </XinGiay_Qua>
  <XinGiay_Qua>
    <DangKyId>8953</DangKyId>
    <MaSo>418/CNSV</MaSo>
  </XinGiay_Qua>
  <XinGiay_Qua>
    <DangKyId>8950</DangKyId>
    <MaSo>419/CNSV</MaSo>
  </XinGiay_Qua>
  <XinGiay_Qua>
    <DangKyId>8918</DangKyId>
    <MaSo>193/BD</MaSo>
  </XinGiay_Qua>
  <XinGiay_Qua>
    <DangKyId>8922</DangKyId>
    <MaSo>194/BD</MaSo>
  </XinGiay_Qua>
  <XinGiay_Qua>
    <DangKyId>8928</DangKyId>
    <MaSo>195/BD</MaSo>
  </XinGiay_Qua>
  <XinGiay_Qua>
    <DangKyId>8207</DangKyId>
    <MaSo>196/BD</MaSo>
  </XinGiay_Qua>
  <XinGiay_Qua>
    <DangKyId>8722</DangKyId>
    <MaSo>417/CNSV</MaSo>
  </XinGiay_Qua>
  <XinGiay_Qua>
    <DangKyId>8988</DangKyId>
    <MaSo>32/GT</MaSo>
  </XinGiay_Qua>
  <XinGiay_Qua>
    <DangKyId>9001</DangKyId>
    <MaSo>13/GTR</MaSo>
  </XinGiay_Qua>
  <XinGiay_Qua>
    <DangKyId>9005</DangKyId>
    <MaSo>14/GTR</MaSo>
  </XinGiay_Qua>
  <XinGiay_Qua>
    <DangKyId>9019</DangKyId>
    <MaSo>15/GTR</MaSo>
  </XinGiay_Qua>
  <XinGiay_Qua>
    <DangKyId>9038</DangKyId>
    <MaSo>426/CNSV</MaSo>
  </XinGiay_Qua>
  <XinGiay_Qua>
    <DangKyId>9040</DangKyId>
    <MaSo>46/GT</MaSo>
  </XinGiay_Qua>
  <XinGiay_Qua>
    <DangKyId>9072</DangKyId>
    <MaSo>55/GT</MaSo>
  </XinGiay_Qua>
  <XinGiay_Qua>
    <DangKyId>9077</DangKyId>
    <MaSo>57/GT</MaSo>
  </XinGiay_Qua>
  <XinGiay_Qua>
    <DangKyId>9021</DangKyId>
    <MaSo>203/BD</MaSo>
  </XinGiay_Qua>
  <XinGiay_Qua>
    <DangKyId>9114</DangKyId>
    <MaSo>207/BD</MaSo>
  </XinGiay_Qua>
  <XinGiay_Qua>
    <DangKyId>9116</DangKyId>
    <MaSo>21/GTR</MaSo>
  </XinGiay_Qua>
  <XinGiay_Qua>
    <DangKyId>9126</DangKyId>
    <MaSo>208/BD</MaSo>
  </XinGiay_Qua>
  <XinGiay_Qua>
    <DangKyId>9140</DangKyId>
    <MaSo>23/GTR</MaSo>
  </XinGiay_Qua>
  <XinGiay_Qua>
    <DangKyId>9143</DangKyId>
    <MaSo>67/GT</MaSo>
  </XinGiay_Qua>
  <XinGiay_Qua>
    <DangKyId>9151</DangKyId>
    <MaSo>69/GT</MaSo>
  </XinGiay_Qua>
  <XinGiay_Qua>
    <DangKyId>9153</DangKyId>
    <MaSo>70/GT</MaSo>
  </XinGiay_Qua>
  <XinGiay_Qua>
    <DangKyId>9170</DangKyId>
    <MaSo>73/GT</MaSo>
  </XinGiay_Qua>
  <XinGiay_Qua>
    <DangKyId>9196</DangKyId>
    <MaSo>79/GT</MaSo>
  </XinGiay_Qua>
  <XinGiay_Qua>
    <DangKyId>9145</DangKyId>
    <MaSo>211/BD</MaSo>
  </XinGiay_Qua>
  <XinGiay_Qua>
    <DangKyId>9227</DangKyId>
    <MaSo>85/GT</MaSo>
  </XinGiay_Qua>
  <XinGiay_Qua>
    <DangKyId>9240</DangKyId>
    <MaSo>31/GTR</MaSo>
  </XinGiay_Qua>
  <XinGiay_Qua>
    <DangKyId>8619</DangKyId>
    <MaSo>214/BD</MaSo>
  </XinGiay_Qua>
  <XinGiay_Qua>
    <DangKyId>9231</DangKyId>
    <MaSo>216/BD</MaSo>
  </XinGiay_Qua>
  <XinGiay_Qua>
    <DangKyId>9270</DangKyId>
    <MaSo>104/GT</MaSo>
  </XinGiay_Qua>
  <XinGiay_Qua>
    <DangKyId>9309</DangKyId>
    <MaSo>107/GT</MaSo>
  </XinGiay_Qua>
  <XinGiay_Qua>
    <DangKyId>9316</DangKyId>
    <MaSo>436/CNSV</MaSo>
  </XinGiay_Qua>
  <XinGiay_Qua>
    <DangKyId>9334</DangKyId>
    <MaSo>34/GTR</MaSo>
  </XinGiay_Qua>
  <XinGiay_Qua>
    <DangKyId>9299</DangKyId>
    <MaSo>223/BD</MaSo>
  </XinGiay_Qua>
  <XinGiay_Qua>
    <DangKyId>9318</DangKyId>
    <MaSo>224/BD</MaSo>
  </XinGiay_Qua>
  <XinGiay_Qua>
    <DangKyId>9320</DangKyId>
    <MaSo>225/BD</MaSo>
  </XinGiay_Qua>
  <XinGiay_Qua>
    <DangKyId>9326</DangKyId>
    <MaSo>226/BD</MaSo>
  </XinGiay_Qua>
  <XinGiay_Qua>
    <DangKyId>9328</DangKyId>
    <MaSo>227/BD</MaSo>
  </XinGiay_Qua>
  <XinGiay_Qua>
    <DangKyId>7793</DangKyId>
    <MaSo>228/BD</MaSo>
  </XinGiay_Qua>
  <XinGiay_Qua>
    <DangKyId>9332</DangKyId>
    <MaSo>229/BD</MaSo>
  </XinGiay_Qua>
  <XinGiay_Qua>
    <DangKyId>9340</DangKyId>
    <MaSo>230/BD</MaSo>
  </XinGiay_Qua>
  <XinGiay_Qua>
    <DangKyId>9342</DangKyId>
    <MaSo>231/BD</MaSo>
  </XinGiay_Qua>
  <XinGiay_Qua>
    <DangKyId>9348</DangKyId>
    <MaSo>233/BD</MaSo>
  </XinGiay_Qua>
  <XinGiay_Qua>
    <DangKyId>9358</DangKyId>
    <MaSo>234/BD</MaSo>
  </XinGiay_Qua>
  <XinGiay_Qua>
    <DangKyId>9330</DangKyId>
    <MaSo>438/CNSV</MaSo>
  </XinGiay_Qua>
  <XinGiay_Qua>
    <DangKyId>9336</DangKyId>
    <MaSo>439/CNSV</MaSo>
  </XinGiay_Qua>
  <XinGiay_Qua>
    <DangKyId>9338</DangKyId>
    <MaSo>440/CNSV</MaSo>
  </XinGiay_Qua>
  <XinGiay_Qua>
    <DangKyId>9350</DangKyId>
    <MaSo>443/CNSV</MaSo>
  </XinGiay_Qua>
  <XinGiay_Qua>
    <DangKyId>9360</DangKyId>
    <MaSo>444/CNSV</MaSo>
  </XinGiay_Qua>
  <XinGiay_Qua>
    <DangKyId>9373</DangKyId>
    <MaSo>445/CNSV</MaSo>
  </XinGiay_Qua>
  <XinGiay_Qua>
    <DangKyId>9392</DangKyId>
    <MaSo>450/CNSV</MaSo>
  </XinGiay_Qua>
  <XinGiay_Qua>
    <DangKyId>9400</DangKyId>
    <MaSo>453/CNSV</MaSo>
  </XinGiay_Qua>
  <XinGiay_Qua>
    <DangKyId>9408</DangKyId>
    <MaSo>456/CNSV</MaSo>
  </XinGiay_Qua>
  <XinGiay_Qua>
    <DangKyId>9415</DangKyId>
    <MaSo>457/CNSV</MaSo>
  </XinGiay_Qua>
  <XinGiay_Qua>
    <DangKyId>9421</DangKyId>
    <MaSo>465/CNSV</MaSo>
  </XinGiay_Qua>
  <XinGiay_Qua>
    <DangKyId>9423</DangKyId>
    <MaSo>466/CNSV</MaSo>
  </XinGiay_Qua>
  <XinGiay_Qua>
    <DangKyId>9419</DangKyId>
    <MaSo>109/GT</MaSo>
  </XinGiay_Qua>
  <XinGiay_Qua>
    <DangKyId>9454</DangKyId>
    <MaSo>464/CNSV</MaSo>
  </XinGiay_Qua>
  <XinGiay_Qua>
    <DangKyId>9254</DangKyId>
    <MaSo>218/BD</MaSo>
  </XinGiay_Qua>
  <XinGiay_Qua>
    <DangKyId>9266</DangKyId>
    <MaSo>220/BD</MaSo>
  </XinGiay_Qua>
  <XinGiay_Qua>
    <DangKyId>9274</DangKyId>
    <MaSo>222/BD</MaSo>
  </XinGiay_Qua>
  <XinGiay_Qua>
    <DangKyId>8693</DangKyId>
    <MaSo>235/BD</MaSo>
  </XinGiay_Qua>
  <XinGiay_Qua>
    <DangKyId>9364</DangKyId>
    <MaSo>237/BD</MaSo>
  </XinGiay_Qua>
  <XinGiay_Qua>
    <DangKyId>9366</DangKyId>
    <MaSo>238/BD</MaSo>
  </XinGiay_Qua>
  <XinGiay_Qua>
    <DangKyId>9368</DangKyId>
    <MaSo>239/BD</MaSo>
  </XinGiay_Qua>
  <XinGiay_Qua>
    <DangKyId>9370</DangKyId>
    <MaSo>240/BD</MaSo>
  </XinGiay_Qua>
  <XinGiay_Qua>
    <DangKyId>8679</DangKyId>
    <MaSo>241/BD</MaSo>
  </XinGiay_Qua>
  <XinGiay_Qua>
    <DangKyId>9377</DangKyId>
    <MaSo>242/BD</MaSo>
  </XinGiay_Qua>
  <XinGiay_Qua>
    <DangKyId>7695</DangKyId>
    <MaSo>244/BD</MaSo>
  </XinGiay_Qua>
  <XinGiay_Qua>
    <DangKyId>8704</DangKyId>
    <MaSo>247/BD</MaSo>
  </XinGiay_Qua>
  <XinGiay_Qua>
    <DangKyId>9411</DangKyId>
    <MaSo>248/BD</MaSo>
  </XinGiay_Qua>
  <XinGiay_Qua>
    <DangKyId>9431</DangKyId>
    <MaSo>252/BD</MaSo>
  </XinGiay_Qua>
  <XinGiay_Qua>
    <DangKyId>9438</DangKyId>
    <MaSo>254/BD</MaSo>
  </XinGiay_Qua>
  <XinGiay_Qua>
    <DangKyId>9443</DangKyId>
    <MaSo>255/BD</MaSo>
  </XinGiay_Qua>
  <XinGiay_Qua>
    <DangKyId>7703</DangKyId>
    <MaSo>257/BD</MaSo>
  </XinGiay_Qua>
  <XinGiay_Qua>
    <DangKyId>9449</DangKyId>
    <MaSo>258/BD</MaSo>
  </XinGiay_Qua>
  <XinGiay_Qua>
    <DangKyId>2189</DangKyId>
    <MaSo>259/BD</MaSo>
  </XinGiay_Qua>
  <XinGiay_Qua>
    <DangKyId>9457</DangKyId>
    <MaSo>260/BD</MaSo>
  </XinGiay_Qua>
  <XinGiay_Qua>
    <DangKyId>9461</DangKyId>
    <MaSo>262/BD</MaSo>
  </XinGiay_Qua>
  <XinGiay_Qua>
    <DangKyId>8399</DangKyId>
    <MaSo>263/BD</MaSo>
  </XinGiay_Qua>
  <XinGiay_Qua>
    <DangKyId>9476</DangKyId>
    <MaSo>111/GT</MaSo>
  </XinGiay_Qua>
  <XinGiay_Qua>
    <DangKyId>9488</DangKyId>
    <MaSo>471/CNSV</MaSo>
  </XinGiay_Qua>
  <XinGiay_Qua>
    <DangKyId>9463</DangKyId>
    <MaSo>264/BD</MaSo>
  </XinGiay_Qua>
  <XinGiay_Qua>
    <DangKyId>9469</DangKyId>
    <MaSo>265/BD</MaSo>
  </XinGiay_Qua>
  <XinGiay_Qua>
    <DangKyId>9474</DangKyId>
    <MaSo>266/BD</MaSo>
  </XinGiay_Qua>
  <XinGiay_Qua>
    <DangKyId>9484</DangKyId>
    <MaSo>267/BD</MaSo>
  </XinGiay_Qua>
  <XinGiay_Qua>
    <DangKyId>9486</DangKyId>
    <MaSo>268/BD</MaSo>
  </XinGiay_Qua>
  <XinGiay_Qua>
    <DangKyId>9490</DangKyId>
    <MaSo>269/BD</MaSo>
  </XinGiay_Qua>
  <XinGiay_Qua>
    <DangKyId>9499</DangKyId>
    <MaSo>272/BD</MaSo>
  </XinGiay_Qua>
  <XinGiay_Qua>
    <DangKyId>8527</DangKyId>
    <MaSo>273/BD</MaSo>
  </XinGiay_Qua>
  <XinGiay_Qua>
    <DangKyId>9510</DangKyId>
    <MaSo>479/CNSV</MaSo>
  </XinGiay_Qua>
  <XinGiay_Qua>
    <DangKyId>9501</DangKyId>
    <MaSo>480/CNSV</MaSo>
  </XinGiay_Qua>
  <XinGiay_Qua>
    <DangKyId>9516</DangKyId>
    <MaSo>482/CNSV</MaSo>
  </XinGiay_Qua>
</data>