﻿<?xml version="1.0" encoding="utf-8"?>
<data>
  <XinGiay_PhanCap>
    <Ma>CNSV</Ma>
    <Ten>Giấy chứng nhận sinh viên</Ten>
    <Cap>c</Cap>
    <HieuLuc>30</HieuLuc>
    <So>600</So>
    <CommonFields>SinhVien.*, User.*</CommonFields>
  </XinGiay_PhanCap>
  <XinGiay_PhanCap>
    <Ma>GT</Ma>
    <Ten>Giấy giới thiệu (Viện)</Ten>
    <Cap>c</Cap>
    <HieuLuc>20</HieuLuc>
    <So>118</So>
    <CommonFields>SinhVien.*, User.HoTen</CommonFields>
  </XinGiay_PhanCap>
  <XinGiay_PhanCap>
    <Ma>GTR</Ma>
    <Ten>Giấy giới thiệu (Trường)</Ten>
    <Cap>c</Cap>
    <HieuLuc>20</HieuLuc>
    <So>39</So>
    <CommonFields>SinhVien.*, User.HoTen</CommonFields>
  </XinGiay_PhanCap>
  <XinGiay_PhanCap>
    <Ma>BD</Ma>
    <Ten>Bảng điểm</Ten>
    <Cap>g</Cap>
    <HieuLuc>30</HieuLuc>
    <So>301</So>
    <CommonFields>SinhVien.*, User.HoTen, User.Email, ThoiDiem</CommonFields>
  </XinGiay_PhanCap>
</data>