﻿<?xml version="1.0" encoding="utf-8"?>
<data>
  <XinGiay_CNSV>
    <DangKyId>1210</DangKyId>
  </XinGiay_CNSV>
  <XinGiay_CNSV>
    <DangKyId>4906</DangKyId>
  </XinGiay_CNSV>
  <XinGiay_CNSV>
    <DangKyId>7414</DangKyId>
  </XinGiay_CNSV>
  <XinGiay_CNSV>
    <DangKyId>7545</DangKyId>
  </XinGiay_CNSV>
  <XinGiay_CNSV>
    <DangKyId>7557</DangKyId>
  </XinGiay_CNSV>
  <XinGiay_CNSV>
    <DangKyId>7624</DangKyId>
  </XinGiay_CNSV>
  <XinGiay_CNSV>
    <DangKyId>7655</DangKyId>
  </XinGiay_CNSV>
  <XinGiay_CNSV>
    <DangKyId>7668</DangKyId>
  </XinGiay_CNSV>
  <XinGiay_CNSV>
    <DangKyId>7677</DangKyId>
  </XinGiay_CNSV>
  <XinGiay_CNSV>
    <DangKyId>7679</DangKyId>
  </XinGiay_CNSV>
  <XinGiay_CNSV>
    <DangKyId>7684</DangKyId>
  </XinGiay_CNSV>
  <XinGiay_CNSV>
    <DangKyId>7688</DangKyId>
  </XinGiay_CNSV>
  <XinGiay_CNSV>
    <DangKyId>7692</DangKyId>
  </XinGiay_CNSV>
  <XinGiay_CNSV>
    <DangKyId>7701</DangKyId>
  </XinGiay_CNSV>
  <XinGiay_CNSV>
    <DangKyId>7706</DangKyId>
  </XinGiay_CNSV>
  <XinGiay_CNSV>
    <DangKyId>7708</DangKyId>
  </XinGiay_CNSV>
  <XinGiay_CNSV>
    <DangKyId>7711</DangKyId>
  </XinGiay_CNSV>
  <XinGiay_CNSV>
    <DangKyId>7712</DangKyId>
  </XinGiay_CNSV>
  <XinGiay_CNSV>
    <DangKyId>7713</DangKyId>
  </XinGiay_CNSV>
  <XinGiay_CNSV>
    <DangKyId>7715</DangKyId>
  </XinGiay_CNSV>
  <XinGiay_CNSV>
    <DangKyId>7718</DangKyId>
  </XinGiay_CNSV>
  <XinGiay_CNSV>
    <DangKyId>7724</DangKyId>
  </XinGiay_CNSV>
  <XinGiay_CNSV>
    <DangKyId>7727</DangKyId>
  </XinGiay_CNSV>
  <XinGiay_CNSV>
    <DangKyId>7728</DangKyId>
  </XinGiay_CNSV>
  <XinGiay_CNSV>
    <DangKyId>7732</DangKyId>
  </XinGiay_CNSV>
  <XinGiay_CNSV>
    <DangKyId>7735</DangKyId>
  </XinGiay_CNSV>
  <XinGiay_CNSV>
    <DangKyId>7742</DangKyId>
  </XinGiay_CNSV>
  <XinGiay_CNSV>
    <DangKyId>7749</DangKyId>
  </XinGiay_CNSV>
  <XinGiay_CNSV>
    <DangKyId>7752</DangKyId>
  </XinGiay_CNSV>
  <XinGiay_CNSV>
    <DangKyId>7753</DangKyId>
  </XinGiay_CNSV>
  <XinGiay_CNSV>
    <DangKyId>7754</DangKyId>
  </XinGiay_CNSV>
  <XinGiay_CNSV>
    <DangKyId>7757</DangKyId>
  </XinGiay_CNSV>
  <XinGiay_CNSV>
    <DangKyId>7765</DangKyId>
  </XinGiay_CNSV>
  <XinGiay_CNSV>
    <DangKyId>7776</DangKyId>
  </XinGiay_CNSV>
  <XinGiay_CNSV>
    <DangKyId>7777</DangKyId>
  </XinGiay_CNSV>
  <XinGiay_CNSV>
    <DangKyId>7780</DangKyId>
  </XinGiay_CNSV>
  <XinGiay_CNSV>
    <DangKyId>7785</DangKyId>
  </XinGiay_CNSV>
  <XinGiay_CNSV>
    <DangKyId>7792</DangKyId>
  </XinGiay_CNSV>
  <XinGiay_CNSV>
    <DangKyId>7799</DangKyId>
  </XinGiay_CNSV>
  <XinGiay_CNSV>
    <DangKyId>7808</DangKyId>
  </XinGiay_CNSV>
  <XinGiay_CNSV>
    <DangKyId>7809</DangKyId>
  </XinGiay_CNSV>
  <XinGiay_CNSV>
    <DangKyId>7812</DangKyId>
  </XinGiay_CNSV>
  <XinGiay_CNSV>
    <DangKyId>7822</DangKyId>
  </XinGiay_CNSV>
  <XinGiay_CNSV>
    <DangKyId>7833</DangKyId>
  </XinGiay_CNSV>
  <XinGiay_CNSV>
    <DangKyId>7842</DangKyId>
  </XinGiay_CNSV>
  <XinGiay_CNSV>
    <DangKyId>7849</DangKyId>
  </XinGiay_CNSV>
  <XinGiay_CNSV>
    <DangKyId>7877</DangKyId>
  </XinGiay_CNSV>
  <XinGiay_CNSV>
    <DangKyId>7879</DangKyId>
  </XinGiay_CNSV>
  <XinGiay_CNSV>
    <DangKyId>7932</DangKyId>
  </XinGiay_CNSV>
  <XinGiay_CNSV>
    <DangKyId>8001</DangKyId>
  </XinGiay_CNSV>
  <XinGiay_CNSV>
    <DangKyId>8005</DangKyId>
  </XinGiay_CNSV>
  <XinGiay_CNSV>
    <DangKyId>8019</DangKyId>
  </XinGiay_CNSV>
  <XinGiay_CNSV>
    <DangKyId>8028</DangKyId>
  </XinGiay_CNSV>
  <XinGiay_CNSV>
    <DangKyId>8077</DangKyId>
  </XinGiay_CNSV>
  <XinGiay_CNSV>
    <DangKyId>8108</DangKyId>
  </XinGiay_CNSV>
  <XinGiay_CNSV>
    <DangKyId>8111</DangKyId>
  </XinGiay_CNSV>
  <XinGiay_CNSV>
    <DangKyId>8152</DangKyId>
  </XinGiay_CNSV>
  <XinGiay_CNSV>
    <DangKyId>8161</DangKyId>
  </XinGiay_CNSV>
  <XinGiay_CNSV>
    <DangKyId>8183</DangKyId>
  </XinGiay_CNSV>
  <XinGiay_CNSV>
    <DangKyId>8187</DangKyId>
  </XinGiay_CNSV>
  <XinGiay_CNSV>
    <DangKyId>8375</DangKyId>
  </XinGiay_CNSV>
  <XinGiay_CNSV>
    <DangKyId>8405</DangKyId>
  </XinGiay_CNSV>
  <XinGiay_CNSV>
    <DangKyId>8410</DangKyId>
  </XinGiay_CNSV>
  <XinGiay_CNSV>
    <DangKyId>8424</DangKyId>
  </XinGiay_CNSV>
  <XinGiay_CNSV>
    <DangKyId>8429</DangKyId>
  </XinGiay_CNSV>
  <XinGiay_CNSV>
    <DangKyId>8482</DangKyId>
  </XinGiay_CNSV>
  <XinGiay_CNSV>
    <DangKyId>8505</DangKyId>
  </XinGiay_CNSV>
  <XinGiay_CNSV>
    <DangKyId>8538</DangKyId>
  </XinGiay_CNSV>
  <XinGiay_CNSV>
    <DangKyId>8574</DangKyId>
  </XinGiay_CNSV>
  <XinGiay_CNSV>
    <DangKyId>8576</DangKyId>
  </XinGiay_CNSV>
  <XinGiay_CNSV>
    <DangKyId>8578</DangKyId>
  </XinGiay_CNSV>
  <XinGiay_CNSV>
    <DangKyId>8593</DangKyId>
  </XinGiay_CNSV>
  <XinGiay_CNSV>
    <DangKyId>8617</DangKyId>
  </XinGiay_CNSV>
  <XinGiay_CNSV>
    <DangKyId>8623</DangKyId>
  </XinGiay_CNSV>
  <XinGiay_CNSV>
    <DangKyId>8647</DangKyId>
  </XinGiay_CNSV>
  <XinGiay_CNSV>
    <DangKyId>8658</DangKyId>
  </XinGiay_CNSV>
  <XinGiay_CNSV>
    <DangKyId>8665</DangKyId>
  </XinGiay_CNSV>
  <XinGiay_CNSV>
    <DangKyId>8672</DangKyId>
  </XinGiay_CNSV>
  <XinGiay_CNSV>
    <DangKyId>8675</DangKyId>
  </XinGiay_CNSV>
  <XinGiay_CNSV>
    <DangKyId>8684</DangKyId>
  </XinGiay_CNSV>
  <XinGiay_CNSV>
    <DangKyId>8689</DangKyId>
  </XinGiay_CNSV>
  <XinGiay_CNSV>
    <DangKyId>8707</DangKyId>
  </XinGiay_CNSV>
  <XinGiay_CNSV>
    <DangKyId>8713</DangKyId>
  </XinGiay_CNSV>
  <XinGiay_CNSV>
    <DangKyId>8722</DangKyId>
  </XinGiay_CNSV>
  <XinGiay_CNSV>
    <DangKyId>8767</DangKyId>
  </XinGiay_CNSV>
  <XinGiay_CNSV>
    <DangKyId>8771</DangKyId>
  </XinGiay_CNSV>
  <XinGiay_CNSV>
    <DangKyId>8775</DangKyId>
  </XinGiay_CNSV>
  <XinGiay_CNSV>
    <DangKyId>8777</DangKyId>
  </XinGiay_CNSV>
  <XinGiay_CNSV>
    <DangKyId>8778</DangKyId>
  </XinGiay_CNSV>
  <XinGiay_CNSV>
    <DangKyId>8783</DangKyId>
  </XinGiay_CNSV>
  <XinGiay_CNSV>
    <DangKyId>8785</DangKyId>
  </XinGiay_CNSV>
  <XinGiay_CNSV>
    <DangKyId>8787</DangKyId>
  </XinGiay_CNSV>
  <XinGiay_CNSV>
    <DangKyId>8806</DangKyId>
  </XinGiay_CNSV>
  <XinGiay_CNSV>
    <DangKyId>8809</DangKyId>
  </XinGiay_CNSV>
  <XinGiay_CNSV>
    <DangKyId>8810</DangKyId>
  </XinGiay_CNSV>
  <XinGiay_CNSV>
    <DangKyId>8812</DangKyId>
  </XinGiay_CNSV>
  <XinGiay_CNSV>
    <DangKyId>8813</DangKyId>
  </XinGiay_CNSV>
  <XinGiay_CNSV>
    <DangKyId>8823</DangKyId>
  </XinGiay_CNSV>
  <XinGiay_CNSV>
    <DangKyId>8829</DangKyId>
  </XinGiay_CNSV>
  <XinGiay_CNSV>
    <DangKyId>8833</DangKyId>
  </XinGiay_CNSV>
  <XinGiay_CNSV>
    <DangKyId>8835</DangKyId>
  </XinGiay_CNSV>
  <XinGiay_CNSV>
    <DangKyId>8843</DangKyId>
  </XinGiay_CNSV>
  <XinGiay_CNSV>
    <DangKyId>8867</DangKyId>
  </XinGiay_CNSV>
  <XinGiay_CNSV>
    <DangKyId>8878</DangKyId>
  </XinGiay_CNSV>
  <XinGiay_CNSV>
    <DangKyId>8900</DangKyId>
  </XinGiay_CNSV>
  <XinGiay_CNSV>
    <DangKyId>8920</DangKyId>
  </XinGiay_CNSV>
  <XinGiay_CNSV>
    <DangKyId>8930</DangKyId>
  </XinGiay_CNSV>
  <XinGiay_CNSV>
    <DangKyId>8950</DangKyId>
  </XinGiay_CNSV>
  <XinGiay_CNSV>
    <DangKyId>8953</DangKyId>
  </XinGiay_CNSV>
  <XinGiay_CNSV>
    <DangKyId>9038</DangKyId>
  </XinGiay_CNSV>
  <XinGiay_CNSV>
    <DangKyId>9316</DangKyId>
  </XinGiay_CNSV>
  <XinGiay_CNSV>
    <DangKyId>9330</DangKyId>
  </XinGiay_CNSV>
  <XinGiay_CNSV>
    <DangKyId>9336</DangKyId>
  </XinGiay_CNSV>
  <XinGiay_CNSV>
    <DangKyId>9338</DangKyId>
  </XinGiay_CNSV>
  <XinGiay_CNSV>
    <DangKyId>9350</DangKyId>
  </XinGiay_CNSV>
  <XinGiay_CNSV>
    <DangKyId>9360</DangKyId>
  </XinGiay_CNSV>
  <XinGiay_CNSV>
    <DangKyId>9373</DangKyId>
  </XinGiay_CNSV>
  <XinGiay_CNSV>
    <DangKyId>9392</DangKyId>
  </XinGiay_CNSV>
  <XinGiay_CNSV>
    <DangKyId>9400</DangKyId>
  </XinGiay_CNSV>
  <XinGiay_CNSV>
    <DangKyId>9408</DangKyId>
  </XinGiay_CNSV>
  <XinGiay_CNSV>
    <DangKyId>9415</DangKyId>
  </XinGiay_CNSV>
  <XinGiay_CNSV>
    <DangKyId>9421</DangKyId>
  </XinGiay_CNSV>
  <XinGiay_CNSV>
    <DangKyId>9423</DangKyId>
  </XinGiay_CNSV>
  <XinGiay_CNSV>
    <DangKyId>9454</DangKyId>
  </XinGiay_CNSV>
  <XinGiay_CNSV>
    <DangKyId>9488</DangKyId>
  </XinGiay_CNSV>
  <XinGiay_CNSV>
    <DangKyId>9501</DangKyId>
  </XinGiay_CNSV>
  <XinGiay_CNSV>
    <DangKyId>9510</DangKyId>
  </XinGiay_CNSV>
  <XinGiay_CNSV>
    <DangKyId>9516</DangKyId>
  </XinGiay_CNSV>
  <XinGiay_CNSV>
    <DangKyId>9522</DangKyId>
  </XinGiay_CNSV>
  <XinGiay_CNSV>
    <DangKyId>9529</DangKyId>
  </XinGiay_CNSV>
  <XinGiay_CNSV>
    <DangKyId>9539</DangKyId>
  </XinGiay_CNSV>
  <XinGiay_CNSV>
    <DangKyId>9546</DangKyId>
  </XinGiay_CNSV>
  <XinGiay_CNSV>
    <DangKyId>9554</DangKyId>
  </XinGiay_CNSV>
  <XinGiay_CNSV>
    <DangKyId>9555</DangKyId>
  </XinGiay_CNSV>
  <XinGiay_CNSV>
    <DangKyId>9557</DangKyId>
  </XinGiay_CNSV>
  <XinGiay_CNSV>
    <DangKyId>9558</DangKyId>
  </XinGiay_CNSV>
  <XinGiay_CNSV>
    <DangKyId>9559</DangKyId>
  </XinGiay_CNSV>
  <XinGiay_CNSV>
    <DangKyId>9567</DangKyId>
  </XinGiay_CNSV>
  <XinGiay_CNSV>
    <DangKyId>9569</DangKyId>
  </XinGiay_CNSV>
  <XinGiay_CNSV>
    <DangKyId>9571</DangKyId>
  </XinGiay_CNSV>
  <XinGiay_CNSV>
    <DangKyId>9572</DangKyId>
  </XinGiay_CNSV>
  <XinGiay_CNSV>
    <DangKyId>9573</DangKyId>
  </XinGiay_CNSV>
  <XinGiay_CNSV>
    <DangKyId>9575</DangKyId>
  </XinGiay_CNSV>
  <XinGiay_CNSV>
    <DangKyId>9576</DangKyId>
  </XinGiay_CNSV>
  <XinGiay_CNSV>
    <DangKyId>9578</DangKyId>
  </XinGiay_CNSV>
  <XinGiay_CNSV>
    <DangKyId>9579</DangKyId>
  </XinGiay_CNSV>
  <XinGiay_CNSV>
    <DangKyId>9580</DangKyId>
  </XinGiay_CNSV>
  <XinGiay_CNSV>
    <DangKyId>9581</DangKyId>
  </XinGiay_CNSV>
  <XinGiay_CNSV>
    <DangKyId>9583</DangKyId>
  </XinGiay_CNSV>
  <XinGiay_CNSV>
    <DangKyId>9590</DangKyId>
  </XinGiay_CNSV>
  <XinGiay_CNSV>
    <DangKyId>9593</DangKyId>
  </XinGiay_CNSV>
  <XinGiay_CNSV>
    <DangKyId>9596</DangKyId>
  </XinGiay_CNSV>
  <XinGiay_CNSV>
    <DangKyId>9597</DangKyId>
  </XinGiay_CNSV>
  <XinGiay_CNSV>
    <DangKyId>9603</DangKyId>
  </XinGiay_CNSV>
  <XinGiay_CNSV>
    <DangKyId>9605</DangKyId>
  </XinGiay_CNSV>
  <XinGiay_CNSV>
    <DangKyId>9606</DangKyId>
  </XinGiay_CNSV>
  <XinGiay_CNSV>
    <DangKyId>9608</DangKyId>
  </XinGiay_CNSV>
  <XinGiay_CNSV>
    <DangKyId>9609</DangKyId>
  </XinGiay_CNSV>
  <XinGiay_CNSV>
    <DangKyId>9612</DangKyId>
  </XinGiay_CNSV>
  <XinGiay_CNSV>
    <DangKyId>9614</DangKyId>
  </XinGiay_CNSV>
  <XinGiay_CNSV>
    <DangKyId>9615</DangKyId>
  </XinGiay_CNSV>
  <XinGiay_CNSV>
    <DangKyId>9617</DangKyId>
  </XinGiay_CNSV>
  <XinGiay_CNSV>
    <DangKyId>9618</DangKyId>
  </XinGiay_CNSV>
  <XinGiay_CNSV>
    <DangKyId>9619</DangKyId>
  </XinGiay_CNSV>
  <XinGiay_CNSV>
    <DangKyId>9622</DangKyId>
  </XinGiay_CNSV>
  <XinGiay_CNSV>
    <DangKyId>9623</DangKyId>
  </XinGiay_CNSV>
  <XinGiay_CNSV>
    <DangKyId>9626</DangKyId>
  </XinGiay_CNSV>
  <XinGiay_CNSV>
    <DangKyId>9631</DangKyId>
  </XinGiay_CNSV>
  <XinGiay_CNSV>
    <DangKyId>9632</DangKyId>
  </XinGiay_CNSV>
  <XinGiay_CNSV>
    <DangKyId>9633</DangKyId>
  </XinGiay_CNSV>
  <XinGiay_CNSV>
    <DangKyId>9635</DangKyId>
  </XinGiay_CNSV>
  <XinGiay_CNSV>
    <DangKyId>9641</DangKyId>
  </XinGiay_CNSV>
  <XinGiay_CNSV>
    <DangKyId>9642</DangKyId>
  </XinGiay_CNSV>
  <XinGiay_CNSV>
    <DangKyId>9647</DangKyId>
  </XinGiay_CNSV>
  <XinGiay_CNSV>
    <DangKyId>9650</DangKyId>
  </XinGiay_CNSV>
  <XinGiay_CNSV>
    <DangKyId>9651</DangKyId>
  </XinGiay_CNSV>
  <XinGiay_CNSV>
    <DangKyId>9652</DangKyId>
  </XinGiay_CNSV>
  <XinGiay_CNSV>
    <DangKyId>9653</DangKyId>
  </XinGiay_CNSV>
  <XinGiay_CNSV>
    <DangKyId>9655</DangKyId>
  </XinGiay_CNSV>
  <XinGiay_CNSV>
    <DangKyId>9656</DangKyId>
  </XinGiay_CNSV>
  <XinGiay_CNSV>
    <DangKyId>9659</DangKyId>
  </XinGiay_CNSV>
  <XinGiay_CNSV>
    <DangKyId>9664</DangKyId>
  </XinGiay_CNSV>
  <XinGiay_CNSV>
    <DangKyId>9667</DangKyId>
  </XinGiay_CNSV>
  <XinGiay_CNSV>
    <DangKyId>9671</DangKyId>
  </XinGiay_CNSV>
  <XinGiay_CNSV>
    <DangKyId>9674</DangKyId>
  </XinGiay_CNSV>
  <XinGiay_CNSV>
    <DangKyId>9675</DangKyId>
  </XinGiay_CNSV>
  <XinGiay_CNSV>
    <DangKyId>9676</DangKyId>
  </XinGiay_CNSV>
  <XinGiay_CNSV>
    <DangKyId>9679</DangKyId>
  </XinGiay_CNSV>
  <XinGiay_CNSV>
    <DangKyId>9683</DangKyId>
  </XinGiay_CNSV>
</data>