﻿<?xml version="1.0" encoding="utf-8"?>
<data>
  <XinGiay_DangKy>
    <Id>1210</Id>
    <So>348</So>
    <MaPC>CNSV</MaPC>
    <SinhVienId>1209</SinhVienId>
    <ThoiDiem>2018-05-03T16:43:38.2305574</ThoiDiem>
    <MaXL>Qua</MaXL>
    <HanCuoi>2018-06-03T00:00:00</HanCuoi>
  </XinGiay_DangKy>
  <XinGiay_DangKy>
    <Id>2189</Id>
    <So>259</So>
    <MaPC>BD</MaPC>
    <SinhVienId>1808</SinhVienId>
    <ThoiDiem>2018-07-23T12:00:36.5721888</ThoiDiem>
    <MaXL>Qua</MaXL>
    <HanCuoi>2018-08-23T00:00:00</HanCuoi>
  </XinGiay_DangKy>
  <XinGiay_DangKy>
    <Id>4906</Id>
    <So>231</So>
    <MaPC>CNSV</MaPC>
    <SinhVienId>1529</SinhVienId>
    <ThoiDiem>2017-12-04T10:08:39.1158089</ThoiDiem>
    <MaXL>Qua</MaXL>
    <HanCuoi>2017-12-19T00:00:00</HanCuoi>
  </XinGiay_DangKy>
  <XinGiay_DangKy>
    <Id>5490</Id>
    <MaPC>BD</MaPC>
    <SinhVienId>1965</SinhVienId>
    <ThoiDiem>2017-08-25T08:21:32.6365364</ThoiDiem>
    <MaXL>sai</MaXL>
  </XinGiay_DangKy>
  <XinGiay_DangKy>
    <Id>5544</Id>
    <MaPC>BD</MaPC>
    <SinhVienId>1991</SinhVienId>
    <ThoiDiem>2017-08-25T16:42:16.2145052</ThoiDiem>
    <MaXL>sai</MaXL>
    <HanCuoi>2017-11-25T00:00:00</HanCuoi>
  </XinGiay_DangKy>
  <XinGiay_DangKy>
    <Id>5705</Id>
    <So>145</So>
    <MaPC>BD</MaPC>
    <SinhVienId>535</SinhVienId>
    <ThoiDiem>2018-04-20T08:53:12.5033342</ThoiDiem>
    <MaXL>Qua</MaXL>
    <HanCuoi>2018-05-23T00:00:00</HanCuoi>
  </XinGiay_DangKy>
  <XinGiay_DangKy>
    <Id>7206</Id>
    <So>181</So>
    <MaPC>BD</MaPC>
    <SinhVienId>1015</SinhVienId>
    <ThoiDiem>2018-06-08T14:55:08.3257957</ThoiDiem>
    <MaXL>Qua</MaXL>
    <HanCuoi>2018-07-11T00:00:00</HanCuoi>
  </XinGiay_DangKy>
  <XinGiay_DangKy>
    <Id>7414</Id>
    <So>320</So>
    <MaPC>CNSV</MaPC>
    <SinhVienId>1893</SinhVienId>
    <ThoiDiem>2018-03-21T15:02:17.5141195</ThoiDiem>
    <MaXL>Qua</MaXL>
    <HanCuoi>2018-04-06T00:00:00</HanCuoi>
  </XinGiay_DangKy>
  <XinGiay_DangKy>
    <Id>7545</Id>
    <So>30</So>
    <MaPC>CNSV</MaPC>
    <SinhVienId>4571</SinhVienId>
    <ThoiDiem>2017-10-19T07:10:21.6916604</ThoiDiem>
    <MaXL>Qua</MaXL>
    <HanCuoi>2017-11-09T00:00:00</HanCuoi>
  </XinGiay_DangKy>
  <XinGiay_DangKy>
    <Id>7557</Id>
    <So>353</So>
    <MaPC>CNSV</MaPC>
    <SinhVienId>4806</SinhVienId>
    <ThoiDiem>2017-10-19T12:22:36.0141655</ThoiDiem>
    <MaXL>Qua</MaXL>
    <HanCuoi>2017-11-08T00:00:00</HanCuoi>
  </XinGiay_DangKy>
  <XinGiay_DangKy>
    <Id>7624</Id>
    <So>354</So>
    <MaPC>CNSV</MaPC>
    <SinhVienId>1441</SinhVienId>
    <ThoiDiem>2017-10-19T14:44:35.8443298</ThoiDiem>
    <MaXL>Qua</MaXL>
    <HanCuoi>2017-11-09T00:00:00</HanCuoi>
  </XinGiay_DangKy>
  <XinGiay_DangKy>
    <Id>7649</Id>
    <So>12</So>
    <MaPC>GTR</MaPC>
    <SinhVienId>3016</SinhVienId>
    <ThoiDiem>2017-10-19T15:32:39.4937947</ThoiDiem>
    <MaXL>Qua</MaXL>
    <HanCuoi>2017-11-23T00:00:00</HanCuoi>
  </XinGiay_DangKy>
  <XinGiay_DangKy>
    <Id>7655</Id>
    <So>357</So>
    <MaPC>CNSV</MaPC>
    <SinhVienId>5833</SinhVienId>
    <ThoiDiem>2017-10-19T19:09:15.4242208</ThoiDiem>
    <MaXL>Qua</MaXL>
    <HanCuoi>2017-11-08T00:00:00</HanCuoi>
  </XinGiay_DangKy>
  <XinGiay_DangKy>
    <Id>7668</Id>
    <So>360</So>
    <MaPC>CNSV</MaPC>
    <SinhVienId>3042</SinhVienId>
    <ThoiDiem>2017-10-20T00:45:01.2528051</ThoiDiem>
    <MaXL>Qua</MaXL>
    <HanCuoi>2017-11-08T00:00:00</HanCuoi>
  </XinGiay_DangKy>
  <XinGiay_DangKy>
    <Id>7677</Id>
    <So>361</So>
    <MaPC>CNSV</MaPC>
    <SinhVienId>1123</SinhVienId>
    <ThoiDiem>2017-10-20T01:04:04.6100133</ThoiDiem>
    <MaXL>Qua</MaXL>
    <HanCuoi>2017-11-08T00:00:00</HanCuoi>
  </XinGiay_DangKy>
  <XinGiay_DangKy>
    <Id>7679</Id>
    <So>362</So>
    <MaPC>CNSV</MaPC>
    <SinhVienId>2089</SinhVienId>
    <ThoiDiem>2017-10-20T08:36:14.1964639</ThoiDiem>
    <MaXL>Qua</MaXL>
    <HanCuoi>2017-11-08T00:00:00</HanCuoi>
  </XinGiay_DangKy>
  <XinGiay_DangKy>
    <Id>7684</Id>
    <So>363</So>
    <MaPC>CNSV</MaPC>
    <SinhVienId>1083</SinhVienId>
    <ThoiDiem>2017-10-20T09:15:26.3997953</ThoiDiem>
    <MaXL>Qua</MaXL>
    <HanCuoi>2017-11-08T00:00:00</HanCuoi>
  </XinGiay_DangKy>
  <XinGiay_DangKy>
    <Id>7688</Id>
    <So>4</So>
    <MaPC>CNSV</MaPC>
    <SinhVienId>2228</SinhVienId>
    <ThoiDiem>2017-10-24T21:59:03.6140833</ThoiDiem>
    <MaXL>Qua</MaXL>
    <HanCuoi>2017-11-09T00:00:00</HanCuoi>
  </XinGiay_DangKy>
  <XinGiay_DangKy>
    <Id>7692</Id>
    <So>26</So>
    <MaPC>CNSV</MaPC>
    <SinhVienId>2045</SinhVienId>
    <ThoiDiem>2017-10-25T09:15:41.2969894</ThoiDiem>
    <MaXL>Qua</MaXL>
    <HanCuoi>2017-11-09T00:00:00</HanCuoi>
  </XinGiay_DangKy>
  <XinGiay_DangKy>
    <Id>7695</Id>
    <So>244</So>
    <MaPC>BD</MaPC>
    <SinhVienId>1187</SinhVienId>
    <ThoiDiem>2018-07-17T10:33:07.4573227</ThoiDiem>
    <MaXL>Qua</MaXL>
    <HanCuoi>2018-08-23T00:00:00</HanCuoi>
  </XinGiay_DangKy>
  <XinGiay_DangKy>
    <Id>7697</Id>
    <So>4</So>
    <MaPC>GT</MaPC>
    <SinhVienId>485</SinhVienId>
    <ThoiDiem>2017-10-25T10:05:00.0761862</ThoiDiem>
    <MaXL>Qua</MaXL>
    <HanCuoi>2017-11-24T00:00:00</HanCuoi>
  </XinGiay_DangKy>
  <XinGiay_DangKy>
    <Id>7701</Id>
    <So>55</So>
    <MaPC>CNSV</MaPC>
    <SinhVienId>1397</SinhVienId>
    <ThoiDiem>2017-10-26T10:23:18.2742686</ThoiDiem>
    <MaXL>Qua</MaXL>
    <HanCuoi>2017-11-10T00:00:00</HanCuoi>
  </XinGiay_DangKy>
  <XinGiay_DangKy>
    <Id>7702</Id>
    <So>5</So>
    <MaPC>BD</MaPC>
    <SinhVienId>1397</SinhVienId>
    <ThoiDiem>2017-10-25T10:46:48.8881927</ThoiDiem>
    <MaXL>Qua</MaXL>
    <HanCuoi>2017-11-24T00:00:00</HanCuoi>
  </XinGiay_DangKy>
  <XinGiay_DangKy>
    <Id>7703</Id>
    <So>257</So>
    <MaPC>BD</MaPC>
    <SinhVienId>1293</SinhVienId>
    <ThoiDiem>2018-07-22T11:43:37.4975202</ThoiDiem>
    <MaXL>Qua</MaXL>
    <HanCuoi>2018-08-23T00:00:00</HanCuoi>
  </XinGiay_DangKy>
  <XinGiay_DangKy>
    <Id>7706</Id>
    <So>20</So>
    <MaPC>CNSV</MaPC>
    <SinhVienId>4984</SinhVienId>
    <ThoiDiem>2017-10-25T11:17:49.2694603</ThoiDiem>
    <MaXL>Qua</MaXL>
    <HanCuoi>2017-11-10T00:00:00</HanCuoi>
  </XinGiay_DangKy>
  <XinGiay_DangKy>
    <Id>7708</Id>
    <So>21</So>
    <MaPC>CNSV</MaPC>
    <SinhVienId>1197</SinhVienId>
    <ThoiDiem>2017-10-25T12:18:13.2338254</ThoiDiem>
    <MaXL>Qua</MaXL>
    <HanCuoi>2017-11-09T00:00:00</HanCuoi>
  </XinGiay_DangKy>
  <XinGiay_DangKy>
    <Id>7711</Id>
    <So>23</So>
    <MaPC>CNSV</MaPC>
    <SinhVienId>164</SinhVienId>
    <ThoiDiem>2017-10-25T13:47:46.6164633</ThoiDiem>
    <MaXL>Qua</MaXL>
    <HanCuoi>2017-11-09T00:00:00</HanCuoi>
  </XinGiay_DangKy>
  <XinGiay_DangKy>
    <Id>7712</Id>
    <So>24</So>
    <MaPC>CNSV</MaPC>
    <SinhVienId>1984</SinhVienId>
    <ThoiDiem>2017-10-25T14:09:59.295604</ThoiDiem>
    <MaXL>Qua</MaXL>
    <HanCuoi>2017-11-09T00:00:00</HanCuoi>
  </XinGiay_DangKy>
  <XinGiay_DangKy>
    <Id>7713</Id>
    <So>25</So>
    <MaPC>CNSV</MaPC>
    <SinhVienId>4977</SinhVienId>
    <ThoiDiem>2017-10-25T14:26:41.893765</ThoiDiem>
    <MaXL>Qua</MaXL>
    <HanCuoi>2017-11-09T00:00:00</HanCuoi>
  </XinGiay_DangKy>
  <XinGiay_DangKy>
    <Id>7715</Id>
    <So>31</So>
    <MaPC>CNSV</MaPC>
    <SinhVienId>284</SinhVienId>
    <ThoiDiem>2017-10-25T15:07:48.2424969</ThoiDiem>
    <MaXL>Qua</MaXL>
    <HanCuoi>2017-11-09T00:00:00</HanCuoi>
  </XinGiay_DangKy>
  <XinGiay_DangKy>
    <Id>7718</Id>
    <So>54</So>
    <MaPC>CNSV</MaPC>
    <SinhVienId>1522</SinhVienId>
    <ThoiDiem>2017-10-26T10:10:24.8717102</ThoiDiem>
    <MaXL>Qua</MaXL>
    <HanCuoi>2017-11-10T00:00:00</HanCuoi>
  </XinGiay_DangKy>
  <XinGiay_DangKy>
    <Id>7724</Id>
    <So>47</So>
    <MaPC>CNSV</MaPC>
    <SinhVienId>1098</SinhVienId>
    <ThoiDiem>2017-10-25T20:05:31.9742729</ThoiDiem>
    <MaXL>Qua</MaXL>
    <HanCuoi>2017-11-10T00:00:00</HanCuoi>
  </XinGiay_DangKy>
  <XinGiay_DangKy>
    <Id>7727</Id>
    <So>40</So>
    <MaPC>CNSV</MaPC>
    <SinhVienId>1875</SinhVienId>
    <ThoiDiem>2017-10-25T21:25:34.5675082</ThoiDiem>
    <MaXL>Qua</MaXL>
    <HanCuoi>2017-11-10T00:00:00</HanCuoi>
  </XinGiay_DangKy>
  <XinGiay_DangKy>
    <Id>7728</Id>
    <So>41</So>
    <MaPC>CNSV</MaPC>
    <SinhVienId>2353</SinhVienId>
    <ThoiDiem>2017-10-25T21:49:44.558855</ThoiDiem>
    <MaXL>Qua</MaXL>
    <HanCuoi>2017-11-14T00:00:00</HanCuoi>
  </XinGiay_DangKy>
  <XinGiay_DangKy>
    <Id>7732</Id>
    <So>52</So>
    <MaPC>CNSV</MaPC>
    <SinhVienId>5137</SinhVienId>
    <ThoiDiem>2017-10-26T09:59:56.0190057</ThoiDiem>
    <MaXL>Qua</MaXL>
    <HanCuoi>2017-11-10T00:00:00</HanCuoi>
  </XinGiay_DangKy>
  <XinGiay_DangKy>
    <Id>7735</Id>
    <So>63</So>
    <MaPC>CNSV</MaPC>
    <SinhVienId>1421</SinhVienId>
    <ThoiDiem>2017-10-26T13:50:27.7676999</ThoiDiem>
    <MaXL>Qua</MaXL>
    <HanCuoi>2017-11-11T00:00:00</HanCuoi>
  </XinGiay_DangKy>
  <XinGiay_DangKy>
    <Id>7742</Id>
    <So>84</So>
    <MaPC>CNSV</MaPC>
    <SinhVienId>3316</SinhVienId>
    <ThoiDiem>2017-10-27T15:03:32.4235547</ThoiDiem>
    <MaXL>Qua</MaXL>
    <HanCuoi>2017-11-14T00:00:00</HanCuoi>
  </XinGiay_DangKy>
  <XinGiay_DangKy>
    <Id>7749</Id>
    <So>78</So>
    <MaPC>CNSV</MaPC>
    <SinhVienId>180</SinhVienId>
    <ThoiDiem>2017-10-30T02:16:19.575163</ThoiDiem>
    <MaXL>Qua</MaXL>
    <HanCuoi>2017-11-14T00:00:00</HanCuoi>
  </XinGiay_DangKy>
  <XinGiay_DangKy>
    <Id>7752</Id>
    <So>96</So>
    <MaPC>CNSV</MaPC>
    <SinhVienId>3620</SinhVienId>
    <ThoiDiem>2017-10-31T15:39:22.3999453</ThoiDiem>
    <MaXL>Qua</MaXL>
    <HanCuoi>2017-11-16T00:00:00</HanCuoi>
  </XinGiay_DangKy>
  <XinGiay_DangKy>
    <Id>7753</Id>
    <So>82</So>
    <MaPC>CNSV</MaPC>
    <SinhVienId>2905</SinhVienId>
    <ThoiDiem>2017-10-30T11:11:53.4632032</ThoiDiem>
    <MaXL>Qua</MaXL>
    <HanCuoi>2017-11-14T00:00:00</HanCuoi>
  </XinGiay_DangKy>
  <XinGiay_DangKy>
    <Id>7754</Id>
    <So>88</So>
    <MaPC>CNSV</MaPC>
    <SinhVienId>1400</SinhVienId>
    <ThoiDiem>2017-10-30T21:15:23.2328023</ThoiDiem>
    <MaXL>Qua</MaXL>
    <HanCuoi>2017-11-15T00:00:00</HanCuoi>
  </XinGiay_DangKy>
  <XinGiay_DangKy>
    <Id>7757</Id>
    <So>86</So>
    <MaPC>CNSV</MaPC>
    <SinhVienId>2797</SinhVienId>
    <ThoiDiem>2017-10-30T20:39:42.1758418</ThoiDiem>
    <MaXL>Qua</MaXL>
    <HanCuoi>2017-11-15T00:00:00</HanCuoi>
  </XinGiay_DangKy>
  <XinGiay_DangKy>
    <Id>7765</Id>
    <So>90</So>
    <MaPC>CNSV</MaPC>
    <SinhVienId>3681</SinhVienId>
    <ThoiDiem>2017-10-31T08:45:11.9618978</ThoiDiem>
    <MaXL>Qua</MaXL>
    <HanCuoi>2017-11-15T00:00:00</HanCuoi>
  </XinGiay_DangKy>
  <XinGiay_DangKy>
    <Id>7775</Id>
    <So>19</So>
    <MaPC>BD</MaPC>
    <SinhVienId>1212</SinhVienId>
    <ThoiDiem>2017-10-31T20:21:08.321239</ThoiDiem>
    <MaXL>Qua</MaXL>
    <HanCuoi>2017-12-02T00:00:00</HanCuoi>
  </XinGiay_DangKy>
  <XinGiay_DangKy>
    <Id>7776</Id>
    <So>99</So>
    <MaPC>CNSV</MaPC>
    <SinhVienId>578</SinhVienId>
    <ThoiDiem>2017-10-31T22:31:03.8421311</ThoiDiem>
    <MaXL>Qua</MaXL>
    <HanCuoi>2017-11-16T00:00:00</HanCuoi>
  </XinGiay_DangKy>
  <XinGiay_DangKy>
    <Id>7777</Id>
    <So>115</So>
    <MaPC>CNSV</MaPC>
    <SinhVienId>1348</SinhVienId>
    <ThoiDiem>2017-11-03T07:29:34.6091891</ThoiDiem>
    <MaXL>Qua</MaXL>
    <HanCuoi>2017-11-18T00:00:00</HanCuoi>
  </XinGiay_DangKy>
  <XinGiay_DangKy>
    <Id>7780</Id>
    <So>101</So>
    <MaPC>CNSV</MaPC>
    <SinhVienId>2357</SinhVienId>
    <ThoiDiem>2017-11-01T09:31:31.5153334</ThoiDiem>
    <MaXL>Qua</MaXL>
    <HanCuoi>2017-11-16T00:00:00</HanCuoi>
  </XinGiay_DangKy>
  <XinGiay_DangKy>
    <Id>7785</Id>
    <So>111</So>
    <MaPC>CNSV</MaPC>
    <SinhVienId>1383</SinhVienId>
    <ThoiDiem>2017-11-02T15:20:38.0806777</ThoiDiem>
    <MaXL>Qua</MaXL>
    <HanCuoi>2017-11-18T00:00:00</HanCuoi>
  </XinGiay_DangKy>
  <XinGiay_DangKy>
    <Id>7790</Id>
    <So>3</So>
    <MaPC>GTR</MaPC>
    <SinhVienId>601</SinhVienId>
    <ThoiDiem>2017-11-01T20:15:26.1999916</ThoiDiem>
    <MaXL>Qua</MaXL>
    <HanCuoi>2017-12-02T00:00:00</HanCuoi>
  </XinGiay_DangKy>
  <XinGiay_DangKy>
    <Id>7792</Id>
    <So>108</So>
    <MaPC>CNSV</MaPC>
    <SinhVienId>1054</SinhVienId>
    <ThoiDiem>2017-11-01T22:00:43.9146881</ThoiDiem>
    <MaXL>Qua</MaXL>
    <HanCuoi>2017-11-17T00:00:00</HanCuoi>
  </XinGiay_DangKy>
  <XinGiay_DangKy>
    <Id>7793</Id>
    <So>228</So>
    <MaPC>BD</MaPC>
    <SinhVienId>489</SinhVienId>
    <ThoiDiem>2018-07-07T08:53:44.3032626</ThoiDiem>
    <MaXL>Qua</MaXL>
    <HanCuoi>2018-08-09T00:00:00</HanCuoi>
  </XinGiay_DangKy>
  <XinGiay_DangKy>
    <Id>7799</Id>
    <So>112</So>
    <MaPC>CNSV</MaPC>
    <SinhVienId>1513</SinhVienId>
    <ThoiDiem>2017-11-02T16:28:38.5330446</ThoiDiem>
    <MaXL>Qua</MaXL>
    <HanCuoi>2017-11-18T00:00:00</HanCuoi>
  </XinGiay_DangKy>
  <XinGiay_DangKy>
    <Id>7808</Id>
    <So>118</So>
    <MaPC>CNSV</MaPC>
    <SinhVienId>1179</SinhVienId>
    <ThoiDiem>2017-11-04T16:25:39.4974373</ThoiDiem>
    <MaXL>Qua</MaXL>
    <HanCuoi>2017-11-21T00:00:00</HanCuoi>
  </XinGiay_DangKy>
  <XinGiay_DangKy>
    <Id>7809</Id>
    <So>117</So>
    <MaPC>CNSV</MaPC>
    <SinhVienId>1298</SinhVienId>
    <ThoiDiem>2017-11-03T16:28:44.9164094</ThoiDiem>
    <MaXL>Qua</MaXL>
    <HanCuoi>2017-11-21T00:00:00</HanCuoi>
  </XinGiay_DangKy>
  <XinGiay_DangKy>
    <Id>7811</Id>
    <So>27</So>
    <MaPC>BD</MaPC>
    <SinhVienId>2913</SinhVienId>
    <ThoiDiem>2017-11-04T13:30:54.8126219</ThoiDiem>
    <MaXL>Qua</MaXL>
    <HanCuoi>2017-12-07T00:00:00</HanCuoi>
  </XinGiay_DangKy>
  <XinGiay_DangKy>
    <Id>7812</Id>
    <So>165</So>
    <MaPC>CNSV</MaPC>
    <SinhVienId>4785</SinhVienId>
    <ThoiDiem>2017-11-11T02:09:21.124271</ThoiDiem>
    <MaXL>Qua</MaXL>
    <HanCuoi>2017-11-28T00:00:00</HanCuoi>
  </XinGiay_DangKy>
  <XinGiay_DangKy>
    <Id>7821</Id>
    <So>8</So>
    <MaPC>GT</MaPC>
    <SinhVienId>590</SinhVienId>
    <ThoiDiem>2017-11-06T16:52:24.4809635</ThoiDiem>
    <MaXL>Qua</MaXL>
    <HanCuoi>2018-01-06T00:00:00</HanCuoi>
  </XinGiay_DangKy>
  <XinGiay_DangKy>
    <Id>7822</Id>
    <MaPC>CNSV</MaPC>
    <SinhVienId>1361</SinhVienId>
    <ThoiDiem>2017-11-06T18:01:58.7830952</ThoiDiem>
    <MaXL>Sai</MaXL>
    <HanCuoi>2017-11-24T00:00:00</HanCuoi>
  </XinGiay_DangKy>
  <XinGiay_DangKy>
    <Id>7833</Id>
    <So>130</So>
    <MaPC>CNSV</MaPC>
    <SinhVienId>1237</SinhVienId>
    <ThoiDiem>2017-11-07T14:28:46.9351811</ThoiDiem>
    <MaXL>Qua</MaXL>
    <HanCuoi>2017-11-22T00:00:00</HanCuoi>
  </XinGiay_DangKy>
  <XinGiay_DangKy>
    <Id>7842</Id>
    <So>175</So>
    <MaPC>CNSV</MaPC>
    <SinhVienId>3260</SinhVienId>
    <ThoiDiem>2017-11-13T07:25:20.8680161</ThoiDiem>
    <MaXL>Qua</MaXL>
    <HanCuoi>2017-11-28T00:00:00</HanCuoi>
  </XinGiay_DangKy>
  <XinGiay_DangKy>
    <Id>7846</Id>
    <So>33</So>
    <MaPC>BD</MaPC>
    <SinhVienId>2129</SinhVienId>
    <ThoiDiem>2017-11-08T16:27:25.4802378</ThoiDiem>
    <MaXL>Qua</MaXL>
    <HanCuoi>2017-12-09T00:00:00</HanCuoi>
  </XinGiay_DangKy>
  <XinGiay_DangKy>
    <Id>7849</Id>
    <So>407</So>
    <MaPC>CNSV</MaPC>
    <SinhVienId>646</SinhVienId>
    <ThoiDiem>2018-06-17T08:00:04.7639036</ThoiDiem>
    <MaXL>Qua</MaXL>
    <HanCuoi>2018-07-18T00:00:00</HanCuoi>
  </XinGiay_DangKy>
  <XinGiay_DangKy>
    <Id>7865</Id>
    <So>39</So>
    <MaPC>BD</MaPC>
    <SinhVienId>2182</SinhVienId>
    <ThoiDiem>2017-11-09T14:18:34.2032121</ThoiDiem>
    <MaXL>Qua</MaXL>
    <HanCuoi>2017-12-10T00:00:00</HanCuoi>
  </XinGiay_DangKy>
  <XinGiay_DangKy>
    <Id>7877</Id>
    <So>182</So>
    <MaPC>CNSV</MaPC>
    <SinhVienId>1091</SinhVienId>
    <ThoiDiem>2017-11-13T16:33:19.9849652</ThoiDiem>
    <MaXL>Qua</MaXL>
    <HanCuoi>2017-11-29T00:00:00</HanCuoi>
  </XinGiay_DangKy>
  <XinGiay_DangKy>
    <Id>7879</Id>
    <So>164</So>
    <MaPC>CNSV</MaPC>
    <SinhVienId>3372</SinhVienId>
    <ThoiDiem>2017-11-10T17:11:19.5507714</ThoiDiem>
    <MaXL>Qua</MaXL>
    <HanCuoi>2017-11-28T00:00:00</HanCuoi>
  </XinGiay_DangKy>
  <XinGiay_DangKy>
    <Id>7932</Id>
    <MaPC>CNSV</MaPC>
    <SinhVienId>1509</SinhVienId>
    <ThoiDiem>2017-11-13T21:43:04.5004072</ThoiDiem>
    <MaXL>Sai</MaXL>
    <HanCuoi>2017-11-29T00:00:00</HanCuoi>
  </XinGiay_DangKy>
  <XinGiay_DangKy>
    <Id>8001</Id>
    <So>208</So>
    <MaPC>CNSV</MaPC>
    <SinhVienId>1414</SinhVienId>
    <ThoiDiem>2017-11-17T15:56:21.7352834</ThoiDiem>
    <MaXL>Qua</MaXL>
    <HanCuoi>2017-12-02T00:00:00</HanCuoi>
  </XinGiay_DangKy>
  <XinGiay_DangKy>
    <Id>8005</Id>
    <So>42</So>
    <MaPC>BD</MaPC>
    <SinhVienId>1241</SinhVienId>
    <ThoiDiem>2017-11-16T18:56:09.213677</ThoiDiem>
    <MaXL>Qua</MaXL>
    <HanCuoi>2017-12-20T00:00:00</HanCuoi>
  </XinGiay_DangKy>
  <XinGiay_DangKy>
    <Id>8019</Id>
    <So>243</So>
    <MaPC>CNSV</MaPC>
    <SinhVienId>3168</SinhVienId>
    <ThoiDiem>2017-12-12T21:54:37.097201</ThoiDiem>
    <MaXL>Qua</MaXL>
    <HanCuoi>2017-12-28T00:00:00</HanCuoi>
  </XinGiay_DangKy>
  <XinGiay_DangKy>
    <Id>8028</Id>
    <MaPC>CNSV</MaPC>
    <SinhVienId>3390</SinhVienId>
    <ThoiDiem>2017-11-20T08:12:31.5603526</ThoiDiem>
    <MaXL>Sai</MaXL>
    <HanCuoi>2017-12-05T00:00:00</HanCuoi>
  </XinGiay_DangKy>
  <XinGiay_DangKy>
    <Id>8077</Id>
    <So>394</So>
    <MaPC>CNSV</MaPC>
    <SinhVienId>311</SinhVienId>
    <ThoiDiem>2018-06-10T21:45:25.2061401</ThoiDiem>
    <MaXL>Qua</MaXL>
    <HanCuoi>2018-07-11T00:00:00</HanCuoi>
  </XinGiay_DangKy>
  <XinGiay_DangKy>
    <Id>8108</Id>
    <So>237</So>
    <MaPC>CNSV</MaPC>
    <SinhVienId>1268</SinhVienId>
    <ThoiDiem>2017-12-07T23:36:41.3763466</ThoiDiem>
    <MaXL>Qua</MaXL>
    <HanCuoi>2017-12-23T00:00:00</HanCuoi>
  </XinGiay_DangKy>
  <XinGiay_DangKy>
    <Id>8111</Id>
    <MaPC>GTR</MaPC>
    <SinhVienId>1394</SinhVienId>
    <ThoiDiem>2017-12-04T13:10:38.0227113</ThoiDiem>
    <MaXL>Sai</MaXL>
    <HanCuoi>2018-04-13T00:00:00</HanCuoi>
  </XinGiay_DangKy>
  <XinGiay_DangKy>
    <Id>8152</Id>
    <So>238</So>
    <MaPC>CNSV</MaPC>
    <SinhVienId>675</SinhVienId>
    <ThoiDiem>2017-12-08T14:06:13.6901502</ThoiDiem>
    <MaXL>Qua</MaXL>
    <HanCuoi>2017-12-27T00:00:00</HanCuoi>
  </XinGiay_DangKy>
  <XinGiay_DangKy>
    <Id>8161</Id>
    <So>239</So>
    <MaPC>CNSV</MaPC>
    <SinhVienId>1404</SinhVienId>
    <ThoiDiem>2017-12-10T18:18:44.3518034</ThoiDiem>
    <MaXL>Qua</MaXL>
    <HanCuoi>2017-12-27T00:00:00</HanCuoi>
  </XinGiay_DangKy>
  <XinGiay_DangKy>
    <Id>8183</Id>
    <MaPC>CNSV</MaPC>
    <SinhVienId>707</SinhVienId>
    <ThoiDiem>2017-12-12T19:44:42.8166769</ThoiDiem>
    <MaXL>Sai</MaXL>
    <HanCuoi>2017-12-28T00:00:00</HanCuoi>
  </XinGiay_DangKy>
  <XinGiay_DangKy>
    <Id>8187</Id>
    <So>246</So>
    <MaPC>CNSV</MaPC>
    <SinhVienId>3775</SinhVienId>
    <ThoiDiem>2017-12-14T10:12:28.8426206</ThoiDiem>
    <MaXL>Qua</MaXL>
    <HanCuoi>2017-12-30T00:00:00</HanCuoi>
  </XinGiay_DangKy>
  <XinGiay_DangKy>
    <Id>8204</Id>
    <So>54</So>
    <MaPC>BD</MaPC>
    <SinhVienId>1325</SinhVienId>
    <ThoiDiem>2017-12-13T19:30:14.318147</ThoiDiem>
    <MaXL>Qua</MaXL>
    <HanCuoi>2018-01-13T00:00:00</HanCuoi>
  </XinGiay_DangKy>
  <XinGiay_DangKy>
    <Id>8207</Id>
    <So>196</So>
    <MaPC>BD</MaPC>
    <SinhVienId>1110</SinhVienId>
    <ThoiDiem>2018-06-19T06:30:58.4390696</ThoiDiem>
    <MaXL>Qua</MaXL>
    <HanCuoi>2018-07-19T00:00:00</HanCuoi>
  </XinGiay_DangKy>
  <XinGiay_DangKy>
    <Id>8375</Id>
    <So>322</So>
    <MaPC>CNSV</MaPC>
    <SinhVienId>5105</SinhVienId>
    <ThoiDiem>2018-04-14T18:40:54.6586705</ThoiDiem>
    <MaXL>Qua</MaXL>
    <HanCuoi>2018-05-16T00:00:00</HanCuoi>
  </XinGiay_DangKy>
  <XinGiay_DangKy>
    <Id>8399</Id>
    <So>263</So>
    <MaPC>BD</MaPC>
    <SinhVienId>1225</SinhVienId>
    <ThoiDiem>2018-07-26T01:57:05.3606479</ThoiDiem>
    <MaXL>Qua</MaXL>
    <HanCuoi>2018-08-25T00:00:00</HanCuoi>
  </XinGiay_DangKy>
  <XinGiay_DangKy>
    <Id>8405</Id>
    <So>272</So>
    <MaPC>CNSV</MaPC>
    <SinhVienId>3218</SinhVienId>
    <ThoiDiem>2018-01-10T11:53:25.8197912</ThoiDiem>
    <MaXL>Qua</MaXL>
    <HanCuoi>2018-01-30T00:00:00</HanCuoi>
  </XinGiay_DangKy>
  <XinGiay_DangKy>
    <Id>8410</Id>
    <MaPC>CNSV</MaPC>
    <SinhVienId>3399</SinhVienId>
    <ThoiDiem>2018-01-13T11:14:45.9488277</ThoiDiem>
    <MaXL>Sai</MaXL>
    <HanCuoi>2018-01-30T00:00:00</HanCuoi>
  </XinGiay_DangKy>
  <XinGiay_DangKy>
    <Id>8424</Id>
    <So>273</So>
    <MaPC>CNSV</MaPC>
    <SinhVienId>2618</SinhVienId>
    <ThoiDiem>2018-01-15T09:58:11.6946584</ThoiDiem>
    <MaXL>Qua</MaXL>
    <HanCuoi>2018-01-30T00:00:00</HanCuoi>
  </XinGiay_DangKy>
  <XinGiay_DangKy>
    <Id>8429</Id>
    <So>280</So>
    <MaPC>CNSV</MaPC>
    <SinhVienId>1287</SinhVienId>
    <ThoiDiem>2018-01-16T10:09:59.3371724</ThoiDiem>
    <MaXL>Qua</MaXL>
    <HanCuoi>2018-02-01T00:00:00</HanCuoi>
  </XinGiay_DangKy>
  <XinGiay_DangKy>
    <Id>8439</Id>
    <So>77</So>
    <MaPC>BD</MaPC>
    <SinhVienId>1463</SinhVienId>
    <ThoiDiem>2018-01-18T16:10:21.6861508</ThoiDiem>
    <MaXL>Qua</MaXL>
    <HanCuoi>2018-02-21T00:00:00</HanCuoi>
  </XinGiay_DangKy>
  <XinGiay_DangKy>
    <Id>8482</Id>
    <So>291</So>
    <MaPC>CNSV</MaPC>
    <SinhVienId>2326</SinhVienId>
    <ThoiDiem>2018-01-30T06:26:30.3326518</ThoiDiem>
    <MaXL>Qua</MaXL>
    <HanCuoi>2018-02-16T00:00:00</HanCuoi>
  </XinGiay_DangKy>
  <XinGiay_DangKy>
    <Id>8505</Id>
    <So>296</So>
    <MaPC>CNSV</MaPC>
    <SinhVienId>315</SinhVienId>
    <ThoiDiem>2018-02-06T20:57:25.6296776</ThoiDiem>
    <MaXL>Qua</MaXL>
    <HanCuoi>2018-02-22T00:00:00</HanCuoi>
  </XinGiay_DangKy>
  <XinGiay_DangKy>
    <Id>8509</Id>
    <So>82</So>
    <MaPC>BD</MaPC>
    <SinhVienId>1370</SinhVienId>
    <ThoiDiem>2018-02-08T17:20:12.8902294</ThoiDiem>
    <MaXL>Qua</MaXL>
    <HanCuoi>2018-03-28T00:00:00</HanCuoi>
  </XinGiay_DangKy>
  <XinGiay_DangKy>
    <Id>8527</Id>
    <So>273</So>
    <MaPC>BD</MaPC>
    <SinhVienId>1100</SinhVienId>
    <ThoiDiem>2018-08-10T16:31:40.9243762</ThoiDiem>
    <MaXL>Qua</MaXL>
    <HanCuoi>2018-09-12T00:00:00</HanCuoi>
  </XinGiay_DangKy>
  <XinGiay_DangKy>
    <Id>8538</Id>
    <So>299</So>
    <MaPC>CNSV</MaPC>
    <SinhVienId>1110</SinhVienId>
    <ThoiDiem>2018-02-20T22:57:55.4048264</ThoiDiem>
    <MaXL>Qua</MaXL>
    <HanCuoi>2018-03-13T00:00:00</HanCuoi>
  </XinGiay_DangKy>
  <XinGiay_DangKy>
    <Id>8546</Id>
    <So>88</So>
    <MaPC>BD</MaPC>
    <SinhVienId>1584</SinhVienId>
    <ThoiDiem>2018-02-21T16:39:09.4741295</ThoiDiem>
    <MaXL>Qua</MaXL>
    <HanCuoi>2018-03-29T00:00:00</HanCuoi>
  </XinGiay_DangKy>
  <XinGiay_DangKy>
    <Id>8574</Id>
    <MaPC>GTR</MaPC>
    <SinhVienId>1449</SinhVienId>
    <ThoiDiem>2018-02-27T15:19:42.2646048</ThoiDiem>
    <MaXL>Sai</MaXL>
    <HanCuoi>2018-04-01T00:00:00</HanCuoi>
  </XinGiay_DangKy>
  <XinGiay_DangKy>
    <Id>8576</Id>
    <So>304</So>
    <MaPC>CNSV</MaPC>
    <SinhVienId>4871</SinhVienId>
    <ThoiDiem>2018-02-27T18:33:41.3850618</ThoiDiem>
    <MaXL>Qua</MaXL>
    <HanCuoi>2018-03-15T00:00:00</HanCuoi>
  </XinGiay_DangKy>
  <XinGiay_DangKy>
    <Id>8578</Id>
    <So>306</So>
    <MaPC>CNSV</MaPC>
    <SinhVienId>3645</SinhVienId>
    <ThoiDiem>2018-02-28T10:21:26.5800469</ThoiDiem>
    <MaXL>Qua</MaXL>
    <HanCuoi>2018-03-16T00:00:00</HanCuoi>
  </XinGiay_DangKy>
  <XinGiay_DangKy>
    <Id>8587</Id>
    <So>95</So>
    <MaPC>BD</MaPC>
    <SinhVienId>2901</SinhVienId>
    <ThoiDiem>2018-03-01T10:11:05.1512671</ThoiDiem>
    <MaXL>Qua</MaXL>
    <HanCuoi>2018-04-04T00:00:00</HanCuoi>
  </XinGiay_DangKy>
  <XinGiay_DangKy>
    <Id>8593</Id>
    <So>309</So>
    <MaPC>CNSV</MaPC>
    <SinhVienId>1129</SinhVienId>
    <ThoiDiem>2018-03-01T16:18:14.0500076</ThoiDiem>
    <MaXL>Qua</MaXL>
    <HanCuoi>2018-03-16T00:00:00</HanCuoi>
  </XinGiay_DangKy>
  <XinGiay_DangKy>
    <Id>8598</Id>
    <So>15</So>
    <MaPC>GT</MaPC>
    <SinhVienId>1449</SinhVienId>
    <ThoiDiem>2018-03-03T13:13:31.5602949</ThoiDiem>
    <MaXL>Qua</MaXL>
    <HanCuoi>2018-04-05T00:00:00</HanCuoi>
  </XinGiay_DangKy>
  <XinGiay_DangKy>
    <Id>8600</Id>
    <So>16</So>
    <MaPC>GT</MaPC>
    <SinhVienId>1411</SinhVienId>
    <ThoiDiem>2018-03-04T17:38:02.1848835</ThoiDiem>
    <MaXL>Qua</MaXL>
    <HanCuoi>2018-04-05T00:00:00</HanCuoi>
  </XinGiay_DangKy>
  <XinGiay_DangKy>
    <Id>8610</Id>
    <So>111</So>
    <MaPC>BD</MaPC>
    <SinhVienId>1812</SinhVienId>
    <ThoiDiem>2018-03-06T01:03:35.7234206</ThoiDiem>
    <MaXL>Qua</MaXL>
    <HanCuoi>2018-04-05T00:00:00</HanCuoi>
  </XinGiay_DangKy>
  <XinGiay_DangKy>
    <Id>8617</Id>
    <So>315</So>
    <MaPC>CNSV</MaPC>
    <SinhVienId>3326</SinhVienId>
    <ThoiDiem>2018-03-07T22:19:55.7664523</ThoiDiem>
    <MaXL>Qua</MaXL>
    <HanCuoi>2018-03-23T00:00:00</HanCuoi>
  </XinGiay_DangKy>
  <XinGiay_DangKy>
    <Id>8618</Id>
    <So>114</So>
    <MaPC>BD</MaPC>
    <SinhVienId>1306</SinhVienId>
    <ThoiDiem>2018-03-09T10:04:18.5896074</ThoiDiem>
    <MaXL>Qua</MaXL>
    <HanCuoi>2018-04-11T00:00:00</HanCuoi>
  </XinGiay_DangKy>
  <XinGiay_DangKy>
    <Id>8619</Id>
    <So>214</So>
    <MaPC>BD</MaPC>
    <SinhVienId>1288</SinhVienId>
    <ThoiDiem>2018-06-26T08:21:23.4878652</ThoiDiem>
    <MaXL>Qua</MaXL>
    <HanCuoi>2018-07-29T00:00:00</HanCuoi>
  </XinGiay_DangKy>
  <XinGiay_DangKy>
    <Id>8623</Id>
    <MaPC>CNSV</MaPC>
    <SinhVienId>1032</SinhVienId>
    <ThoiDiem>2018-03-14T09:05:14.6970577</ThoiDiem>
    <MaXL>Sai</MaXL>
    <HanCuoi>2018-03-29T00:00:00</HanCuoi>
  </XinGiay_DangKy>
  <XinGiay_DangKy>
    <Id>8632</Id>
    <So>123</So>
    <MaPC>BD</MaPC>
    <SinhVienId>154</SinhVienId>
    <ThoiDiem>2018-03-12T20:32:01.339756</ThoiDiem>
    <MaXL>Qua</MaXL>
    <HanCuoi>2018-04-13T00:00:00</HanCuoi>
  </XinGiay_DangKy>
  <XinGiay_DangKy>
    <Id>8647</Id>
    <MaPC>CNSV</MaPC>
    <SinhVienId>4898</SinhVienId>
    <ThoiDiem>2018-03-17T21:57:59.7465139</ThoiDiem>
    <MaXL>Sai</MaXL>
    <HanCuoi>2018-04-04T00:00:00</HanCuoi>
  </XinGiay_DangKy>
  <XinGiay_DangKy>
    <Id>8658</Id>
    <So>322</So>
    <MaPC>CNSV</MaPC>
    <SinhVienId>109</SinhVienId>
    <ThoiDiem>2018-03-26T00:01:57.5822308</ThoiDiem>
    <MaXL>Qua</MaXL>
    <HanCuoi>2018-04-10T00:00:00</HanCuoi>
  </XinGiay_DangKy>
  <XinGiay_DangKy>
    <Id>8659</Id>
    <So>138</So>
    <MaPC>BD</MaPC>
    <SinhVienId>109</SinhVienId>
    <ThoiDiem>2018-03-26T00:02:47.7051188</ThoiDiem>
    <MaXL>Qua</MaXL>
    <HanCuoi>2018-05-02T00:00:00</HanCuoi>
  </XinGiay_DangKy>
  <XinGiay_DangKy>
    <Id>8665</Id>
    <So>329</So>
    <MaPC>CNSV</MaPC>
    <SinhVienId>3383</SinhVienId>
    <ThoiDiem>2018-03-28T10:20:39.9552829</ThoiDiem>
    <MaXL>Qua</MaXL>
    <HanCuoi>2018-04-12T00:00:00</HanCuoi>
  </XinGiay_DangKy>
  <XinGiay_DangKy>
    <Id>8672</Id>
    <MaPC>CNSV</MaPC>
    <SinhVienId>3192</SinhVienId>
    <ThoiDiem>2018-03-29T15:04:42.870284</ThoiDiem>
    <MaXL>Sai</MaXL>
    <HanCuoi>2018-04-13T00:00:00</HanCuoi>
  </XinGiay_DangKy>
  <XinGiay_DangKy>
    <Id>8675</Id>
    <So>336</So>
    <MaPC>CNSV</MaPC>
    <SinhVienId>326</SinhVienId>
    <ThoiDiem>2018-04-01T09:15:37.9391569</ThoiDiem>
    <MaXL>Qua</MaXL>
    <HanCuoi>2018-04-17T00:00:00</HanCuoi>
  </XinGiay_DangKy>
  <XinGiay_DangKy>
    <Id>8679</Id>
    <So>241</So>
    <MaPC>BD</MaPC>
    <SinhVienId>1387</SinhVienId>
    <ThoiDiem>2018-07-15T13:59:42.750462</ThoiDiem>
    <MaXL>Qua</MaXL>
    <HanCuoi>2018-08-23T00:00:00</HanCuoi>
  </XinGiay_DangKy>
  <XinGiay_DangKy>
    <Id>8684</Id>
    <MaPC>CNSV</MaPC>
    <SinhVienId>3176</SinhVienId>
    <ThoiDiem>2018-04-03T17:24:26.7333228</ThoiDiem>
    <MaXL>Sai</MaXL>
    <HanCuoi>2018-04-20T00:00:00</HanCuoi>
  </XinGiay_DangKy>
  <XinGiay_DangKy>
    <Id>8689</Id>
    <So>340</So>
    <MaPC>CNSV</MaPC>
    <SinhVienId>3459</SinhVienId>
    <ThoiDiem>2018-04-05T14:49:48.985882</ThoiDiem>
    <MaXL>Qua</MaXL>
    <HanCuoi>2018-04-20T00:00:00</HanCuoi>
  </XinGiay_DangKy>
  <XinGiay_DangKy>
    <Id>8693</Id>
    <So>235</So>
    <MaPC>BD</MaPC>
    <SinhVienId>1214</SinhVienId>
    <ThoiDiem>2018-07-10T22:04:27.9883796</ThoiDiem>
    <MaXL>Qua</MaXL>
    <HanCuoi>2018-08-23T00:00:00</HanCuoi>
  </XinGiay_DangKy>
  <XinGiay_DangKy>
    <Id>8698</Id>
    <So>125</So>
    <MaPC>BD</MaPC>
    <SinhVienId>1826</SinhVienId>
    <ThoiDiem>2018-04-09T21:13:44.1870876</ThoiDiem>
    <MaXL>Qua</MaXL>
    <HanCuoi>2018-05-12T00:00:00</HanCuoi>
  </XinGiay_DangKy>
  <XinGiay_DangKy>
    <Id>8704</Id>
    <So>247</So>
    <MaPC>BD</MaPC>
    <SinhVienId>3207</SinhVienId>
    <ThoiDiem>2018-07-18T05:33:37.6171139</ThoiDiem>
    <MaXL>Qua</MaXL>
    <HanCuoi>2018-08-23T00:00:00</HanCuoi>
  </XinGiay_DangKy>
  <XinGiay_DangKy>
    <Id>8707</Id>
    <So>321</So>
    <MaPC>CNSV</MaPC>
    <SinhVienId>2105</SinhVienId>
    <ThoiDiem>2018-04-13T14:01:11.5569023</ThoiDiem>
    <MaXL>Qua</MaXL>
    <HanCuoi>2018-05-13T00:00:00</HanCuoi>
  </XinGiay_DangKy>
  <XinGiay_DangKy>
    <Id>8708</Id>
    <So>9</So>
    <MaPC>GTR</MaPC>
    <SinhVienId>1515</SinhVienId>
    <ThoiDiem>2018-04-12T16:15:44.1267966</ThoiDiem>
    <MaXL>Qua</MaXL>
    <HanCuoi>2018-04-28T00:00:00</HanCuoi>
  </XinGiay_DangKy>
  <XinGiay_DangKy>
    <Id>8710</Id>
    <So>134</So>
    <MaPC>BD</MaPC>
    <SinhVienId>1337</SinhVienId>
    <ThoiDiem>2018-04-13T10:03:13.7601981</ThoiDiem>
    <MaXL>Qua</MaXL>
    <HanCuoi>2018-05-16T00:00:00</HanCuoi>
  </XinGiay_DangKy>
  <XinGiay_DangKy>
    <Id>8713</Id>
    <So>326</So>
    <MaPC>CNSV</MaPC>
    <SinhVienId>686</SinhVienId>
    <ThoiDiem>2018-04-16T15:26:20.3774251</ThoiDiem>
    <MaXL>Qua</MaXL>
    <HanCuoi>2018-05-16T00:00:00</HanCuoi>
  </XinGiay_DangKy>
  <XinGiay_DangKy>
    <Id>8720</Id>
    <So>146</So>
    <MaPC>BD</MaPC>
    <SinhVienId>1438</SinhVienId>
    <ThoiDiem>2018-04-20T14:50:36.3231083</ThoiDiem>
    <MaXL>Qua</MaXL>
    <HanCuoi>2018-05-23T00:00:00</HanCuoi>
  </XinGiay_DangKy>
  <XinGiay_DangKy>
    <Id>8722</Id>
    <So>417</So>
    <MaPC>CNSV</MaPC>
    <SinhVienId>366</SinhVienId>
    <ThoiDiem>2018-06-19T17:26:05.6351762</ThoiDiem>
    <MaXL>Qua</MaXL>
    <HanCuoi>2018-07-20T00:00:00</HanCuoi>
  </XinGiay_DangKy>
  <XinGiay_DangKy>
    <Id>8726</Id>
    <So>147</So>
    <MaPC>BD</MaPC>
    <SinhVienId>1311</SinhVienId>
    <ThoiDiem>2018-04-21T17:48:20.9972056</ThoiDiem>
    <MaXL>Qua</MaXL>
    <HanCuoi>2018-05-23T00:00:00</HanCuoi>
  </XinGiay_DangKy>
  <XinGiay_DangKy>
    <Id>8727</Id>
    <So>150</So>
    <MaPC>BD</MaPC>
    <SinhVienId>276</SinhVienId>
    <ThoiDiem>2018-04-23T16:52:16.230477</ThoiDiem>
    <MaXL>Qua</MaXL>
    <HanCuoi>2018-05-24T00:00:00</HanCuoi>
  </XinGiay_DangKy>
  <XinGiay_DangKy>
    <Id>8729</Id>
    <So>151</So>
    <MaPC>BD</MaPC>
    <SinhVienId>1505</SinhVienId>
    <ThoiDiem>2018-04-23T23:03:44.8878515</ThoiDiem>
    <MaXL>Qua</MaXL>
    <HanCuoi>2018-05-24T00:00:00</HanCuoi>
  </XinGiay_DangKy>
  <XinGiay_DangKy>
    <Id>8730</Id>
    <So>148</So>
    <MaPC>BD</MaPC>
    <SinhVienId>1201</SinhVienId>
    <ThoiDiem>2018-04-23T23:08:58.8016034</ThoiDiem>
    <MaXL>Qua</MaXL>
    <HanCuoi>2018-05-24T00:00:00</HanCuoi>
  </XinGiay_DangKy>
  <XinGiay_DangKy>
    <Id>8734</Id>
    <So>154</So>
    <MaPC>BD</MaPC>
    <SinhVienId>5833</SinhVienId>
    <ThoiDiem>2018-04-25T08:20:40.1791153</ThoiDiem>
    <MaXL>Qua</MaXL>
    <HanCuoi>2018-05-26T00:00:00</HanCuoi>
  </XinGiay_DangKy>
  <XinGiay_DangKy>
    <Id>8736</Id>
    <So>156</So>
    <MaPC>BD</MaPC>
    <SinhVienId>1875</SinhVienId>
    <ThoiDiem>2018-04-27T21:20:24.7663553</ThoiDiem>
    <MaXL>Qua</MaXL>
    <HanCuoi>2018-06-01T00:00:00</HanCuoi>
  </XinGiay_DangKy>
  <XinGiay_DangKy>
    <Id>8738</Id>
    <So>157</So>
    <MaPC>BD</MaPC>
    <SinhVienId>3248</SinhVienId>
    <ThoiDiem>2018-05-02T09:12:16.0369482</ThoiDiem>
    <MaXL>Qua</MaXL>
    <HanCuoi>2018-06-01T00:00:00</HanCuoi>
  </XinGiay_DangKy>
  <XinGiay_DangKy>
    <Id>8748</Id>
    <So>282</So>
    <MaPC>BD</MaPC>
    <SinhVienId>184</SinhVienId>
    <ThoiDiem>2018-08-17T10:33:47.7722538</ThoiDiem>
    <MaXL>Nhan</MaXL>
    <HanCuoi>2018-09-27T00:00:00</HanCuoi>
  </XinGiay_DangKy>
  <XinGiay_DangKy>
    <Id>8761</Id>
    <So>165</So>
    <MaPC>BD</MaPC>
    <SinhVienId>2713</SinhVienId>
    <ThoiDiem>2018-05-09T22:01:13.0352588</ThoiDiem>
    <MaXL>Qua</MaXL>
    <HanCuoi>2018-06-10T00:00:00</HanCuoi>
  </XinGiay_DangKy>
  <XinGiay_DangKy>
    <Id>8763</Id>
    <So>11</So>
    <MaPC>GTR</MaPC>
    <SinhVienId>349</SinhVienId>
    <ThoiDiem>2018-05-10T14:54:41.7704637</ThoiDiem>
    <MaXL>Qua</MaXL>
    <HanCuoi>2018-05-26T00:00:00</HanCuoi>
  </XinGiay_DangKy>
  <XinGiay_DangKy>
    <Id>8767</Id>
    <So>365</So>
    <MaPC>CNSV</MaPC>
    <SinhVienId>3429</SinhVienId>
    <ThoiDiem>2018-05-14T01:10:01.4432523</ThoiDiem>
    <MaXL>Qua</MaXL>
    <HanCuoi>2018-06-15T00:00:00</HanCuoi>
  </XinGiay_DangKy>
  <XinGiay_DangKy>
    <Id>8770</Id>
    <So>167</So>
    <MaPC>BD</MaPC>
    <SinhVienId>562</SinhVienId>
    <ThoiDiem>2018-05-14T12:46:06.8662094</ThoiDiem>
    <MaXL>Qua</MaXL>
    <HanCuoi>2018-06-16T00:00:00</HanCuoi>
  </XinGiay_DangKy>
  <XinGiay_DangKy>
    <Id>8771</Id>
    <So>366</So>
    <MaPC>CNSV</MaPC>
    <SinhVienId>3297</SinhVienId>
    <ThoiDiem>2018-05-14T20:03:06.3782615</ThoiDiem>
    <MaXL>Qua</MaXL>
    <HanCuoi>2018-06-15T00:00:00</HanCuoi>
  </XinGiay_DangKy>
  <XinGiay_DangKy>
    <Id>8775</Id>
    <So>368</So>
    <MaPC>CNSV</MaPC>
    <SinhVienId>3250</SinhVienId>
    <ThoiDiem>2018-05-17T00:26:54.88957</ThoiDiem>
    <MaXL>Qua</MaXL>
    <HanCuoi>2018-06-16T00:00:00</HanCuoi>
  </XinGiay_DangKy>
  <XinGiay_DangKy>
    <Id>8776</Id>
    <So>12</So>
    <MaPC>GTR</MaPC>
    <SinhVienId>610</SinhVienId>
    <ThoiDiem>2018-05-17T09:00:48.7805269</ThoiDiem>
    <MaXL>Qua</MaXL>
    <HanCuoi>2018-06-01T00:00:00</HanCuoi>
  </XinGiay_DangKy>
  <XinGiay_DangKy>
    <Id>8777</Id>
    <So>369</So>
    <MaPC>CNSV</MaPC>
    <SinhVienId>1817</SinhVienId>
    <ThoiDiem>2018-05-17T12:16:29.0335475</ThoiDiem>
    <MaXL>Qua</MaXL>
    <HanCuoi>2018-06-16T00:00:00</HanCuoi>
  </XinGiay_DangKy>
  <XinGiay_DangKy>
    <Id>8778</Id>
    <MaPC>CNSV</MaPC>
    <SinhVienId>5063</SinhVienId>
    <ThoiDiem>2018-05-17T15:31:37.0413116</ThoiDiem>
    <MaXL>Sai</MaXL>
    <HanCuoi>2018-06-17T00:00:00</HanCuoi>
  </XinGiay_DangKy>
  <XinGiay_DangKy>
    <Id>8783</Id>
    <So>372</So>
    <MaPC>CNSV</MaPC>
    <SinhVienId>1102</SinhVienId>
    <ThoiDiem>2018-05-18T15:11:06.2489034</ThoiDiem>
    <MaXL>Qua</MaXL>
    <HanCuoi>2018-06-20T00:00:00</HanCuoi>
  </XinGiay_DangKy>
  <XinGiay_DangKy>
    <Id>8785</Id>
    <MaPC>CNSV</MaPC>
    <SinhVienId>4945</SinhVienId>
    <ThoiDiem>2018-05-18T21:44:19.1375421</ThoiDiem>
    <MaXL>Sai</MaXL>
    <HanCuoi>2018-06-20T00:00:00</HanCuoi>
  </XinGiay_DangKy>
  <XinGiay_DangKy>
    <Id>8786</Id>
    <MaPC>BD</MaPC>
    <SinhVienId>4945</SinhVienId>
    <ThoiDiem>2018-05-18T21:44:43.0679841</ThoiDiem>
    <MaXL>Sai</MaXL>
    <HanCuoi>2018-06-20T00:00:00</HanCuoi>
  </XinGiay_DangKy>
  <XinGiay_DangKy>
    <Id>8787</Id>
    <MaPC>CNSV</MaPC>
    <SinhVienId>4979</SinhVienId>
    <ThoiDiem>2018-05-19T19:25:44.637892</ThoiDiem>
    <MaXL>Sai</MaXL>
    <HanCuoi>2018-06-20T00:00:00</HanCuoi>
  </XinGiay_DangKy>
  <XinGiay_DangKy>
    <Id>8789</Id>
    <So>170</So>
    <MaPC>BD</MaPC>
    <SinhVienId>1369</SinhVienId>
    <ThoiDiem>2018-05-20T16:55:06.4685709</ThoiDiem>
    <MaXL>Qua</MaXL>
    <HanCuoi>2018-06-20T00:00:00</HanCuoi>
  </XinGiay_DangKy>
  <XinGiay_DangKy>
    <Id>8794</Id>
    <MaPC>BD</MaPC>
    <SinhVienId>4912</SinhVienId>
    <ThoiDiem>2018-05-21T01:08:35.8326727</ThoiDiem>
    <MaXL>Sai</MaXL>
    <HanCuoi>2018-06-20T00:00:00</HanCuoi>
  </XinGiay_DangKy>
  <XinGiay_DangKy>
    <Id>8796</Id>
    <So>172</So>
    <MaPC>BD</MaPC>
    <SinhVienId>1425</SinhVienId>
    <ThoiDiem>2018-05-21T13:16:57.14103</ThoiDiem>
    <MaXL>Qua</MaXL>
    <HanCuoi>2018-06-23T00:00:00</HanCuoi>
  </XinGiay_DangKy>
  <XinGiay_DangKy>
    <Id>8802</Id>
    <So>173</So>
    <MaPC>BD</MaPC>
    <SinhVienId>1314</SinhVienId>
    <ThoiDiem>2018-05-22T09:22:22.9708636</ThoiDiem>
    <MaXL>Qua</MaXL>
    <HanCuoi>2018-06-23T00:00:00</HanCuoi>
  </XinGiay_DangKy>
  <XinGiay_DangKy>
    <Id>8806</Id>
    <So>381</So>
    <MaPC>CNSV</MaPC>
    <SinhVienId>560</SinhVienId>
    <ThoiDiem>2018-05-26T17:36:14.6419232</ThoiDiem>
    <MaXL>Qua</MaXL>
    <HanCuoi>2018-07-08T00:00:00</HanCuoi>
  </XinGiay_DangKy>
  <XinGiay_DangKy>
    <Id>8808</Id>
    <So>180</So>
    <MaPC>BD</MaPC>
    <SinhVienId>1350</SinhVienId>
    <ThoiDiem>2018-05-23T14:33:30.6062051</ThoiDiem>
    <MaXL>Qua</MaXL>
    <HanCuoi>2018-07-01T00:00:00</HanCuoi>
  </XinGiay_DangKy>
  <XinGiay_DangKy>
    <Id>8809</Id>
    <MaPC>CNSV</MaPC>
    <SinhVienId>331</SinhVienId>
    <ThoiDiem>2018-05-23T15:42:15.7682506</ThoiDiem>
    <MaXL>Sai</MaXL>
    <HanCuoi>2018-06-23T00:00:00</HanCuoi>
  </XinGiay_DangKy>
  <XinGiay_DangKy>
    <Id>8810</Id>
    <So>379</So>
    <MaPC>CNSV</MaPC>
    <SinhVienId>1375</SinhVienId>
    <ThoiDiem>2018-05-28T08:16:18.0855502</ThoiDiem>
    <MaXL>Qua</MaXL>
    <HanCuoi>2018-06-27T00:00:00</HanCuoi>
  </XinGiay_DangKy>
  <XinGiay_DangKy>
    <Id>8812</Id>
    <So>378</So>
    <MaPC>CNSV</MaPC>
    <SinhVienId>1465</SinhVienId>
    <ThoiDiem>2018-05-24T17:24:03.9931327</ThoiDiem>
    <MaXL>Qua</MaXL>
    <HanCuoi>2018-06-27T00:00:00</HanCuoi>
  </XinGiay_DangKy>
  <XinGiay_DangKy>
    <Id>8813</Id>
    <So>380</So>
    <MaPC>CNSV</MaPC>
    <SinhVienId>1331</SinhVienId>
    <ThoiDiem>2018-05-28T10:33:57.1768565</ThoiDiem>
    <MaXL>Qua</MaXL>
    <HanCuoi>2018-06-27T00:00:00</HanCuoi>
  </XinGiay_DangKy>
  <XinGiay_DangKy>
    <Id>8823</Id>
    <So>382</So>
    <MaPC>CNSV</MaPC>
    <SinhVienId>753</SinhVienId>
    <ThoiDiem>2018-05-28T08:28:27.6676316</ThoiDiem>
    <MaXL>Qua</MaXL>
    <HanCuoi>2018-06-27T00:00:00</HanCuoi>
  </XinGiay_DangKy>
  <XinGiay_DangKy>
    <Id>8827</Id>
    <MaPC>BD</MaPC>
    <SinhVienId>5148</SinhVienId>
    <ThoiDiem>2018-05-31T10:13:30.633563</ThoiDiem>
    <MaXL>Sai</MaXL>
    <HanCuoi>2018-07-06T00:00:00</HanCuoi>
  </XinGiay_DangKy>
  <XinGiay_DangKy>
    <Id>8829</Id>
    <So>385</So>
    <MaPC>CNSV</MaPC>
    <SinhVienId>336</SinhVienId>
    <ThoiDiem>2018-05-31T22:46:49.0297497</ThoiDiem>
    <MaXL>Qua</MaXL>
    <HanCuoi>2018-07-01T00:00:00</HanCuoi>
  </XinGiay_DangKy>
  <XinGiay_DangKy>
    <Id>8831</Id>
    <MaPC>BD</MaPC>
    <SinhVienId>5003</SinhVienId>
    <ThoiDiem>2018-06-02T15:43:09.009409</ThoiDiem>
    <MaXL>Sai</MaXL>
    <HanCuoi>2018-07-06T00:00:00</HanCuoi>
  </XinGiay_DangKy>
  <XinGiay_DangKy>
    <Id>8833</Id>
    <So>386</So>
    <MaPC>CNSV</MaPC>
    <SinhVienId>465</SinhVienId>
    <ThoiDiem>2018-06-04T03:42:52.4931353</ThoiDiem>
    <MaXL>Qua</MaXL>
    <HanCuoi>2018-07-05T00:00:00</HanCuoi>
  </XinGiay_DangKy>
  <XinGiay_DangKy>
    <Id>8835</Id>
    <So>387</So>
    <MaPC>CNSV</MaPC>
    <SinhVienId>5030</SinhVienId>
    <ThoiDiem>2018-06-05T08:28:37.4410023</ThoiDiem>
    <MaXL>Qua</MaXL>
    <HanCuoi>2018-07-05T00:00:00</HanCuoi>
  </XinGiay_DangKy>
  <XinGiay_DangKy>
    <Id>8843</Id>
    <So>395</So>
    <MaPC>CNSV</MaPC>
    <SinhVienId>4853</SinhVienId>
    <ThoiDiem>2018-06-08T15:30:33.267928</ThoiDiem>
    <MaXL>Qua</MaXL>
    <HanCuoi>2018-07-11T00:00:00</HanCuoi>
  </XinGiay_DangKy>
  <XinGiay_DangKy>
    <Id>8848</Id>
    <So>183</So>
    <MaPC>BD</MaPC>
    <SinhVienId>4950</SinhVienId>
    <ThoiDiem>2018-06-09T20:02:52.0687792</ThoiDiem>
    <MaXL>Qua</MaXL>
    <HanCuoi>2018-07-11T00:00:00</HanCuoi>
  </XinGiay_DangKy>
  <XinGiay_DangKy>
    <Id>8858</Id>
    <So>185</So>
    <MaPC>BD</MaPC>
    <SinhVienId>4970</SinhVienId>
    <ThoiDiem>2018-06-09T22:58:11.2452551</ThoiDiem>
    <MaXL>Qua</MaXL>
    <HanCuoi>2018-07-11T00:00:00</HanCuoi>
  </XinGiay_DangKy>
  <XinGiay_DangKy>
    <Id>8860</Id>
    <So>186</So>
    <MaPC>BD</MaPC>
    <SinhVienId>3637</SinhVienId>
    <ThoiDiem>2018-06-10T09:06:42.095383</ThoiDiem>
    <MaXL>Qua</MaXL>
    <HanCuoi>2018-07-11T00:00:00</HanCuoi>
  </XinGiay_DangKy>
  <XinGiay_DangKy>
    <Id>8867</Id>
    <So>392</So>
    <MaPC>CNSV</MaPC>
    <SinhVienId>5081</SinhVienId>
    <ThoiDiem>2018-06-10T15:34:35.8074611</ThoiDiem>
    <MaXL>Qua</MaXL>
    <HanCuoi>2018-07-11T00:00:00</HanCuoi>
  </XinGiay_DangKy>
  <XinGiay_DangKy>
    <Id>8876</Id>
    <So>187</So>
    <MaPC>BD</MaPC>
    <SinhVienId>4927</SinhVienId>
    <ThoiDiem>2018-06-10T16:15:56.7422187</ThoiDiem>
    <MaXL>Qua</MaXL>
    <HanCuoi>2018-07-11T00:00:00</HanCuoi>
  </XinGiay_DangKy>
  <XinGiay_DangKy>
    <Id>8878</Id>
    <So>393</So>
    <MaPC>CNSV</MaPC>
    <SinhVienId>4927</SinhVienId>
    <ThoiDiem>2018-06-10T16:16:23.2154652</ThoiDiem>
    <MaXL>Qua</MaXL>
    <HanCuoi>2018-07-11T00:00:00</HanCuoi>
  </XinGiay_DangKy>
  <XinGiay_DangKy>
    <Id>8884</Id>
    <So>188</So>
    <MaPC>BD</MaPC>
    <SinhVienId>5184</SinhVienId>
    <ThoiDiem>2018-06-10T16:22:19.2236905</ThoiDiem>
    <MaXL>Qua</MaXL>
    <HanCuoi>2018-07-11T00:00:00</HanCuoi>
  </XinGiay_DangKy>
  <XinGiay_DangKy>
    <Id>8888</Id>
    <So>189</So>
    <MaPC>BD</MaPC>
    <SinhVienId>5017</SinhVienId>
    <ThoiDiem>2018-06-10T16:24:36.3479313</ThoiDiem>
    <MaXL>Qua</MaXL>
    <HanCuoi>2018-07-11T00:00:00</HanCuoi>
  </XinGiay_DangKy>
  <XinGiay_DangKy>
    <Id>8891</Id>
    <So>190</So>
    <MaPC>BD</MaPC>
    <SinhVienId>3711</SinhVienId>
    <ThoiDiem>2018-06-10T17:36:17.7590863</ThoiDiem>
    <MaXL>Qua</MaXL>
    <HanCuoi>2018-07-12T00:00:00</HanCuoi>
  </XinGiay_DangKy>
  <XinGiay_DangKy>
    <Id>8894</Id>
    <So>191</So>
    <MaPC>BD</MaPC>
    <SinhVienId>5037</SinhVienId>
    <ThoiDiem>2018-06-10T17:50:54.6990266</ThoiDiem>
    <MaXL>Qua</MaXL>
    <HanCuoi>2018-07-11T00:00:00</HanCuoi>
  </XinGiay_DangKy>
  <XinGiay_DangKy>
    <Id>8900</Id>
    <So>402</So>
    <MaPC>CNSV</MaPC>
    <SinhVienId>5110</SinhVienId>
    <ThoiDiem>2018-06-11T12:42:22.9137909</ThoiDiem>
    <MaXL>Qua</MaXL>
    <HanCuoi>2018-07-12T00:00:00</HanCuoi>
  </XinGiay_DangKy>
  <XinGiay_DangKy>
    <Id>8910</Id>
    <MaPC>BD</MaPC>
    <SinhVienId>5179</SinhVienId>
    <ThoiDiem>2018-06-11T20:25:46.7490257</ThoiDiem>
    <MaXL>Sai</MaXL>
    <HanCuoi>2018-07-12T00:00:00</HanCuoi>
  </XinGiay_DangKy>
  <XinGiay_DangKy>
    <Id>8914</Id>
    <MaPC>BD</MaPC>
    <SinhVienId>3153</SinhVienId>
    <ThoiDiem>2018-06-11T23:11:27.679286</ThoiDiem>
    <MaXL>Sai</MaXL>
    <HanCuoi>2018-07-12T00:00:00</HanCuoi>
  </XinGiay_DangKy>
  <XinGiay_DangKy>
    <Id>8918</Id>
    <So>193</So>
    <MaPC>BD</MaPC>
    <SinhVienId>2075</SinhVienId>
    <ThoiDiem>2018-06-13T09:36:55.092553</ThoiDiem>
    <MaXL>Qua</MaXL>
    <HanCuoi>2018-07-19T00:00:00</HanCuoi>
  </XinGiay_DangKy>
  <XinGiay_DangKy>
    <Id>8920</Id>
    <So>405</So>
    <MaPC>CNSV</MaPC>
    <SinhVienId>1168</SinhVienId>
    <ThoiDiem>2018-06-13T10:49:14.9577756</ThoiDiem>
    <MaXL>Qua</MaXL>
    <HanCuoi>2018-07-14T00:00:00</HanCuoi>
  </XinGiay_DangKy>
  <XinGiay_DangKy>
    <Id>8922</Id>
    <So>194</So>
    <MaPC>BD</MaPC>
    <SinhVienId>1559</SinhVienId>
    <ThoiDiem>2018-06-13T12:02:20.6714787</ThoiDiem>
    <MaXL>Qua</MaXL>
    <HanCuoi>2018-07-19T00:00:00</HanCuoi>
  </XinGiay_DangKy>
  <XinGiay_DangKy>
    <Id>8926</Id>
    <So>24</So>
    <MaPC>GT</MaPC>
    <SinhVienId>759</SinhVienId>
    <ThoiDiem>2018-06-14T15:28:25.2756116</ThoiDiem>
    <MaXL>Qua</MaXL>
    <HanCuoi>2018-07-08T00:00:00</HanCuoi>
  </XinGiay_DangKy>
  <XinGiay_DangKy>
    <Id>8928</Id>
    <So>195</So>
    <MaPC>BD</MaPC>
    <SinhVienId>1284</SinhVienId>
    <ThoiDiem>2018-06-15T15:08:47.1902312</ThoiDiem>
    <MaXL>Qua</MaXL>
    <HanCuoi>2018-07-19T00:00:00</HanCuoi>
  </XinGiay_DangKy>
  <XinGiay_DangKy>
    <Id>8930</Id>
    <So>408</So>
    <MaPC>CNSV</MaPC>
    <SinhVienId>679</SinhVienId>
    <ThoiDiem>2018-06-17T13:42:22.2188217</ThoiDiem>
    <MaXL>Qua</MaXL>
    <HanCuoi>2018-07-18T00:00:00</HanCuoi>
  </XinGiay_DangKy>
  <XinGiay_DangKy>
    <Id>8950</Id>
    <So>419</So>
    <MaPC>CNSV</MaPC>
    <SinhVienId>467</SinhVienId>
    <ThoiDiem>2018-06-19T10:44:11.4317876</ThoiDiem>
    <MaXL>Qua</MaXL>
    <HanCuoi>2018-07-20T00:00:00</HanCuoi>
  </XinGiay_DangKy>
  <XinGiay_DangKy>
    <Id>8953</Id>
    <So>418</So>
    <MaPC>CNSV</MaPC>
    <SinhVienId>366</SinhVienId>
    <ThoiDiem>2018-06-19T17:26:44.5114445</ThoiDiem>
    <MaXL>Qua</MaXL>
    <HanCuoi>2018-07-20T00:00:00</HanCuoi>
  </XinGiay_DangKy>
  <XinGiay_DangKy>
    <Id>8988</Id>
    <So>32</So>
    <MaPC>GT</MaPC>
    <SinhVienId>3198</SinhVienId>
    <ThoiDiem>2018-06-21T16:08:39.1329265</ThoiDiem>
    <MaXL>Qua</MaXL>
    <HanCuoi>2018-07-12T00:00:00</HanCuoi>
  </XinGiay_DangKy>
  <XinGiay_DangKy>
    <Id>9001</Id>
    <So>13</So>
    <MaPC>GTR</MaPC>
    <SinhVienId>3211</SinhVienId>
    <ThoiDiem>2018-06-21T18:36:14.5079167</ThoiDiem>
    <MaXL>Qua</MaXL>
    <HanCuoi>2018-07-12T00:00:00</HanCuoi>
  </XinGiay_DangKy>
  <XinGiay_DangKy>
    <Id>9005</Id>
    <So>14</So>
    <MaPC>GTR</MaPC>
    <SinhVienId>3215</SinhVienId>
    <ThoiDiem>2018-06-21T21:00:29.0239545</ThoiDiem>
    <MaXL>Qua</MaXL>
    <HanCuoi>2018-07-12T00:00:00</HanCuoi>
  </XinGiay_DangKy>
  <XinGiay_DangKy>
    <Id>9019</Id>
    <So>15</So>
    <MaPC>GTR</MaPC>
    <SinhVienId>3308</SinhVienId>
    <ThoiDiem>2018-06-22T00:39:59.8867256</ThoiDiem>
    <MaXL>Qua</MaXL>
    <HanCuoi>2018-07-12T00:00:00</HanCuoi>
  </XinGiay_DangKy>
  <XinGiay_DangKy>
    <Id>9021</Id>
    <So>203</So>
    <MaPC>BD</MaPC>
    <SinhVienId>3308</SinhVienId>
    <ThoiDiem>2018-06-22T00:40:50.6024147</ThoiDiem>
    <MaXL>Qua</MaXL>
    <HanCuoi>2018-07-22T00:00:00</HanCuoi>
  </XinGiay_DangKy>
  <XinGiay_DangKy>
    <Id>9038</Id>
    <So>426</So>
    <MaPC>CNSV</MaPC>
    <SinhVienId>3392</SinhVienId>
    <ThoiDiem>2018-06-22T10:15:01.5937246</ThoiDiem>
    <MaXL>Qua</MaXL>
    <HanCuoi>2018-07-22T00:00:00</HanCuoi>
  </XinGiay_DangKy>
  <XinGiay_DangKy>
    <Id>9040</Id>
    <So>46</So>
    <MaPC>GT</MaPC>
    <SinhVienId>3392</SinhVienId>
    <ThoiDiem>2018-06-22T10:15:21.2653592</ThoiDiem>
    <MaXL>Qua</MaXL>
    <HanCuoi>2018-07-12T00:00:00</HanCuoi>
  </XinGiay_DangKy>
  <XinGiay_DangKy>
    <Id>9072</Id>
    <So>55</So>
    <MaPC>GT</MaPC>
    <SinhVienId>3466</SinhVienId>
    <ThoiDiem>2018-06-22T13:04:16.07276</ThoiDiem>
    <MaXL>Qua</MaXL>
    <HanCuoi>2018-07-12T00:00:00</HanCuoi>
  </XinGiay_DangKy>
  <XinGiay_DangKy>
    <Id>9077</Id>
    <So>57</So>
    <MaPC>GT</MaPC>
    <SinhVienId>3356</SinhVienId>
    <ThoiDiem>2018-06-22T15:32:00.8039301</ThoiDiem>
    <MaXL>Qua</MaXL>
    <HanCuoi>2018-07-12T00:00:00</HanCuoi>
  </XinGiay_DangKy>
  <XinGiay_DangKy>
    <Id>9114</Id>
    <So>207</So>
    <MaPC>BD</MaPC>
    <SinhVienId>3225</SinhVienId>
    <ThoiDiem>2018-06-23T22:49:52.204627</ThoiDiem>
    <MaXL>Qua</MaXL>
    <HanCuoi>2018-07-26T00:00:00</HanCuoi>
  </XinGiay_DangKy>
  <XinGiay_DangKy>
    <Id>9116</Id>
    <So>21</So>
    <MaPC>GTR</MaPC>
    <SinhVienId>3225</SinhVienId>
    <ThoiDiem>2018-06-23T22:51:54.0252409</ThoiDiem>
    <MaXL>Qua</MaXL>
    <HanCuoi>2018-07-16T00:00:00</HanCuoi>
  </XinGiay_DangKy>
  <XinGiay_DangKy>
    <Id>9126</Id>
    <So>208</So>
    <MaPC>BD</MaPC>
    <SinhVienId>1191</SinhVienId>
    <ThoiDiem>2018-06-24T10:24:06.7737894</ThoiDiem>
    <MaXL>Qua</MaXL>
    <HanCuoi>2018-07-26T00:00:00</HanCuoi>
  </XinGiay_DangKy>
  <XinGiay_DangKy>
    <Id>9140</Id>
    <So>23</So>
    <MaPC>GTR</MaPC>
    <SinhVienId>3527</SinhVienId>
    <ThoiDiem>2018-06-24T13:05:18.3227765</ThoiDiem>
    <MaXL>Qua</MaXL>
    <HanCuoi>2018-07-16T00:00:00</HanCuoi>
  </XinGiay_DangKy>
  <XinGiay_DangKy>
    <Id>9143</Id>
    <So>67</So>
    <MaPC>GT</MaPC>
    <SinhVienId>3465</SinhVienId>
    <ThoiDiem>2018-06-24T13:34:41.6562737</ThoiDiem>
    <MaXL>Qua</MaXL>
    <HanCuoi>2018-07-16T00:00:00</HanCuoi>
  </XinGiay_DangKy>
  <XinGiay_DangKy>
    <Id>9145</Id>
    <So>211</So>
    <MaPC>BD</MaPC>
    <SinhVienId>3465</SinhVienId>
    <ThoiDiem>2018-06-24T13:35:22.6687457</ThoiDiem>
    <MaXL>Qua</MaXL>
    <HanCuoi>2018-07-26T00:00:00</HanCuoi>
  </XinGiay_DangKy>
  <XinGiay_DangKy>
    <Id>9151</Id>
    <So>69</So>
    <MaPC>GT</MaPC>
    <SinhVienId>3349</SinhVienId>
    <ThoiDiem>2018-06-24T17:13:32.9793376</ThoiDiem>
    <MaXL>Qua</MaXL>
    <HanCuoi>2018-07-16T00:00:00</HanCuoi>
  </XinGiay_DangKy>
  <XinGiay_DangKy>
    <Id>9153</Id>
    <So>70</So>
    <MaPC>GT</MaPC>
    <SinhVienId>3349</SinhVienId>
    <ThoiDiem>2018-06-24T17:15:03.5686967</ThoiDiem>
    <MaXL>Qua</MaXL>
    <HanCuoi>2018-07-16T00:00:00</HanCuoi>
  </XinGiay_DangKy>
  <XinGiay_DangKy>
    <Id>9170</Id>
    <So>73</So>
    <MaPC>GT</MaPC>
    <SinhVienId>3595</SinhVienId>
    <ThoiDiem>2018-06-25T07:36:39.6717977</ThoiDiem>
    <MaXL>Qua</MaXL>
    <HanCuoi>2018-07-18T00:00:00</HanCuoi>
  </XinGiay_DangKy>
  <XinGiay_DangKy>
    <Id>9196</Id>
    <So>79</So>
    <MaPC>GT</MaPC>
    <SinhVienId>3263</SinhVienId>
    <ThoiDiem>2018-06-26T14:33:03.5554332</ThoiDiem>
    <MaXL>Qua</MaXL>
    <HanCuoi>2018-07-18T00:00:00</HanCuoi>
  </XinGiay_DangKy>
  <XinGiay_DangKy>
    <Id>9227</Id>
    <So>85</So>
    <MaPC>GT</MaPC>
    <SinhVienId>637</SinhVienId>
    <ThoiDiem>2018-06-27T12:05:34.5988444</ThoiDiem>
    <MaXL>Qua</MaXL>
    <HanCuoi>2018-07-18T00:00:00</HanCuoi>
  </XinGiay_DangKy>
  <XinGiay_DangKy>
    <Id>9231</Id>
    <So>216</So>
    <MaPC>BD</MaPC>
    <SinhVienId>460</SinhVienId>
    <ThoiDiem>2018-06-27T18:54:11.5083061</ThoiDiem>
    <MaXL>Qua</MaXL>
    <HanCuoi>2018-07-29T00:00:00</HanCuoi>
  </XinGiay_DangKy>
  <XinGiay_DangKy>
    <Id>9240</Id>
    <So>31</So>
    <MaPC>GTR</MaPC>
    <SinhVienId>1294</SinhVienId>
    <ThoiDiem>2018-06-27T21:25:25.8102442</ThoiDiem>
    <MaXL>Qua</MaXL>
    <HanCuoi>2018-07-18T00:00:00</HanCuoi>
  </XinGiay_DangKy>
  <XinGiay_DangKy>
    <Id>9254</Id>
    <So>218</So>
    <MaPC>BD</MaPC>
    <SinhVienId>1237</SinhVienId>
    <ThoiDiem>2018-06-28T09:20:07.2279615</ThoiDiem>
    <MaXL>Qua</MaXL>
    <HanCuoi>2018-07-29T00:00:00</HanCuoi>
  </XinGiay_DangKy>
  <XinGiay_DangKy>
    <Id>9266</Id>
    <So>220</So>
    <MaPC>BD</MaPC>
    <SinhVienId>3527</SinhVienId>
    <ThoiDiem>2018-06-28T21:29:33.8380335</ThoiDiem>
    <MaXL>Qua</MaXL>
    <HanCuoi>2018-07-29T00:00:00</HanCuoi>
  </XinGiay_DangKy>
  <XinGiay_DangKy>
    <Id>9270</Id>
    <So>104</So>
    <MaPC>GT</MaPC>
    <SinhVienId>644</SinhVienId>
    <ThoiDiem>2018-06-29T14:36:59.7643088</ThoiDiem>
    <MaXL>Qua</MaXL>
    <HanCuoi>2018-07-23T00:00:00</HanCuoi>
  </XinGiay_DangKy>
  <XinGiay_DangKy>
    <Id>9274</Id>
    <So>222</So>
    <MaPC>BD</MaPC>
    <SinhVienId>1262</SinhVienId>
    <ThoiDiem>2018-06-29T23:54:36.3942723</ThoiDiem>
    <MaXL>Qua</MaXL>
    <HanCuoi>2018-08-01T00:00:00</HanCuoi>
  </XinGiay_DangKy>
  <XinGiay_DangKy>
    <Id>9299</Id>
    <So>223</So>
    <MaPC>BD</MaPC>
    <SinhVienId>490</SinhVienId>
    <ThoiDiem>2018-07-02T11:28:05.5879613</ThoiDiem>
    <MaXL>Qua</MaXL>
    <HanCuoi>2018-08-09T00:00:00</HanCuoi>
  </XinGiay_DangKy>
  <XinGiay_DangKy>
    <Id>9309</Id>
    <So>107</So>
    <MaPC>GT</MaPC>
    <SinhVienId>3324</SinhVienId>
    <ThoiDiem>2018-07-03T14:53:50.2045971</ThoiDiem>
    <MaXL>Qua</MaXL>
    <HanCuoi>2018-07-23T00:00:00</HanCuoi>
  </XinGiay_DangKy>
  <XinGiay_DangKy>
    <Id>9316</Id>
    <So>436</So>
    <MaPC>CNSV</MaPC>
    <SinhVienId>1185</SinhVienId>
    <ThoiDiem>2018-07-03T22:14:07.181796</ThoiDiem>
    <MaXL>Qua</MaXL>
    <HanCuoi>2018-08-05T00:00:00</HanCuoi>
  </XinGiay_DangKy>
  <XinGiay_DangKy>
    <Id>9318</Id>
    <So>224</So>
    <MaPC>BD</MaPC>
    <SinhVienId>2988</SinhVienId>
    <ThoiDiem>2018-07-06T09:39:50.3099673</ThoiDiem>
    <MaXL>Qua</MaXL>
    <HanCuoi>2018-08-09T00:00:00</HanCuoi>
  </XinGiay_DangKy>
  <XinGiay_DangKy>
    <Id>9320</Id>
    <So>225</So>
    <MaPC>BD</MaPC>
    <SinhVienId>3659</SinhVienId>
    <ThoiDiem>2018-07-05T10:19:35.488803</ThoiDiem>
    <MaXL>Qua</MaXL>
    <HanCuoi>2018-08-09T00:00:00</HanCuoi>
  </XinGiay_DangKy>
  <XinGiay_DangKy>
    <Id>9326</Id>
    <So>226</So>
    <MaPC>BD</MaPC>
    <SinhVienId>2049</SinhVienId>
    <ThoiDiem>2018-07-05T23:35:26.7826738</ThoiDiem>
    <MaXL>Qua</MaXL>
    <HanCuoi>2018-08-09T00:00:00</HanCuoi>
  </XinGiay_DangKy>
  <XinGiay_DangKy>
    <Id>9328</Id>
    <So>227</So>
    <MaPC>BD</MaPC>
    <SinhVienId>1192</SinhVienId>
    <ThoiDiem>2018-07-06T20:43:28.0227034</ThoiDiem>
    <MaXL>Qua</MaXL>
    <HanCuoi>2018-08-09T00:00:00</HanCuoi>
  </XinGiay_DangKy>
  <XinGiay_DangKy>
    <Id>9330</Id>
    <So>438</So>
    <MaPC>CNSV</MaPC>
    <SinhVienId>1487</SinhVienId>
    <ThoiDiem>2018-07-07T10:08:30.1067415</ThoiDiem>
    <MaXL>Qua</MaXL>
    <HanCuoi>2018-08-09T00:00:00</HanCuoi>
  </XinGiay_DangKy>
  <XinGiay_DangKy>
    <Id>9332</Id>
    <So>229</So>
    <MaPC>BD</MaPC>
    <SinhVienId>4793</SinhVienId>
    <ThoiDiem>2018-07-08T10:01:08.2701191</ThoiDiem>
    <MaXL>Qua</MaXL>
    <HanCuoi>2018-08-09T00:00:00</HanCuoi>
  </XinGiay_DangKy>
  <XinGiay_DangKy>
    <Id>9334</Id>
    <So>34</So>
    <MaPC>GTR</MaPC>
    <SinhVienId>2188</SinhVienId>
    <ThoiDiem>2018-07-08T17:36:12.1088757</ThoiDiem>
    <MaXL>Qua</MaXL>
    <HanCuoi>2018-07-30T00:00:00</HanCuoi>
  </XinGiay_DangKy>
  <XinGiay_DangKy>
    <Id>9336</Id>
    <So>439</So>
    <MaPC>CNSV</MaPC>
    <SinhVienId>3465</SinhVienId>
    <ThoiDiem>2018-07-08T21:49:57.1428171</ThoiDiem>
    <MaXL>Qua</MaXL>
    <HanCuoi>2018-08-09T00:00:00</HanCuoi>
  </XinGiay_DangKy>
  <XinGiay_DangKy>
    <Id>9338</Id>
    <So>440</So>
    <MaPC>CNSV</MaPC>
    <SinhVienId>3642</SinhVienId>
    <ThoiDiem>2018-07-08T22:00:14.4047012</ThoiDiem>
    <MaXL>Qua</MaXL>
    <HanCuoi>2018-08-09T00:00:00</HanCuoi>
  </XinGiay_DangKy>
  <XinGiay_DangKy>
    <Id>9340</Id>
    <So>230</So>
    <MaPC>BD</MaPC>
    <SinhVienId>4785</SinhVienId>
    <ThoiDiem>2018-07-09T09:53:28.8515915</ThoiDiem>
    <MaXL>Qua</MaXL>
    <HanCuoi>2018-08-09T00:00:00</HanCuoi>
  </XinGiay_DangKy>
  <XinGiay_DangKy>
    <Id>9342</Id>
    <So>231</So>
    <MaPC>BD</MaPC>
    <SinhVienId>4781</SinhVienId>
    <ThoiDiem>2018-07-09T09:55:53.3078452</ThoiDiem>
    <MaXL>Qua</MaXL>
    <HanCuoi>2018-08-09T00:00:00</HanCuoi>
  </XinGiay_DangKy>
  <XinGiay_DangKy>
    <Id>9348</Id>
    <So>233</So>
    <MaPC>BD</MaPC>
    <SinhVienId>1203</SinhVienId>
    <ThoiDiem>2018-07-09T17:00:18.4181723</ThoiDiem>
    <MaXL>Qua</MaXL>
    <HanCuoi>2018-08-09T00:00:00</HanCuoi>
  </XinGiay_DangKy>
  <XinGiay_DangKy>
    <Id>9350</Id>
    <So>443</So>
    <MaPC>CNSV</MaPC>
    <SinhVienId>2320</SinhVienId>
    <ThoiDiem>2018-07-09T19:05:49.5498001</ThoiDiem>
    <MaXL>Qua</MaXL>
    <HanCuoi>2018-08-09T00:00:00</HanCuoi>
  </XinGiay_DangKy>
  <XinGiay_DangKy>
    <Id>9358</Id>
    <So>234</So>
    <MaPC>BD</MaPC>
    <SinhVienId>1513</SinhVienId>
    <ThoiDiem>2018-07-10T09:17:16.5039296</ThoiDiem>
    <MaXL>Qua</MaXL>
    <HanCuoi>2018-08-09T00:00:00</HanCuoi>
  </XinGiay_DangKy>
  <XinGiay_DangKy>
    <Id>9360</Id>
    <So>444</So>
    <MaPC>CNSV</MaPC>
    <SinhVienId>361</SinhVienId>
    <ThoiDiem>2018-07-10T14:49:41.2793607</ThoiDiem>
    <MaXL>Qua</MaXL>
    <HanCuoi>2018-08-09T00:00:00</HanCuoi>
  </XinGiay_DangKy>
  <XinGiay_DangKy>
    <Id>9364</Id>
    <So>237</So>
    <MaPC>BD</MaPC>
    <SinhVienId>1045</SinhVienId>
    <ThoiDiem>2018-07-11T18:01:35.1165373</ThoiDiem>
    <MaXL>Qua</MaXL>
    <HanCuoi>2018-08-23T00:00:00</HanCuoi>
  </XinGiay_DangKy>
  <XinGiay_DangKy>
    <Id>9366</Id>
    <So>238</So>
    <MaPC>BD</MaPC>
    <SinhVienId>1232</SinhVienId>
    <ThoiDiem>2018-07-12T14:52:58.0484135</ThoiDiem>
    <MaXL>Qua</MaXL>
    <HanCuoi>2018-08-23T00:00:00</HanCuoi>
  </XinGiay_DangKy>
  <XinGiay_DangKy>
    <Id>9368</Id>
    <So>239</So>
    <MaPC>BD</MaPC>
    <SinhVienId>246</SinhVienId>
    <ThoiDiem>2018-07-12T23:36:39.6704026</ThoiDiem>
    <MaXL>Qua</MaXL>
    <HanCuoi>2018-08-23T00:00:00</HanCuoi>
  </XinGiay_DangKy>
  <XinGiay_DangKy>
    <Id>9370</Id>
    <So>240</So>
    <MaPC>BD</MaPC>
    <SinhVienId>2105</SinhVienId>
    <ThoiDiem>2018-07-13T12:53:36.3751882</ThoiDiem>
    <MaXL>Qua</MaXL>
    <HanCuoi>2018-08-23T00:00:00</HanCuoi>
  </XinGiay_DangKy>
  <XinGiay_DangKy>
    <Id>9373</Id>
    <So>445</So>
    <MaPC>CNSV</MaPC>
    <SinhVienId>238</SinhVienId>
    <ThoiDiem>2018-07-15T17:05:33.5096472</ThoiDiem>
    <MaXL>Qua</MaXL>
    <HanCuoi>2018-08-17T00:00:00</HanCuoi>
  </XinGiay_DangKy>
  <XinGiay_DangKy>
    <Id>9377</Id>
    <So>242</So>
    <MaPC>BD</MaPC>
    <SinhVienId>1783</SinhVienId>
    <ThoiDiem>2018-07-16T15:05:45.4559004</ThoiDiem>
    <MaXL>Qua</MaXL>
    <HanCuoi>2018-08-23T00:00:00</HanCuoi>
  </XinGiay_DangKy>
  <XinGiay_DangKy>
    <Id>9392</Id>
    <So>450</So>
    <MaPC>CNSV</MaPC>
    <SinhVienId>4783</SinhVienId>
    <ThoiDiem>2018-07-17T14:23:09.5035647</ThoiDiem>
    <MaXL>Qua</MaXL>
    <HanCuoi>2018-08-17T00:00:00</HanCuoi>
  </XinGiay_DangKy>
  <XinGiay_DangKy>
    <Id>9400</Id>
    <So>453</So>
    <MaPC>CNSV</MaPC>
    <SinhVienId>3207</SinhVienId>
    <ThoiDiem>2018-07-18T05:30:02.5395361</ThoiDiem>
    <MaXL>Qua</MaXL>
    <HanCuoi>2018-08-17T00:00:00</HanCuoi>
  </XinGiay_DangKy>
  <XinGiay_DangKy>
    <Id>9408</Id>
    <So>456</So>
    <MaPC>CNSV</MaPC>
    <SinhVienId>3044</SinhVienId>
    <ThoiDiem>2018-07-18T09:50:49.2578181</ThoiDiem>
    <MaXL>Qua</MaXL>
    <HanCuoi>2018-08-17T00:00:00</HanCuoi>
  </XinGiay_DangKy>
  <XinGiay_DangKy>
    <Id>9411</Id>
    <So>248</So>
    <MaPC>BD</MaPC>
    <SinhVienId>743</SinhVienId>
    <ThoiDiem>2018-07-18T10:19:34.6208486</ThoiDiem>
    <MaXL>Qua</MaXL>
    <HanCuoi>2018-08-23T00:00:00</HanCuoi>
  </XinGiay_DangKy>
  <XinGiay_DangKy>
    <Id>9415</Id>
    <So>457</So>
    <MaPC>CNSV</MaPC>
    <SinhVienId>3008</SinhVienId>
    <ThoiDiem>2018-07-18T10:34:44.118046</ThoiDiem>
    <MaXL>Qua</MaXL>
    <HanCuoi>2018-08-17T00:00:00</HanCuoi>
  </XinGiay_DangKy>
  <XinGiay_DangKy>
    <Id>9417</Id>
    <So>250</So>
    <MaPC>BD</MaPC>
    <SinhVienId>3008</SinhVienId>
    <ThoiDiem>2018-07-18T10:35:59.5597785</ThoiDiem>
    <MaXL>Sai</MaXL>
    <HanCuoi>2018-08-24T00:00:00</HanCuoi>
  </XinGiay_DangKy>
  <XinGiay_DangKy>
    <Id>9419</Id>
    <So>109</So>
    <MaPC>GT</MaPC>
    <SinhVienId>1491</SinhVienId>
    <ThoiDiem>2018-07-19T23:32:57.7486126</ThoiDiem>
    <MaXL>Qua</MaXL>
    <HanCuoi>2018-08-13T00:00:00</HanCuoi>
  </XinGiay_DangKy>
  <XinGiay_DangKy>
    <Id>9421</Id>
    <So>465</So>
    <MaPC>CNSV</MaPC>
    <SinhVienId>1448</SinhVienId>
    <ThoiDiem>2018-07-20T07:13:16.5675225</ThoiDiem>
    <MaXL>Qua</MaXL>
    <HanCuoi>2018-08-23T00:00:00</HanCuoi>
  </XinGiay_DangKy>
  <XinGiay_DangKy>
    <Id>9423</Id>
    <So>466</So>
    <MaPC>CNSV</MaPC>
    <SinhVienId>4813</SinhVienId>
    <ThoiDiem>2018-07-20T10:51:19.0157006</ThoiDiem>
    <MaXL>Qua</MaXL>
    <HanCuoi>2018-08-23T00:00:00</HanCuoi>
  </XinGiay_DangKy>
  <XinGiay_DangKy>
    <Id>9425</Id>
    <So>251</So>
    <MaPC>BD</MaPC>
    <SinhVienId>4813</SinhVienId>
    <ThoiDiem>2018-07-20T10:50:57.6904632</ThoiDiem>
    <MaXL>Sai</MaXL>
    <HanCuoi>2018-08-24T00:00:00</HanCuoi>
  </XinGiay_DangKy>
  <XinGiay_DangKy>
    <Id>9431</Id>
    <So>252</So>
    <MaPC>BD</MaPC>
    <SinhVienId>4862</SinhVienId>
    <ThoiDiem>2018-07-20T13:35:47.5930339</ThoiDiem>
    <MaXL>Qua</MaXL>
    <HanCuoi>2018-08-23T00:00:00</HanCuoi>
  </XinGiay_DangKy>
  <XinGiay_DangKy>
    <Id>9438</Id>
    <So>254</So>
    <MaPC>BD</MaPC>
    <SinhVienId>1206</SinhVienId>
    <ThoiDiem>2018-07-21T11:11:33.6523876</ThoiDiem>
    <MaXL>Qua</MaXL>
    <HanCuoi>2018-08-23T00:00:00</HanCuoi>
  </XinGiay_DangKy>
  <XinGiay_DangKy>
    <Id>9443</Id>
    <So>255</So>
    <MaPC>BD</MaPC>
    <SinhVienId>2200</SinhVienId>
    <ThoiDiem>2018-07-21T17:50:27.0428244</ThoiDiem>
    <MaXL>Qua</MaXL>
    <HanCuoi>2018-08-23T00:00:00</HanCuoi>
  </XinGiay_DangKy>
  <XinGiay_DangKy>
    <Id>9449</Id>
    <So>258</So>
    <MaPC>BD</MaPC>
    <SinhVienId>1448</SinhVienId>
    <ThoiDiem>2018-07-23T07:52:33.2568477</ThoiDiem>
    <MaXL>Qua</MaXL>
    <HanCuoi>2018-08-23T00:00:00</HanCuoi>
  </XinGiay_DangKy>
  <XinGiay_DangKy>
    <Id>9451</Id>
    <MaPC>GT</MaPC>
    <SinhVienId>1448</SinhVienId>
    <ThoiDiem>2018-07-23T07:55:45.6987857</ThoiDiem>
    <MaXL>Sai</MaXL>
    <HanCuoi>2018-08-13T00:00:00</HanCuoi>
  </XinGiay_DangKy>
  <XinGiay_DangKy>
    <Id>9454</Id>
    <So>464</So>
    <MaPC>CNSV</MaPC>
    <SinhVienId>4877</SinhVienId>
    <ThoiDiem>2018-07-24T09:02:39.3391888</ThoiDiem>
    <MaXL>Qua</MaXL>
    <HanCuoi>2018-08-23T00:00:00</HanCuoi>
  </XinGiay_DangKy>
  <XinGiay_DangKy>
    <Id>9457</Id>
    <So>260</So>
    <MaPC>BD</MaPC>
    <SinhVienId>4877</SinhVienId>
    <ThoiDiem>2018-07-24T09:03:41.8328986</ThoiDiem>
    <MaXL>Qua</MaXL>
    <HanCuoi>2018-08-23T00:00:00</HanCuoi>
  </XinGiay_DangKy>
  <XinGiay_DangKy>
    <Id>9461</Id>
    <So>262</So>
    <MaPC>BD</MaPC>
    <SinhVienId>1193</SinhVienId>
    <ThoiDiem>2018-07-25T22:58:35.0682363</ThoiDiem>
    <MaXL>Qua</MaXL>
    <HanCuoi>2018-08-25T00:00:00</HanCuoi>
  </XinGiay_DangKy>
  <XinGiay_DangKy>
    <Id>9463</Id>
    <So>264</So>
    <MaPC>BD</MaPC>
    <SinhVienId>1499</SinhVienId>
    <ThoiDiem>2018-07-26T11:43:51.8300848</ThoiDiem>
    <MaXL>Qua</MaXL>
    <HanCuoi>2018-09-01T00:00:00</HanCuoi>
  </XinGiay_DangKy>
  <XinGiay_DangKy>
    <Id>9469</Id>
    <So>265</So>
    <MaPC>BD</MaPC>
    <SinhVienId>1217</SinhVienId>
    <ThoiDiem>2018-07-30T09:18:07.6826658</ThoiDiem>
    <MaXL>Qua</MaXL>
    <HanCuoi>2018-09-01T00:00:00</HanCuoi>
  </XinGiay_DangKy>
  <XinGiay_DangKy>
    <Id>9474</Id>
    <So>266</So>
    <MaPC>BD</MaPC>
    <SinhVienId>1813</SinhVienId>
    <ThoiDiem>2018-08-01T15:35:05.3570988</ThoiDiem>
    <MaXL>Qua</MaXL>
    <HanCuoi>2018-09-01T00:00:00</HanCuoi>
  </XinGiay_DangKy>
  <XinGiay_DangKy>
    <Id>9476</Id>
    <So>111</So>
    <MaPC>GT</MaPC>
    <SinhVienId>3583</SinhVienId>
    <ThoiDiem>2018-07-30T13:40:56.970363</ThoiDiem>
    <MaXL>Qua</MaXL>
    <HanCuoi>2018-08-22T00:00:00</HanCuoi>
  </XinGiay_DangKy>
  <XinGiay_DangKy>
    <Id>9484</Id>
    <So>267</So>
    <MaPC>BD</MaPC>
    <SinhVienId>1087</SinhVienId>
    <ThoiDiem>2018-08-01T20:14:04.5452996</ThoiDiem>
    <MaXL>Qua</MaXL>
    <HanCuoi>2018-09-01T00:00:00</HanCuoi>
  </XinGiay_DangKy>
  <XinGiay_DangKy>
    <Id>9486</Id>
    <So>268</So>
    <MaPC>BD</MaPC>
    <SinhVienId>1379</SinhVienId>
    <ThoiDiem>2018-08-02T01:18:11.6477489</ThoiDiem>
    <MaXL>Qua</MaXL>
    <HanCuoi>2018-09-01T00:00:00</HanCuoi>
  </XinGiay_DangKy>
  <XinGiay_DangKy>
    <Id>9488</Id>
    <So>471</So>
    <MaPC>CNSV</MaPC>
    <SinhVienId>3088</SinhVienId>
    <ThoiDiem>2018-08-02T14:41:10.5539707</ThoiDiem>
    <MaXL>Qua</MaXL>
    <HanCuoi>2018-09-01T00:00:00</HanCuoi>
  </XinGiay_DangKy>
  <XinGiay_DangKy>
    <Id>9490</Id>
    <So>269</So>
    <MaPC>BD</MaPC>
    <SinhVienId>1789</SinhVienId>
    <ThoiDiem>2018-08-05T20:45:32.6440302</ThoiDiem>
    <MaXL>Qua</MaXL>
    <HanCuoi>2018-09-07T00:00:00</HanCuoi>
  </XinGiay_DangKy>
  <XinGiay_DangKy>
    <Id>9497</Id>
    <So>271</So>
    <MaPC>BD</MaPC>
    <SinhVienId>3032</SinhVienId>
    <ThoiDiem>2018-08-07T12:58:28.1595657</ThoiDiem>
    <MaXL>Sai</MaXL>
    <HanCuoi>2018-09-07T00:00:00</HanCuoi>
  </XinGiay_DangKy>
  <XinGiay_DangKy>
    <Id>9499</Id>
    <So>272</So>
    <MaPC>BD</MaPC>
    <SinhVienId>1186</SinhVienId>
    <ThoiDiem>2018-08-08T09:48:59.9548325</ThoiDiem>
    <MaXL>Qua</MaXL>
    <HanCuoi>2018-09-12T00:00:00</HanCuoi>
  </XinGiay_DangKy>
  <XinGiay_DangKy>
    <Id>9501</Id>
    <So>480</So>
    <MaPC>CNSV</MaPC>
    <SinhVienId>4823</SinhVienId>
    <ThoiDiem>2018-08-10T21:35:19.9623763</ThoiDiem>
    <MaXL>Qua</MaXL>
    <HanCuoi>2018-09-13T00:00:00</HanCuoi>
  </XinGiay_DangKy>
  <XinGiay_DangKy>
    <Id>9510</Id>
    <So>479</So>
    <MaPC>CNSV</MaPC>
    <SinhVienId>1521</SinhVienId>
    <ThoiDiem>2018-08-13T09:28:40.093976</ThoiDiem>
    <MaXL>Qua</MaXL>
    <HanCuoi>2018-09-13T00:00:00</HanCuoi>
  </XinGiay_DangKy>
  <XinGiay_DangKy>
    <Id>9512</Id>
    <So>279</So>
    <MaPC>BD</MaPC>
    <SinhVienId>3037</SinhVienId>
    <ThoiDiem>2018-08-14T09:53:45.5619738</ThoiDiem>
    <MaXL>Xong</MaXL>
    <HanCuoi>2018-09-27T00:00:00</HanCuoi>
  </XinGiay_DangKy>
  <XinGiay_DangKy>
    <Id>9514</Id>
    <So>280</So>
    <MaPC>BD</MaPC>
    <SinhVienId>126</SinhVienId>
    <ThoiDiem>2018-08-14T11:15:57.9942371</ThoiDiem>
    <MaXL>Nhan</MaXL>
    <HanCuoi>2018-09-27T00:00:00</HanCuoi>
  </XinGiay_DangKy>
  <XinGiay_DangKy>
    <Id>9516</Id>
    <So>482</So>
    <MaPC>CNSV</MaPC>
    <SinhVienId>3680</SinhVienId>
    <ThoiDiem>2018-08-14T19:09:00.1068877</ThoiDiem>
    <MaXL>Qua</MaXL>
    <HanCuoi>2018-09-14T00:00:00</HanCuoi>
  </XinGiay_DangKy>
  <XinGiay_DangKy>
    <Id>9518</Id>
    <So>281</So>
    <MaPC>BD</MaPC>
    <SinhVienId>1355</SinhVienId>
    <ThoiDiem>2018-08-15T17:16:48.604418</ThoiDiem>
    <MaXL>Xong</MaXL>
    <HanCuoi>2018-09-27T00:00:00</HanCuoi>
  </XinGiay_DangKy>
  <XinGiay_DangKy>
    <Id>9522</Id>
    <So>491</So>
    <MaPC>CNSV</MaPC>
    <SinhVienId>1137</SinhVienId>
    <ThoiDiem>2018-08-20T20:00:57.2284841</ThoiDiem>
    <MaXL>Xong</MaXL>
    <HanCuoi>2018-09-27T00:00:00</HanCuoi>
  </XinGiay_DangKy>
  <XinGiay_DangKy>
    <Id>9529</Id>
    <So>493</So>
    <MaPC>CNSV</MaPC>
    <SinhVienId>5096</SinhVienId>
    <ThoiDiem>2018-08-22T12:29:51.1712522</ThoiDiem>
    <MaXL>Nhan</MaXL>
    <HanCuoi>2018-09-27T00:00:00</HanCuoi>
  </XinGiay_DangKy>
  <XinGiay_DangKy>
    <Id>9539</Id>
    <So>494</So>
    <MaPC>CNSV</MaPC>
    <SinhVienId>1425</SinhVienId>
    <ThoiDiem>2018-08-22T23:38:24.5201076</ThoiDiem>
    <MaXL>Xong</MaXL>
    <HanCuoi>2018-09-27T00:00:00</HanCuoi>
  </XinGiay_DangKy>
  <XinGiay_DangKy>
    <Id>9546</Id>
    <So>495</So>
    <MaPC>CNSV</MaPC>
    <SinhVienId>175</SinhVienId>
    <ThoiDiem>2018-08-23T16:07:20.8623264</ThoiDiem>
    <MaXL>Xong</MaXL>
    <HanCuoi>2018-09-27T00:00:00</HanCuoi>
  </XinGiay_DangKy>
  <XinGiay_DangKy>
    <Id>9553</Id>
    <So>285</So>
    <MaPC>BD</MaPC>
    <SinhVienId>238</SinhVienId>
    <ThoiDiem>2018-08-24T12:31:14.7621062</ThoiDiem>
    <MaXL>Sai</MaXL>
    <HanCuoi>2018-09-27T00:00:00</HanCuoi>
  </XinGiay_DangKy>
  <XinGiay_DangKy>
    <Id>9554</Id>
    <So>497</So>
    <MaPC>CNSV</MaPC>
    <SinhVienId>371</SinhVienId>
    <ThoiDiem>2018-08-26T20:44:10.6103606</ThoiDiem>
    <MaXL>Nhan</MaXL>
    <HanCuoi>2018-09-27T00:00:00</HanCuoi>
  </XinGiay_DangKy>
  <XinGiay_DangKy>
    <Id>9555</Id>
    <So>498</So>
    <MaPC>CNSV</MaPC>
    <SinhVienId>432</SinhVienId>
    <ThoiDiem>2018-08-26T21:34:38.5132788</ThoiDiem>
    <MaXL>Xong</MaXL>
    <HanCuoi>2018-09-27T00:00:00</HanCuoi>
  </XinGiay_DangKy>
  <XinGiay_DangKy>
    <Id>9557</Id>
    <So>499</So>
    <MaPC>CNSV</MaPC>
    <SinhVienId>3285</SinhVienId>
    <ThoiDiem>2018-08-27T08:25:00.1720922</ThoiDiem>
    <MaXL>Xong</MaXL>
    <HanCuoi>2018-09-27T00:00:00</HanCuoi>
  </XinGiay_DangKy>
  <XinGiay_DangKy>
    <Id>9558</Id>
    <So>500</So>
    <MaPC>CNSV</MaPC>
    <SinhVienId>590</SinhVienId>
    <ThoiDiem>2018-08-27T20:42:52.6130527</ThoiDiem>
    <MaXL>Nhan</MaXL>
    <HanCuoi>2018-09-27T00:00:00</HanCuoi>
  </XinGiay_DangKy>
  <XinGiay_DangKy>
    <Id>9559</Id>
    <So>501</So>
    <MaPC>CNSV</MaPC>
    <SinhVienId>3172</SinhVienId>
    <ThoiDiem>2018-08-28T09:20:40.6869131</ThoiDiem>
    <MaXL>Xong</MaXL>
    <HanCuoi>2018-09-27T00:00:00</HanCuoi>
  </XinGiay_DangKy>
  <XinGiay_DangKy>
    <Id>9567</Id>
    <So>503</So>
    <MaPC>CNSV</MaPC>
    <SinhVienId>301</SinhVienId>
    <ThoiDiem>2018-08-28T10:23:25.0047248</ThoiDiem>
    <MaXL>Xong</MaXL>
    <HanCuoi>2018-09-27T00:00:00</HanCuoi>
  </XinGiay_DangKy>
  <XinGiay_DangKy>
    <Id>9569</Id>
    <So>504</So>
    <MaPC>CNSV</MaPC>
    <SinhVienId>2050</SinhVienId>
    <ThoiDiem>2018-08-28T13:20:36.7821985</ThoiDiem>
    <MaXL>Nhan</MaXL>
    <HanCuoi>2018-09-28T00:00:00</HanCuoi>
  </XinGiay_DangKy>
  <XinGiay_DangKy>
    <Id>9571</Id>
    <So>513</So>
    <MaPC>CNSV</MaPC>
    <SinhVienId>2042</SinhVienId>
    <ThoiDiem>2018-08-29T10:28:25.2770058</ThoiDiem>
    <MaXL>Xong</MaXL>
    <HanCuoi>2018-10-05T00:00:00</HanCuoi>
  </XinGiay_DangKy>
  <XinGiay_DangKy>
    <Id>9572</Id>
    <So>507</So>
    <MaPC>CNSV</MaPC>
    <SinhVienId>1155</SinhVienId>
    <ThoiDiem>2018-08-29T15:22:00.7655458</ThoiDiem>
    <MaXL>Nhan</MaXL>
    <HanCuoi>2018-09-30T00:00:00</HanCuoi>
  </XinGiay_DangKy>
  <XinGiay_DangKy>
    <Id>9573</Id>
    <So>508</So>
    <MaPC>CNSV</MaPC>
    <SinhVienId>1252</SinhVienId>
    <ThoiDiem>2018-08-30T12:45:13.9987772</ThoiDiem>
    <MaXL>Nhan</MaXL>
    <HanCuoi>2018-09-30T00:00:00</HanCuoi>
  </XinGiay_DangKy>
  <XinGiay_DangKy>
    <Id>9575</Id>
    <So>509</So>
    <MaPC>CNSV</MaPC>
    <SinhVienId>556</SinhVienId>
    <ThoiDiem>2018-08-31T10:47:20.6529071</ThoiDiem>
    <MaXL>Nhan</MaXL>
    <HanCuoi>2018-10-04T00:00:00</HanCuoi>
  </XinGiay_DangKy>
  <XinGiay_DangKy>
    <Id>9576</Id>
    <So>510</So>
    <MaPC>CNSV</MaPC>
    <SinhVienId>302</SinhVienId>
    <ThoiDiem>2018-08-31T15:13:00.2773036</ThoiDiem>
    <MaXL>Nhan</MaXL>
    <HanCuoi>2018-10-04T00:00:00</HanCuoi>
  </XinGiay_DangKy>
  <XinGiay_DangKy>
    <Id>9577</Id>
    <So>286</So>
    <MaPC>BD</MaPC>
    <SinhVienId>1603</SinhVienId>
    <ThoiDiem>2018-09-02T23:34:02.331612</ThoiDiem>
    <MaXL>Sai</MaXL>
    <HanCuoi>2018-10-05T00:00:00</HanCuoi>
  </XinGiay_DangKy>
  <XinGiay_DangKy>
    <Id>9578</Id>
    <So>511</So>
    <MaPC>CNSV</MaPC>
    <SinhVienId>3041</SinhVienId>
    <ThoiDiem>2018-09-03T19:22:40.134375</ThoiDiem>
    <MaXL>Nhan</MaXL>
    <HanCuoi>2018-10-04T00:00:00</HanCuoi>
  </XinGiay_DangKy>
  <XinGiay_DangKy>
    <Id>9579</Id>
    <So>512</So>
    <MaPC>CNSV</MaPC>
    <SinhVienId>390</SinhVienId>
    <ThoiDiem>2018-09-04T21:14:52.2199528</ThoiDiem>
    <MaXL>Nhan</MaXL>
    <HanCuoi>2018-10-05T00:00:00</HanCuoi>
  </XinGiay_DangKy>
  <XinGiay_DangKy>
    <Id>9580</Id>
    <So>514</So>
    <MaPC>CNSV</MaPC>
    <SinhVienId>1184</SinhVienId>
    <ThoiDiem>2018-09-05T11:05:39.2839046</ThoiDiem>
    <MaXL>Nhan</MaXL>
    <HanCuoi>2018-10-05T00:00:00</HanCuoi>
  </XinGiay_DangKy>
  <XinGiay_DangKy>
    <Id>9581</Id>
    <So>515</So>
    <MaPC>CNSV</MaPC>
    <SinhVienId>4845</SinhVienId>
    <ThoiDiem>2018-09-05T12:21:34.257905</ThoiDiem>
    <MaXL>Nhan</MaXL>
    <HanCuoi>2018-10-05T00:00:00</HanCuoi>
  </XinGiay_DangKy>
  <XinGiay_DangKy>
    <Id>9583</Id>
    <So>516</So>
    <MaPC>CNSV</MaPC>
    <SinhVienId>1815</SinhVienId>
    <ThoiDiem>2018-09-05T19:45:51.522326</ThoiDiem>
    <MaXL>Nhan</MaXL>
    <HanCuoi>2018-10-06T00:00:00</HanCuoi>
  </XinGiay_DangKy>
  <XinGiay_DangKy>
    <Id>9584</Id>
    <So>38</So>
    <MaPC>GTR</MaPC>
    <SinhVienId>444</SinhVienId>
    <ThoiDiem>2018-09-06T10:06:15.8973994</ThoiDiem>
    <MaXL>Nhan</MaXL>
    <HanCuoi>2018-09-26T00:00:00</HanCuoi>
  </XinGiay_DangKy>
  <XinGiay_DangKy>
    <Id>9585</Id>
    <So>294</So>
    <MaPC>BD</MaPC>
    <SinhVienId>1428</SinhVienId>
    <ThoiDiem>2018-09-06T16:03:30.5846474</ThoiDiem>
    <MaXL>Nhan</MaXL>
    <HanCuoi>2018-10-10T00:00:00</HanCuoi>
  </XinGiay_DangKy>
  <XinGiay_DangKy>
    <Id>9586</Id>
    <So>295</So>
    <MaPC>BD</MaPC>
    <SinhVienId>295</SinhVienId>
    <ThoiDiem>2018-09-06T16:09:25.0016699</ThoiDiem>
    <MaXL>Xong</MaXL>
    <HanCuoi>2018-10-10T00:00:00</HanCuoi>
  </XinGiay_DangKy>
  <XinGiay_DangKy>
    <Id>9587</Id>
    <So>296</So>
    <MaPC>BD</MaPC>
    <SinhVienId>368</SinhVienId>
    <ThoiDiem>2018-09-07T13:54:26.4063991</ThoiDiem>
    <MaXL>Nhan</MaXL>
    <HanCuoi>2018-10-10T00:00:00</HanCuoi>
  </XinGiay_DangKy>
  <XinGiay_DangKy>
    <Id>9589</Id>
    <So>297</So>
    <MaPC>BD</MaPC>
    <SinhVienId>4980</SinhVienId>
    <ThoiDiem>2018-09-07T17:48:59.2067166</ThoiDiem>
    <MaXL>Nhan</MaXL>
    <HanCuoi>2018-10-10T00:00:00</HanCuoi>
  </XinGiay_DangKy>
  <XinGiay_DangKy>
    <Id>9590</Id>
    <So>517</So>
    <MaPC>CNSV</MaPC>
    <SinhVienId>3373</SinhVienId>
    <ThoiDiem>2018-09-09T17:55:26.5613042</ThoiDiem>
    <MaXL>Nhan</MaXL>
    <HanCuoi>2018-10-10T00:00:00</HanCuoi>
  </XinGiay_DangKy>
  <XinGiay_DangKy>
    <Id>9591</Id>
    <So>298</So>
    <MaPC>BD</MaPC>
    <SinhVienId>443</SinhVienId>
    <ThoiDiem>2018-09-10T09:37:00.811856</ThoiDiem>
    <MaXL>Nhan</MaXL>
    <HanCuoi>2018-10-10T00:00:00</HanCuoi>
  </XinGiay_DangKy>
  <XinGiay_DangKy>
    <Id>9593</Id>
    <So>522</So>
    <MaPC>CNSV</MaPC>
    <SinhVienId>256</SinhVienId>
    <ThoiDiem>2018-09-10T19:15:58.9372703</ThoiDiem>
    <MaXL>Nhan</MaXL>
    <HanCuoi>2018-10-11T00:00:00</HanCuoi>
  </XinGiay_DangKy>
  <XinGiay_DangKy>
    <Id>9594</Id>
    <So>299</So>
    <MaPC>BD</MaPC>
    <SinhVienId>256</SinhVienId>
    <ThoiDiem>2018-09-10T19:19:39.0380568</ThoiDiem>
    <MaXL>Nhan</MaXL>
    <HanCuoi>2018-10-12T00:00:00</HanCuoi>
  </XinGiay_DangKy>
  <XinGiay_DangKy>
    <Id>9596</Id>
    <So>523</So>
    <MaPC>CNSV</MaPC>
    <SinhVienId>4567</SinhVienId>
    <ThoiDiem>2018-09-10T21:59:35.6913125</ThoiDiem>
    <MaXL>Nhan</MaXL>
    <HanCuoi>2018-10-11T00:00:00</HanCuoi>
  </XinGiay_DangKy>
  <XinGiay_DangKy>
    <Id>9597</Id>
    <So>524</So>
    <MaPC>CNSV</MaPC>
    <SinhVienId>179</SinhVienId>
    <ThoiDiem>2018-09-11T10:10:47.4611692</ThoiDiem>
    <MaXL>Nhan</MaXL>
    <HanCuoi>2018-10-12T00:00:00</HanCuoi>
  </XinGiay_DangKy>
  <XinGiay_DangKy>
    <Id>9598</Id>
    <So>300</So>
    <MaPC>BD</MaPC>
    <SinhVienId>179</SinhVienId>
    <ThoiDiem>2018-09-11T10:11:47.8020752</ThoiDiem>
    <MaXL>Nhan</MaXL>
    <HanCuoi>2018-10-12T00:00:00</HanCuoi>
  </XinGiay_DangKy>
  <XinGiay_DangKy>
    <Id>9603</Id>
    <MaPC>CNSV</MaPC>
    <SinhVienId>3512</SinhVienId>
    <ThoiDiem>2018-09-12T09:20:27.9540193</ThoiDiem>
    <MaXL>Sai</MaXL>
  </XinGiay_DangKy>
  <XinGiay_DangKy>
    <Id>9604</Id>
    <So>301</So>
    <MaPC>BD</MaPC>
    <SinhVienId>3512</SinhVienId>
    <ThoiDiem>2018-09-12T09:21:35.9701387</ThoiDiem>
    <MaXL>Nhan</MaXL>
    <HanCuoi>2018-10-12T00:00:00</HanCuoi>
  </XinGiay_DangKy>
  <XinGiay_DangKy>
    <Id>9605</Id>
    <So>526</So>
    <MaPC>CNSV</MaPC>
    <SinhVienId>4831</SinhVienId>
    <ThoiDiem>2018-09-12T09:22:35.5154433</ThoiDiem>
    <MaXL>Nhan</MaXL>
    <HanCuoi>2018-10-12T00:00:00</HanCuoi>
  </XinGiay_DangKy>
  <XinGiay_DangKy>
    <Id>9606</Id>
    <So>548</So>
    <MaPC>CNSV</MaPC>
    <SinhVienId>4918</SinhVienId>
    <ThoiDiem>2018-09-12T10:30:15.6877746</ThoiDiem>
    <MaXL>Nhan</MaXL>
    <HanCuoi>2018-10-14T00:00:00</HanCuoi>
  </XinGiay_DangKy>
  <XinGiay_DangKy>
    <Id>9608</Id>
    <So>549</So>
    <MaPC>CNSV</MaPC>
    <SinhVienId>3647</SinhVienId>
    <ThoiDiem>2018-09-12T10:56:03.1168925</ThoiDiem>
    <MaXL>Nhan</MaXL>
    <HanCuoi>2018-10-14T00:00:00</HanCuoi>
  </XinGiay_DangKy>
  <XinGiay_DangKy>
    <Id>9609</Id>
    <So>550</So>
    <MaPC>CNSV</MaPC>
    <SinhVienId>486</SinhVienId>
    <ThoiDiem>2018-09-12T11:28:58.5951623</ThoiDiem>
    <MaXL>Nhan</MaXL>
    <HanCuoi>2018-10-14T00:00:00</HanCuoi>
  </XinGiay_DangKy>
  <XinGiay_DangKy>
    <Id>9612</Id>
    <So>551</So>
    <MaPC>CNSV</MaPC>
    <SinhVienId>1181</SinhVienId>
    <ThoiDiem>2018-09-13T08:30:33.3445131</ThoiDiem>
    <MaXL>Nhan</MaXL>
    <HanCuoi>2018-10-14T00:00:00</HanCuoi>
  </XinGiay_DangKy>
  <XinGiay_DangKy>
    <Id>9614</Id>
    <So>552</So>
    <MaPC>CNSV</MaPC>
    <SinhVienId>3028</SinhVienId>
    <ThoiDiem>2018-09-13T15:38:24.3908019</ThoiDiem>
    <MaXL>Nhan</MaXL>
    <HanCuoi>2018-10-14T00:00:00</HanCuoi>
  </XinGiay_DangKy>
  <XinGiay_DangKy>
    <Id>9615</Id>
    <So>553</So>
    <MaPC>CNSV</MaPC>
    <SinhVienId>1188</SinhVienId>
    <ThoiDiem>2018-09-13T15:39:40.4877356</ThoiDiem>
    <MaXL>Nhan</MaXL>
    <HanCuoi>2018-10-14T00:00:00</HanCuoi>
  </XinGiay_DangKy>
  <XinGiay_DangKy>
    <Id>9617</Id>
    <So>554</So>
    <MaPC>CNSV</MaPC>
    <SinhVienId>3344</SinhVienId>
    <ThoiDiem>2018-09-13T16:17:03.9900761</ThoiDiem>
    <MaXL>Nhan</MaXL>
    <HanCuoi>2018-10-14T00:00:00</HanCuoi>
  </XinGiay_DangKy>
  <XinGiay_DangKy>
    <Id>9618</Id>
    <MaPC>CNSV</MaPC>
    <SinhVienId>3699</SinhVienId>
    <ThoiDiem>2018-09-13T16:32:41.660923</ThoiDiem>
    <MaXL>Sai</MaXL>
  </XinGiay_DangKy>
  <XinGiay_DangKy>
    <Id>9619</Id>
    <So>555</So>
    <MaPC>CNSV</MaPC>
    <SinhVienId>4851</SinhVienId>
    <ThoiDiem>2018-09-13T19:54:44.0990149</ThoiDiem>
    <MaXL>Nhan</MaXL>
    <HanCuoi>2018-10-14T00:00:00</HanCuoi>
  </XinGiay_DangKy>
  <XinGiay_DangKy>
    <Id>9622</Id>
    <So>559</So>
    <MaPC>CNSV</MaPC>
    <SinhVienId>612</SinhVienId>
    <ThoiDiem>2018-09-15T02:09:02.9154153</ThoiDiem>
    <MaXL>Xong</MaXL>
    <HanCuoi>2018-10-17T00:00:00</HanCuoi>
  </XinGiay_DangKy>
  <XinGiay_DangKy>
    <Id>9623</Id>
    <So>560</So>
    <MaPC>CNSV</MaPC>
    <SinhVienId>368</SinhVienId>
    <ThoiDiem>2018-09-15T14:19:27.2299887</ThoiDiem>
    <MaXL>Xong</MaXL>
    <HanCuoi>2018-10-17T00:00:00</HanCuoi>
  </XinGiay_DangKy>
  <XinGiay_DangKy>
    <Id>9626</Id>
    <So>562</So>
    <MaPC>CNSV</MaPC>
    <SinhVienId>166</SinhVienId>
    <ThoiDiem>2018-09-17T10:02:33.2231475</ThoiDiem>
    <MaXL>Nhan</MaXL>
    <HanCuoi>2018-10-18T00:00:00</HanCuoi>
  </XinGiay_DangKy>
  <XinGiay_DangKy>
    <Id>9627</Id>
    <So>118</So>
    <MaPC>GT</MaPC>
    <SinhVienId>2998</SinhVienId>
    <ThoiDiem>2018-09-17T10:25:34.2311731</ThoiDiem>
    <MaXL>Nhan</MaXL>
    <HanCuoi>2018-10-08T00:00:00</HanCuoi>
  </XinGiay_DangKy>
  <XinGiay_DangKy>
    <Id>9628</Id>
    <So>117</So>
    <MaPC>GT</MaPC>
    <SinhVienId>1188</SinhVienId>
    <ThoiDiem>2018-09-17T10:40:26.0223394</ThoiDiem>
    <MaXL>Nhan</MaXL>
    <HanCuoi>2018-10-07T00:00:00</HanCuoi>
  </XinGiay_DangKy>
  <XinGiay_DangKy>
    <Id>9629</Id>
    <So>39</So>
    <MaPC>GTR</MaPC>
    <SinhVienId>1313</SinhVienId>
    <ThoiDiem>2018-09-17T11:13:47.9894557</ThoiDiem>
    <MaXL>Nhan</MaXL>
    <HanCuoi>2018-10-08T00:00:00</HanCuoi>
  </XinGiay_DangKy>
  <XinGiay_DangKy>
    <Id>9631</Id>
    <So>564</So>
    <MaPC>CNSV</MaPC>
    <SinhVienId>508</SinhVienId>
    <ThoiDiem>2018-09-17T22:18:03.7038586</ThoiDiem>
    <MaXL>Nhan</MaXL>
    <HanCuoi>2018-10-18T00:00:00</HanCuoi>
  </XinGiay_DangKy>
  <XinGiay_DangKy>
    <Id>9632</Id>
    <So>565</So>
    <MaPC>CNSV</MaPC>
    <SinhVienId>3227</SinhVienId>
    <ThoiDiem>2018-09-18T09:00:42.5879837</ThoiDiem>
    <MaXL>Nhan</MaXL>
    <HanCuoi>2018-10-18T00:00:00</HanCuoi>
  </XinGiay_DangKy>
  <XinGiay_DangKy>
    <Id>9633</Id>
    <So>572</So>
    <MaPC>CNSV</MaPC>
    <SinhVienId>3435</SinhVienId>
    <ThoiDiem>2018-09-18T22:18:51.6144963</ThoiDiem>
    <MaXL>Xong</MaXL>
    <HanCuoi>2018-10-19T00:00:00</HanCuoi>
  </XinGiay_DangKy>
  <XinGiay_DangKy>
    <Id>9635</Id>
    <So>574</So>
    <MaPC>CNSV</MaPC>
    <SinhVienId>3419</SinhVienId>
    <ThoiDiem>2018-09-19T11:33:27.1546339</ThoiDiem>
    <MaXL>Nhan</MaXL>
    <HanCuoi>2018-10-19T00:00:00</HanCuoi>
  </XinGiay_DangKy>
  <XinGiay_DangKy>
    <Id>9641</Id>
    <So>579</So>
    <MaPC>CNSV</MaPC>
    <SinhVienId>1291</SinhVienId>
    <ThoiDiem>2018-09-19T17:54:03.2079434</ThoiDiem>
    <MaXL>Xong</MaXL>
    <HanCuoi>2018-10-20T00:00:00</HanCuoi>
  </XinGiay_DangKy>
  <XinGiay_DangKy>
    <Id>9642</Id>
    <So>580</So>
    <MaPC>CNSV</MaPC>
    <SinhVienId>757</SinhVienId>
    <ThoiDiem>2018-09-20T08:35:31.7156371</ThoiDiem>
    <MaXL>Nhan</MaXL>
    <HanCuoi>2018-10-20T00:00:00</HanCuoi>
  </XinGiay_DangKy>
  <XinGiay_DangKy>
    <Id>9647</Id>
    <So>582</So>
    <MaPC>CNSV</MaPC>
    <SinhVienId>199</SinhVienId>
    <ThoiDiem>2018-09-20T12:58:27.2121453</ThoiDiem>
    <MaXL>Xong</MaXL>
    <HanCuoi>2018-10-20T00:00:00</HanCuoi>
  </XinGiay_DangKy>
  <XinGiay_DangKy>
    <Id>9650</Id>
    <So>585</So>
    <MaPC>CNSV</MaPC>
    <SinhVienId>5150</SinhVienId>
    <ThoiDiem>2018-09-20T15:30:46.2853972</ThoiDiem>
    <MaXL>Nhan</MaXL>
    <HanCuoi>2018-10-21T00:00:00</HanCuoi>
  </XinGiay_DangKy>
  <XinGiay_DangKy>
    <Id>9651</Id>
    <So>586</So>
    <MaPC>CNSV</MaPC>
    <SinhVienId>5150</SinhVienId>
    <ThoiDiem>2018-09-20T15:31:37.7498876</ThoiDiem>
    <MaXL>Nhan</MaXL>
    <HanCuoi>2018-10-21T00:00:00</HanCuoi>
  </XinGiay_DangKy>
  <XinGiay_DangKy>
    <Id>9652</Id>
    <So>591</So>
    <MaPC>CNSV</MaPC>
    <SinhVienId>2992</SinhVienId>
    <ThoiDiem>2018-09-20T16:05:18.6086371</ThoiDiem>
    <MaXL>Xong</MaXL>
    <HanCuoi>2018-10-21T00:00:00</HanCuoi>
  </XinGiay_DangKy>
  <XinGiay_DangKy>
    <Id>9653</Id>
    <So>588</So>
    <MaPC>CNSV</MaPC>
    <SinhVienId>454</SinhVienId>
    <ThoiDiem>2018-09-20T19:10:52.1921922</ThoiDiem>
    <MaXL>Nhan</MaXL>
    <HanCuoi>2018-10-21T00:00:00</HanCuoi>
  </XinGiay_DangKy>
  <XinGiay_DangKy>
    <Id>9654</Id>
    <MaPC>BD</MaPC>
    <SinhVienId>454</SinhVienId>
    <ThoiDiem>2018-09-20T19:12:31.8763673</ThoiDiem>
    <MaXL>Cho</MaXL>
  </XinGiay_DangKy>
  <XinGiay_DangKy>
    <Id>9655</Id>
    <MaPC>CNSV</MaPC>
    <SinhVienId>3079</SinhVienId>
    <ThoiDiem>2018-09-20T20:46:05.0782263</ThoiDiem>
    <MaXL>Sai</MaXL>
  </XinGiay_DangKy>
  <XinGiay_DangKy>
    <Id>9656</Id>
    <So>590</So>
    <MaPC>CNSV</MaPC>
    <SinhVienId>600</SinhVienId>
    <ThoiDiem>2018-09-20T21:14:42.2824425</ThoiDiem>
    <MaXL>Xong</MaXL>
    <HanCuoi>2018-10-21T00:00:00</HanCuoi>
  </XinGiay_DangKy>
  <XinGiay_DangKy>
    <Id>9657</Id>
    <MaPC>BD</MaPC>
    <SinhVienId>495</SinhVienId>
    <ThoiDiem>2018-09-21T00:16:40.5388194</ThoiDiem>
    <MaXL>Cho</MaXL>
  </XinGiay_DangKy>
  <XinGiay_DangKy>
    <Id>9658</Id>
    <MaPC>BD</MaPC>
    <SinhVienId>556</SinhVienId>
    <ThoiDiem>2018-09-21T09:04:55.176888</ThoiDiem>
    <MaXL>Cho</MaXL>
  </XinGiay_DangKy>
  <XinGiay_DangKy>
    <Id>9659</Id>
    <So>592</So>
    <MaPC>CNSV</MaPC>
    <SinhVienId>4578</SinhVienId>
    <ThoiDiem>2018-09-21T10:04:16.1327425</ThoiDiem>
    <MaXL>Xong</MaXL>
    <HanCuoi>2018-10-21T00:00:00</HanCuoi>
  </XinGiay_DangKy>
  <XinGiay_DangKy>
    <Id>9660</Id>
    <MaPC>BD</MaPC>
    <SinhVienId>166</SinhVienId>
    <ThoiDiem>2018-09-21T10:50:12.7043842</ThoiDiem>
    <MaXL>Cho</MaXL>
  </XinGiay_DangKy>
  <XinGiay_DangKy>
    <Id>9662</Id>
    <MaPC>BD</MaPC>
    <SinhVienId>3557</SinhVienId>
    <ThoiDiem>2018-09-21T14:59:02.523407</ThoiDiem>
    <MaXL>Cho</MaXL>
  </XinGiay_DangKy>
  <XinGiay_DangKy>
    <Id>9663</Id>
    <MaPC>BD</MaPC>
    <SinhVienId>468</SinhVienId>
    <ThoiDiem>2018-09-21T17:53:44.8682183</ThoiDiem>
    <MaXL>Cho</MaXL>
  </XinGiay_DangKy>
  <XinGiay_DangKy>
    <Id>9664</Id>
    <So>594</So>
    <MaPC>CNSV</MaPC>
    <SinhVienId>619</SinhVienId>
    <ThoiDiem>2018-09-21T20:46:18.762404</ThoiDiem>
    <MaXL>XuLy</MaXL>
    <HanCuoi>2018-10-27T00:00:00</HanCuoi>
  </XinGiay_DangKy>
  <XinGiay_DangKy>
    <Id>9665</Id>
    <MaPC>BD</MaPC>
    <SinhVienId>332</SinhVienId>
    <ThoiDiem>2018-09-21T20:49:24.5587303</ThoiDiem>
    <MaXL>Cho</MaXL>
  </XinGiay_DangKy>
  <XinGiay_DangKy>
    <Id>9666</Id>
    <MaPC>BD</MaPC>
    <SinhVienId>323</SinhVienId>
    <ThoiDiem>2018-09-21T22:47:07.7831362</ThoiDiem>
    <MaXL>Cho</MaXL>
  </XinGiay_DangKy>
  <XinGiay_DangKy>
    <Id>9667</Id>
    <So>595</So>
    <MaPC>CNSV</MaPC>
    <SinhVienId>402</SinhVienId>
    <ThoiDiem>2018-09-22T09:31:43.0122656</ThoiDiem>
    <MaXL>XuLy</MaXL>
    <HanCuoi>2018-10-27T00:00:00</HanCuoi>
  </XinGiay_DangKy>
  <XinGiay_DangKy>
    <Id>9669</Id>
    <MaPC>BD</MaPC>
    <SinhVienId>640</SinhVienId>
    <ThoiDiem>2018-09-22T13:32:55.0172844</ThoiDiem>
    <MaXL>Cho</MaXL>
  </XinGiay_DangKy>
  <XinGiay_DangKy>
    <Id>9670</Id>
    <MaPC>BD</MaPC>
    <SinhVienId>448</SinhVienId>
    <ThoiDiem>2018-09-22T13:34:09.3202149</ThoiDiem>
    <MaXL>Cho</MaXL>
  </XinGiay_DangKy>
  <XinGiay_DangKy>
    <Id>9671</Id>
    <So>596</So>
    <MaPC>CNSV</MaPC>
    <SinhVienId>3589</SinhVienId>
    <ThoiDiem>2018-09-22T13:36:18.7536422</ThoiDiem>
    <MaXL>XuLy</MaXL>
    <HanCuoi>2018-10-27T00:00:00</HanCuoi>
  </XinGiay_DangKy>
  <XinGiay_DangKy>
    <Id>9672</Id>
    <MaPC>BD</MaPC>
    <SinhVienId>3589</SinhVienId>
    <ThoiDiem>2018-09-22T13:54:42.8923815</ThoiDiem>
    <MaXL>Cho</MaXL>
  </XinGiay_DangKy>
  <XinGiay_DangKy>
    <Id>9674</Id>
    <So>597</So>
    <MaPC>CNSV</MaPC>
    <SinhVienId>4572</SinhVienId>
    <ThoiDiem>2018-09-23T14:03:33.3430668</ThoiDiem>
    <MaXL>XuLy</MaXL>
    <HanCuoi>2018-10-27T00:00:00</HanCuoi>
  </XinGiay_DangKy>
  <XinGiay_DangKy>
    <Id>9675</Id>
    <So>598</So>
    <MaPC>CNSV</MaPC>
    <SinhVienId>453</SinhVienId>
    <ThoiDiem>2018-09-23T14:42:54.4852139</ThoiDiem>
    <MaXL>XuLy</MaXL>
    <HanCuoi>2018-10-27T00:00:00</HanCuoi>
  </XinGiay_DangKy>
  <XinGiay_DangKy>
    <Id>9676</Id>
    <So>599</So>
    <MaPC>CNSV</MaPC>
    <SinhVienId>2545</SinhVienId>
    <ThoiDiem>2018-09-23T17:22:18.924413</ThoiDiem>
    <MaXL>XuLy</MaXL>
    <HanCuoi>2018-10-27T00:00:00</HanCuoi>
  </XinGiay_DangKy>
  <XinGiay_DangKy>
    <Id>9677</Id>
    <MaPC>BD</MaPC>
    <SinhVienId>3114</SinhVienId>
    <ThoiDiem>2018-09-23T18:09:06.7265446</ThoiDiem>
    <MaXL>Cho</MaXL>
  </XinGiay_DangKy>
  <XinGiay_DangKy>
    <Id>9678</Id>
    <MaPC>BD</MaPC>
    <SinhVienId>2994</SinhVienId>
    <ThoiDiem>2018-09-23T19:40:40.2761935</ThoiDiem>
    <MaXL>Cho</MaXL>
  </XinGiay_DangKy>
  <XinGiay_DangKy>
    <Id>9679</Id>
    <So>600</So>
    <MaPC>CNSV</MaPC>
    <SinhVienId>2971</SinhVienId>
    <ThoiDiem>2018-09-23T20:53:12.8554384</ThoiDiem>
    <MaXL>XuLy</MaXL>
    <HanCuoi>2018-10-27T00:00:00</HanCuoi>
  </XinGiay_DangKy>
  <XinGiay_DangKy>
    <Id>9680</Id>
    <MaPC>BD</MaPC>
    <SinhVienId>2971</SinhVienId>
    <ThoiDiem>2018-09-23T21:11:16.8857424</ThoiDiem>
    <MaXL>Cho</MaXL>
  </XinGiay_DangKy>
  <XinGiay_DangKy>
    <Id>9683</Id>
    <MaPC>CNSV</MaPC>
    <SinhVienId>677</SinhVienId>
    <ThoiDiem>2018-09-27T08:15:57.0459255</ThoiDiem>
    <MaXL>Sai</MaXL>
  </XinGiay_DangKy>
</data>