﻿<?xml version="1.0" encoding="utf-8"?>
<data>
  <XinGiay_BD>
    <DangKyId>2189</DangKyId>
    <SL>1</SL>
    <Tu>20131</Tu>
    <Den>20172</Den>
    <Md>Nộp đơn thi APS</Md>
  </XinGiay_BD>
  <XinGiay_BD>
    <DangKyId>5490</DangKyId>
    <SL>2</SL>
    <Tu>20121</Tu>
    <Den>20162</Den>
    <Md>hoàn thành thủ tục chuyển từ thực tập sinh sang nhân viên chính thức tại đơn vị đang công tác. </Md>
  </XinGiay_BD>
  <XinGiay_BD>
    <DangKyId>5544</DangKyId>
    <SL>2</SL>
    <Tu>20121</Tu>
    <Den>20121</Den>
    <Md>Em sử dụng để đính kèm hồ sơ xin việc, mong thầy cô lọc điểm F cho em ạ.</Md>
  </XinGiay_BD>
  <XinGiay_BD>
    <DangKyId>5705</DangKyId>
    <SL>1</SL>
    <Tu>20141</Tu>
    <Den>20171</Den>
    <Md>Hoàn thiện hồ sơ xét kết nạp Đảng</Md>
  </XinGiay_BD>
  <XinGiay_BD>
    <DangKyId>7206</DangKyId>
    <SL>1</SL>
    <Tu>20131</Tu>
    <Den>20172</Den>
    <Md>Nộp hồ sơ xin việc</Md>
  </XinGiay_BD>
  <XinGiay_BD>
    <DangKyId>7695</DangKyId>
    <SL>1</SL>
    <Tu>20131</Tu>
    <Den>20172</Den>
    <Md>Xin học bổng</Md>
  </XinGiay_BD>
  <XinGiay_BD>
    <DangKyId>7702</DangKyId>
    <SL>1</SL>
    <Tu>20131</Tu>
    <Den>20162</Den>
    <Md>Xin Học Bổng</Md>
  </XinGiay_BD>
  <XinGiay_BD>
    <DangKyId>7703</DangKyId>
    <SL>3</SL>
    <Tu>20131</Tu>
    <Den>20172</Den>
    <Md>Làm hồ sơ</Md>
  </XinGiay_BD>
  <XinGiay_BD>
    <DangKyId>7775</DangKyId>
    <SL>1</SL>
    <Tu>20131</Tu>
    <Den>20162</Den>
    <Md>Hồ sơ xin việc làm việc tại Công ty CP Armephaco</Md>
  </XinGiay_BD>
  <XinGiay_BD>
    <DangKyId>7793</DangKyId>
    <SL>1</SL>
    <Tu>20171</Tu>
    <Den>20172</Den>
    <Md>xin học bổng</Md>
  </XinGiay_BD>
  <XinGiay_BD>
    <DangKyId>7811</DangKyId>
    <SL>1</SL>
    <Tu>20121</Tu>
    <Den>20162</Den>
    <Md>nộp cho công ty xin phỏng vấn</Md>
  </XinGiay_BD>
  <XinGiay_BD>
    <DangKyId>7846</DangKyId>
    <SL>1</SL>
    <Tu>20121</Tu>
    <Den>20162</Den>
    <Md>Xin việc</Md>
  </XinGiay_BD>
  <XinGiay_BD>
    <DangKyId>7865</DangKyId>
    <SL>1</SL>
    <Tu>20131</Tu>
    <Den>20162</Den>
    <Md>Xin thực tập</Md>
  </XinGiay_BD>
  <XinGiay_BD>
    <DangKyId>7877</DangKyId>
    <SL>1</SL>
    <Tu>20131</Tu>
    <Den>20162</Den>
    <Md>Thực tập sinh</Md>
  </XinGiay_BD>
  <XinGiay_BD>
    <DangKyId>8001</DangKyId>
    <SL>3</SL>
    <Tu>20131</Tu>
    <Den>20162</Den>
    <Md>Nộp cho công ty thực tập</Md>
  </XinGiay_BD>
  <XinGiay_BD>
    <DangKyId>8005</DangKyId>
    <SL>1</SL>
    <Tu>20161</Tu>
    <Den>20161</Den>
    <Md>Thuthuy22992@gmail.com</Md>
  </XinGiay_BD>
  <XinGiay_BD>
    <DangKyId>8204</DangKyId>
    <SL>5</SL>
    <Tu>20131</Tu>
    <Den>20162</Den>
    <Md>Xin đi thực tập tại công ty </Md>
  </XinGiay_BD>
  <XinGiay_BD>
    <DangKyId>8207</DangKyId>
    <SL>1</SL>
    <Tu>20131</Tu>
    <Den>20172</Den>
    <Md>Em nộp cho công ty đang học việc.</Md>
  </XinGiay_BD>
  <XinGiay_BD>
    <DangKyId>8399</DangKyId>
    <SL>1</SL>
    <Tu>20131</Tu>
    <Den>20172</Den>
    <Md>Em đi xin việc ạ</Md>
  </XinGiay_BD>
  <XinGiay_BD>
    <DangKyId>8439</DangKyId>
    <SL>1</SL>
    <Tu>20131</Tu>
    <Den>20162</Den>
    <Md>Giấy tờ cần thiết để xin đi thực tập</Md>
  </XinGiay_BD>
  <XinGiay_BD>
    <DangKyId>8509</DangKyId>
    <SL>1</SL>
    <Tu>20161</Tu>
    <Den>20162</Den>
    <Md>Xin cấp học bổng của công ty DENSO</Md>
  </XinGiay_BD>
  <XinGiay_BD>
    <DangKyId>8527</DangKyId>
    <SL>3</SL>
    <Tu>20131</Tu>
    <Den>20172</Den>
    <Md>Du Hoc</Md>
  </XinGiay_BD>
  <XinGiay_BD>
    <DangKyId>8546</DangKyId>
    <SL>5</SL>
    <Tu>20121</Tu>
    <Den>20171</Den>
    <Md>Xin việc</Md>
  </XinGiay_BD>
  <XinGiay_BD>
    <DangKyId>8574</DangKyId>
    <SL>3</SL>
    <Tu>20131</Tu>
    <Den>20171</Den>
    <Md>Làm thủ tục đi thực tập</Md>
  </XinGiay_BD>
  <XinGiay_BD>
    <DangKyId>8587</DangKyId>
    <SL>1</SL>
    <Tu>20121</Tu>
    <Den>20171</Den>
    <Md>Xin viec</Md>
  </XinGiay_BD>
  <XinGiay_BD>
    <DangKyId>8610</DangKyId>
    <SL>3</SL>
    <Tu>20131</Tu>
    <Den>20172</Den>
    <Md>Xin thực tập</Md>
  </XinGiay_BD>
  <XinGiay_BD>
    <DangKyId>8618</DangKyId>
    <SL>1</SL>
    <Tu>20131</Tu>
    <Den>20171</Den>
    <Md>Xin việc thực tập.</Md>
  </XinGiay_BD>
  <XinGiay_BD>
    <DangKyId>8619</DangKyId>
    <SL>1</SL>
    <Tu>20131</Tu>
    <Den>20172</Den>
    <Md>Xin việc</Md>
  </XinGiay_BD>
  <XinGiay_BD>
    <DangKyId>8632</DangKyId>
    <SL>1</SL>
    <Tu>20141</Tu>
    <Den>20172</Den>
    <Md>nộp hồ sơ xin việc</Md>
  </XinGiay_BD>
  <XinGiay_BD>
    <DangKyId>8659</DangKyId>
    <SL>1</SL>
    <Tu>20141</Tu>
    <Den>20172</Den>
    <Md>Em gửi hồ sơ xin việc ạ.</Md>
  </XinGiay_BD>
  <XinGiay_BD>
    <DangKyId>8679</DangKyId>
    <SL>1</SL>
    <Tu>20131</Tu>
    <Den>20172</Den>
    <Md>Xin việc</Md>
  </XinGiay_BD>
  <XinGiay_BD>
    <DangKyId>8693</DangKyId>
    <SL>3</SL>
    <Tu>20131</Tu>
    <Den>20172</Den>
    <Md>làm hồ sơ xin việc, không lấy điểm F</Md>
  </XinGiay_BD>
  <XinGiay_BD>
    <DangKyId>8698</DangKyId>
    <SL>3</SL>
    <Tu>20121</Tu>
    <Den>20162</Den>
    <Md>Hoàn thiện hồ sơ xin việc làm.</Md>
  </XinGiay_BD>
  <XinGiay_BD>
    <DangKyId>8704</DangKyId>
    <SL>1</SL>
    <Tu>20151</Tu>
    <Den>20172</Den>
    <Md>Làm hồ sơ cho học bổng TFSCALE</Md>
  </XinGiay_BD>
  <XinGiay_BD>
    <DangKyId>8710</DangKyId>
    <SL>3</SL>
    <Tu>20121</Tu>
    <Den>20172</Den>
    <Md>Để tham gia phỏng vấn công việc</Md>
  </XinGiay_BD>
  <XinGiay_BD>
    <DangKyId>8720</DangKyId>
    <SL>3</SL>
    <Tu>20131</Tu>
    <Den>20172</Den>
    <Md>xin việc</Md>
  </XinGiay_BD>
  <XinGiay_BD>
    <DangKyId>8726</DangKyId>
    <SL>3</SL>
    <Tu>20131</Tu>
    <Den>20171</Den>
    <Md>Làm hồ sơ xin việc</Md>
  </XinGiay_BD>
  <XinGiay_BD>
    <DangKyId>8727</DangKyId>
    <SL>1</SL>
    <Tu>20141</Tu>
    <Den>20172</Den>
    <Md>Nộp hồ sơn học bổng</Md>
  </XinGiay_BD>
  <XinGiay_BD>
    <DangKyId>8729</DangKyId>
    <SL>1</SL>
    <Tu>20131</Tu>
    <Den>20171</Den>
    <Md>làm hồ sơ xin việc</Md>
  </XinGiay_BD>
  <XinGiay_BD>
    <DangKyId>8730</DangKyId>
    <SL>1</SL>
    <Tu>20131</Tu>
    <Den>20171</Den>
    <Md>Nộp vào SamSung</Md>
  </XinGiay_BD>
  <XinGiay_BD>
    <DangKyId>8734</DangKyId>
    <SL>1</SL>
    <Tu>20151</Tu>
    <Den>20172</Den>
    <Md>Nộp hồ sơ học bổng của trường Chung-Ang Hàn Quốc</Md>
  </XinGiay_BD>
  <XinGiay_BD>
    <DangKyId>8736</DangKyId>
    <SL>1</SL>
    <Tu>20111</Tu>
    <Den>20171</Den>
    <Md>xin việc</Md>
  </XinGiay_BD>
  <XinGiay_BD>
    <DangKyId>8738</DangKyId>
    <SL>1</SL>
    <Tu>20151</Tu>
    <Den>20171</Den>
    <Md>đăng kí học văn bằng 2</Md>
  </XinGiay_BD>
  <XinGiay_BD>
    <DangKyId>8748</DangKyId>
    <SL>1</SL>
    <Tu>20141</Tu>
    <Den>20172</Den>
    <Md>Nộp hồ sơ cao học</Md>
  </XinGiay_BD>
  <XinGiay_BD>
    <DangKyId>8761</DangKyId>
    <SL>1</SL>
    <Tu>20111</Tu>
    <Den>20172</Den>
    <Md>Em dùng để nộp CV xin việc</Md>
  </XinGiay_BD>
  <XinGiay_BD>
    <DangKyId>8770</DangKyId>
    <SL>1</SL>
    <Tu>20141</Tu>
    <Den>20172</Den>
    <Md>Đính kèm hồ sơ apply chương trình STP của Samsung (bản mềm)</Md>
  </XinGiay_BD>
  <XinGiay_BD>
    <DangKyId>8786</DangKyId>
    <SL>1</SL>
    <Tu>20172</Tu>
    <Den>20172</Den>
    <Md>xem điểm giữa kỳ</Md>
  </XinGiay_BD>
  <XinGiay_BD>
    <DangKyId>8789</DangKyId>
    <SL>1</SL>
    <Tu>20131</Tu>
    <Den>20172</Den>
    <Md>nộp cho công ty xin việc</Md>
  </XinGiay_BD>
  <XinGiay_BD>
    <DangKyId>8794</DangKyId>
    <SL>1</SL>
    <Tu>20172</Tu>
    <Den>20172</Den>
    <Md>Biet diem</Md>
  </XinGiay_BD>
  <XinGiay_BD>
    <DangKyId>8796</DangKyId>
    <SL>3</SL>
    <Tu>20131</Tu>
    <Den>20172</Den>
    <Md>Bổ sung hồ sơ xin việc</Md>
  </XinGiay_BD>
  <XinGiay_BD>
    <DangKyId>8802</DangKyId>
    <SL>1</SL>
    <Tu>20131</Tu>
    <Den>20172</Den>
    <Md>Dùng cho việc thực tập</Md>
  </XinGiay_BD>
  <XinGiay_BD>
    <DangKyId>8808</DangKyId>
    <SL>1</SL>
    <Tu>20131</Tu>
    <Den>20171</Den>
    <Md>Nộp hồ sơ</Md>
  </XinGiay_BD>
  <XinGiay_BD>
    <DangKyId>8827</DangKyId>
    <SL>1</SL>
  </XinGiay_BD>
  <XinGiay_BD>
    <DangKyId>8831</DangKyId>
    <SL>1</SL>
  </XinGiay_BD>
  <XinGiay_BD>
    <DangKyId>8848</DangKyId>
    <SL>1</SL>
    <Tu>20172</Tu>
    <Den>20172</Den>
    <Md>học tập</Md>
  </XinGiay_BD>
  <XinGiay_BD>
    <DangKyId>8858</DangKyId>
    <SL>1</SL>
    <Tu>20161</Tu>
    <Den>20172</Den>
    <Md>anhtuan9x232@gmail.com</Md>
  </XinGiay_BD>
  <XinGiay_BD>
    <DangKyId>8860</DangKyId>
    <SL>1</SL>
    <Tu>20171</Tu>
    <Den>20172</Den>
    <Md>xem điểm giữa kì</Md>
  </XinGiay_BD>
  <XinGiay_BD>
    <DangKyId>8876</DangKyId>
    <SL>1</SL>
    <Tu>20172</Tu>
    <Den>20172</Den>
    <Md>Xem điểm </Md>
  </XinGiay_BD>
  <XinGiay_BD>
    <DangKyId>8884</DangKyId>
    <SL>1</SL>
    <Tu>20172</Tu>
    <Den>20172</Den>
    <Md>Xem</Md>
  </XinGiay_BD>
  <XinGiay_BD>
    <DangKyId>8888</DangKyId>
    <SL>1</SL>
    <Tu>20172</Tu>
    <Den>20172</Den>
    <Md>Xem điểm</Md>
  </XinGiay_BD>
  <XinGiay_BD>
    <DangKyId>8891</DangKyId>
    <SL>1</SL>
    <Tu>20172</Tu>
    <Den>20172</Den>
    <Md>xem điểm </Md>
  </XinGiay_BD>
  <XinGiay_BD>
    <DangKyId>8894</DangKyId>
    <SL>1</SL>
    <Tu>20172</Tu>
    <Den>20172</Den>
    <Md>A</Md>
  </XinGiay_BD>
  <XinGiay_BD>
    <DangKyId>8910</DangKyId>
    <SL>5</SL>
    <Tu>20172</Tu>
    <Den>20172</Den>
    <Md>Xem điểm ạ</Md>
  </XinGiay_BD>
  <XinGiay_BD>
    <DangKyId>8914</DangKyId>
    <SL>1</SL>
    <Tu>20172</Tu>
    <Den>20172</Den>
    <Md>Xem</Md>
  </XinGiay_BD>
  <XinGiay_BD>
    <DangKyId>8918</DangKyId>
    <SL>3</SL>
    <Tu>20131</Tu>
    <Den>20171</Den>
    <Md>Xin việc</Md>
  </XinGiay_BD>
  <XinGiay_BD>
    <DangKyId>8922</DangKyId>
    <SL>3</SL>
    <Tu>20121</Tu>
    <Den>20172</Den>
    <Md>xin viec</Md>
  </XinGiay_BD>
  <XinGiay_BD>
    <DangKyId>8928</DangKyId>
    <SL>1</SL>
    <Tu>20131</Tu>
    <Den>20172</Den>
    <Md>Tài liệu để ứng tuyển vị trí lập trình viên SVMC Samsung</Md>
  </XinGiay_BD>
  <XinGiay_BD>
    <DangKyId>9021</DangKyId>
    <SL>1</SL>
    <Tu>20151</Tu>
    <Den>20172</Den>
    <Md>Bổ sung hồ sơ cho thực tập kĩ thuật</Md>
  </XinGiay_BD>
  <XinGiay_BD>
    <DangKyId>9114</DangKyId>
    <SL>1</SL>
    <Tu>20151</Tu>
    <Den>20172</Den>
    <Md>nộp CV xin đi thực tập kĩ thuật</Md>
  </XinGiay_BD>
  <XinGiay_BD>
    <DangKyId>9126</DangKyId>
    <SL>1</SL>
    <Tu>20131</Tu>
    <Den>20172</Den>
    <Md>Nộp CV phỏng vấn việc làm</Md>
  </XinGiay_BD>
  <XinGiay_BD>
    <DangKyId>9145</DangKyId>
    <SL>1</SL>
    <Tu>20172</Tu>
    <Den>20172</Den>
    <Md>Nộp CV thực tập </Md>
  </XinGiay_BD>
  <XinGiay_BD>
    <DangKyId>9231</DangKyId>
    <SL>1</SL>
    <Tu>20172</Tu>
    <Den>20172</Den>
    <Md>a</Md>
  </XinGiay_BD>
  <XinGiay_BD>
    <DangKyId>9254</DangKyId>
    <SL>3</SL>
    <Tu>20131</Tu>
    <Den>20172</Den>
    <Md>Xin việc làm</Md>
  </XinGiay_BD>
  <XinGiay_BD>
    <DangKyId>9266</DangKyId>
    <SL>1</SL>
    <Tu>20151</Tu>
    <Den>20172</Den>
    <Md>Em nộp cho công ty VNPT. </Md>
  </XinGiay_BD>
  <XinGiay_BD>
    <DangKyId>9274</DangKyId>
    <SL>3</SL>
    <Tu>20131</Tu>
    <Den>20172</Den>
    <Md>sử dụng cho hồ sơ xin việc.</Md>
  </XinGiay_BD>
  <XinGiay_BD>
    <DangKyId>9299</DangKyId>
    <SL>1</SL>
    <Tu>20172</Tu>
    <Den>20172</Den>
    <Md>qa</Md>
  </XinGiay_BD>
  <XinGiay_BD>
    <DangKyId>9318</DangKyId>
    <SL>1</SL>
    <Tu>20161</Tu>
    <Den>20172</Den>
    <Md>Xin học bổng</Md>
  </XinGiay_BD>
  <XinGiay_BD>
    <DangKyId>9320</DangKyId>
    <SL>1</SL>
    <Tu>20161</Tu>
    <Den>20172</Den>
    <Md>Làm hồ sơ xin học bổng</Md>
  </XinGiay_BD>
  <XinGiay_BD>
    <DangKyId>9326</DangKyId>
    <SL>3</SL>
    <Tu>20111</Tu>
    <Den>20172</Den>
    <Md>Đăng kí chứng chỉ quốc phòng và thể dục</Md>
  </XinGiay_BD>
  <XinGiay_BD>
    <DangKyId>9328</DangKyId>
    <SL>1</SL>
    <Tu>20131</Tu>
    <Den>20172</Den>
    <Md />
  </XinGiay_BD>
  <XinGiay_BD>
    <DangKyId>9332</DangKyId>
    <SL>1</SL>
    <Tu>20161</Tu>
    <Den>20172</Den>
    <Md>Làm hồ sơ đăng kí học bổng</Md>
  </XinGiay_BD>
  <XinGiay_BD>
    <DangKyId>9340</DangKyId>
    <SL>3</SL>
    <Tu>20161</Tu>
    <Den>20172</Den>
    <Md>Đăng kí học bổng</Md>
  </XinGiay_BD>
  <XinGiay_BD>
    <DangKyId>9342</DangKyId>
    <SL>1</SL>
    <Tu>20161</Tu>
    <Den>20172</Den>
    <Md>Xin học bổng</Md>
  </XinGiay_BD>
  <XinGiay_BD>
    <DangKyId>9348</DangKyId>
    <SL>3</SL>
    <Tu>20131</Tu>
    <Den>20172</Den>
    <Md>Xin việc</Md>
  </XinGiay_BD>
  <XinGiay_BD>
    <DangKyId>9358</DangKyId>
    <SL>3</SL>
    <Tu>20121</Tu>
    <Den>20172</Den>
    <Md>Nộp hồ sơ xin việc</Md>
  </XinGiay_BD>
  <XinGiay_BD>
    <DangKyId>9364</DangKyId>
    <SL>1</SL>
    <Tu>20121</Tu>
    <Den>20172</Den>
    <Md>Xin việc</Md>
  </XinGiay_BD>
  <XinGiay_BD>
    <DangKyId>9366</DangKyId>
    <SL>3</SL>
    <Tu>20131</Tu>
    <Den>20172</Den>
    <Md>Xin việc</Md>
  </XinGiay_BD>
  <XinGiay_BD>
    <DangKyId>9368</DangKyId>
    <SL>3</SL>
    <Tu>20141</Tu>
    <Den>20172</Den>
    <Md>Bổ sung hồ sơ xin việc</Md>
  </XinGiay_BD>
  <XinGiay_BD>
    <DangKyId>9370</DangKyId>
    <SL>3</SL>
    <Tu>20171</Tu>
    <Den>20172</Den>
    <Md>Sử dụng cho hồ sơ thực tập tại Viettel R&amp;D</Md>
  </XinGiay_BD>
  <XinGiay_BD>
    <DangKyId>9377</DangKyId>
    <SL>5</SL>
    <Tu>20131</Tu>
    <Den>20172</Den>
    <Md>Apply học bổng, không lấy điểm F và điểm thấp đã được cải thiện</Md>
  </XinGiay_BD>
  <XinGiay_BD>
    <DangKyId>9411</DangKyId>
    <SL>1</SL>
    <Tu>20141</Tu>
    <Den>20172</Den>
    <Md>apply học bổng</Md>
  </XinGiay_BD>
  <XinGiay_BD>
    <DangKyId>9417</DangKyId>
    <SL>3</SL>
    <Tu>20141</Tu>
    <Den>20172</Den>
    <Md>Nộp hồ sơ chương trình trao đổi sinh viên</Md>
  </XinGiay_BD>
  <XinGiay_BD>
    <DangKyId>9425</DangKyId>
    <SL>1</SL>
    <Tu>20161</Tu>
    <Den>20172</Den>
    <Md>Nộp đăng kí chương trình TFI SCALE 2018</Md>
  </XinGiay_BD>
  <XinGiay_BD>
    <DangKyId>9431</DangKyId>
    <SL>3</SL>
    <Tu>20161</Tu>
    <Den>20172</Den>
    <Md>Để apply cho chương trình TF Scale Singapore 2018</Md>
  </XinGiay_BD>
  <XinGiay_BD>
    <DangKyId>9438</DangKyId>
    <SL>5</SL>
    <Tu>20131</Tu>
    <Den>20172</Den>
    <Md>Để em có thể xin việc ạ.</Md>
  </XinGiay_BD>
  <XinGiay_BD>
    <DangKyId>9443</DangKyId>
    <SL>3</SL>
    <Tu>20131</Tu>
    <Den>20171</Den>
    <Md>Làm hồ sơ</Md>
  </XinGiay_BD>
  <XinGiay_BD>
    <DangKyId>9449</DangKyId>
    <SL>1</SL>
    <Tu>20131</Tu>
    <Den>20172</Den>
    <Md>Xin học bổng trao đổi sinh viên với trường tại Temasek Polytechnque Singapore</Md>
  </XinGiay_BD>
  <XinGiay_BD>
    <DangKyId>9457</DangKyId>
    <SL>1</SL>
    <Tu>20161</Tu>
    <Den>20172</Den>
    <Md>Xin học bổng</Md>
  </XinGiay_BD>
  <XinGiay_BD>
    <DangKyId>9461</DangKyId>
    <SL>3</SL>
    <Tu>20131</Tu>
    <Den>20172</Den>
    <Md>Em đi xin việc làm ạ. </Md>
  </XinGiay_BD>
  <XinGiay_BD>
    <DangKyId>9463</DangKyId>
    <SL>3</SL>
    <Tu>20131</Tu>
    <Den>20172</Den>
    <Md>Sử dụng để xin việc.</Md>
  </XinGiay_BD>
  <XinGiay_BD>
    <DangKyId>9469</DangKyId>
    <SL>1</SL>
    <Tu>20131</Tu>
    <Den>20172</Den>
    <Md>Nộp CV học bổng</Md>
  </XinGiay_BD>
  <XinGiay_BD>
    <DangKyId>9474</DangKyId>
    <SL>1</SL>
    <Tu>20131</Tu>
    <Den>20172</Den>
    <Md>Nộp hồ sơ</Md>
  </XinGiay_BD>
  <XinGiay_BD>
    <DangKyId>9484</DangKyId>
    <SL>1</SL>
    <Tu>20131</Tu>
    <Den>20172</Den>
    <Md>Nộp hồ sơ việc làm</Md>
  </XinGiay_BD>
  <XinGiay_BD>
    <DangKyId>9486</DangKyId>
    <SL>5</SL>
    <Tu>20131</Tu>
    <Den>20172</Den>
    <Md>Làm hồ sơ xin việc</Md>
  </XinGiay_BD>
  <XinGiay_BD>
    <DangKyId>9490</DangKyId>
    <SL>1</SL>
    <Tu>20131</Tu>
    <Den>20172</Den>
    <Md>Xin việc</Md>
  </XinGiay_BD>
  <XinGiay_BD>
    <DangKyId>9497</DangKyId>
    <SL>3</SL>
    <Tu>20141</Tu>
    <Den>20172</Den>
    <Md>For KAIST EE Camp 2018</Md>
  </XinGiay_BD>
  <XinGiay_BD>
    <DangKyId>9499</DangKyId>
    <SL>1</SL>
    <Tu>20131</Tu>
    <Den>20172</Den>
    <Md>Làm hồ sơ xin việc</Md>
  </XinGiay_BD>
  <XinGiay_BD>
    <DangKyId>9512</DangKyId>
    <SL>1</SL>
    <Tu>20141</Tu>
    <Den>20172</Den>
    <Md>đăng kí học bổng</Md>
  </XinGiay_BD>
  <XinGiay_BD>
    <DangKyId>9514</DangKyId>
    <SL>1</SL>
    <Tu>20141</Tu>
    <Den>20172</Den>
    <Md>Nộp hồ sơ xét duyệt cao học</Md>
  </XinGiay_BD>
  <XinGiay_BD>
    <DangKyId>9518</DangKyId>
    <SL>3</SL>
    <Tu>20131</Tu>
    <Den>20172</Den>
    <Md>Xin việc làm</Md>
  </XinGiay_BD>
  <XinGiay_BD>
    <DangKyId>9553</DangKyId>
    <SL>1</SL>
    <Tu>20141</Tu>
    <Den>20172</Den>
    <Md>Nộp phòng đào tạo xin chuyển điểm lên Kỹ sư</Md>
  </XinGiay_BD>
  <XinGiay_BD>
    <DangKyId>9577</DangKyId>
    <SL>3</SL>
    <Tu>20121</Tu>
    <Den>20161</Den>
    <Md>em muốn sử dụng bảng điểm để xin việc ạ</Md>
  </XinGiay_BD>
  <XinGiay_BD>
    <DangKyId>9585</DangKyId>
    <SL>2</SL>
    <Tu>20131</Tu>
    <Den>20131</Den>
    <Md>xin việc ạ</Md>
  </XinGiay_BD>
  <XinGiay_BD>
    <DangKyId>9586</DangKyId>
    <SL>2</SL>
    <Tu>20141</Tu>
    <Den>20172</Den>
    <Md>Xác nhận bảng điểm cho bên trung tâm BKACAD nhận học bổng khóa ITE Cisco</Md>
  </XinGiay_BD>
  <XinGiay_BD>
    <DangKyId>9587</DangKyId>
    <SL>1</SL>
    <Tu>20141</Tu>
    <Den>20172</Den>
    <Md>Em sử dụng để xin đi thực tập ở 1 công ty.</Md>
  </XinGiay_BD>
  <XinGiay_BD>
    <DangKyId>9589</DangKyId>
    <SL>1</SL>
    <Tu>20172</Tu>
    <Den>20172</Den>
    <Md>đăng kí học bổng</Md>
  </XinGiay_BD>
  <XinGiay_BD>
    <DangKyId>9591</DangKyId>
    <SL>1</SL>
    <Tu>20141</Tu>
    <Den>20172</Den>
    <Md>Xin cấp học bổng</Md>
  </XinGiay_BD>
  <XinGiay_BD>
    <DangKyId>9594</DangKyId>
    <SL>1</SL>
    <Tu>20141</Tu>
    <Den>20172</Den>
    <Md>Kê khai giấy tờ cần thiết tại công ty đang thực tập.</Md>
  </XinGiay_BD>
  <XinGiay_BD>
    <DangKyId>9598</DangKyId>
    <SL>1</SL>
    <Tu>20141</Tu>
    <Den>20172</Den>
    <Md>Để nộp hồ sơ cho công ti</Md>
  </XinGiay_BD>
  <XinGiay_BD>
    <DangKyId>9604</DangKyId>
    <SL>1</SL>
    <Tu>20151</Tu>
    <Den>20172</Den>
    <Md>Nộp cho công ty</Md>
  </XinGiay_BD>
  <XinGiay_BD>
    <DangKyId>9654</DangKyId>
    <SL>1</SL>
    <Tu>1</Tu>
    <Den>81</Den>
    <Md>Đăng kí học bổng BKCAD.</Md>
  </XinGiay_BD>
  <XinGiay_BD>
    <DangKyId>9657</DangKyId>
    <SL>1</SL>
    <Tu>20141</Tu>
    <Den>20172</Den>
    <Md>Nhận học bổng khóa học</Md>
  </XinGiay_BD>
  <XinGiay_BD>
    <DangKyId>9658</DangKyId>
    <SL>2</SL>
    <Tu>20141</Tu>
    <Den>20172</Den>
    <Md>Đăng ký Khoá Học BKCAD</Md>
  </XinGiay_BD>
  <XinGiay_BD>
    <DangKyId>9660</DangKyId>
    <SL>1</SL>
    <Tu>20141</Tu>
    <Den>20172</Den>
    <Md>em nộp xin việc</Md>
  </XinGiay_BD>
  <XinGiay_BD>
    <DangKyId>9662</DangKyId>
    <SL>2</SL>
    <Tu>1</Tu>
    <Den>6001</Den>
    <Md>xin học bổng</Md>
  </XinGiay_BD>
  <XinGiay_BD>
    <DangKyId>9663</DangKyId>
    <SL>2</SL>
    <Tu>20141</Tu>
    <Den>20172</Den>
    <Md>Xin học bổng tại học viện công nghệ thông tin Bách Khoa BKACAD</Md>
  </XinGiay_BD>
  <XinGiay_BD>
    <DangKyId>9665</DangKyId>
    <SL>1</SL>
    <Tu>20141</Tu>
    <Den>20172</Den>
    <Md>Xin cấp học bổng ITE của học viện công nghệ thông tin Bách Khoa BKACAD</Md>
  </XinGiay_BD>
  <XinGiay_BD>
    <DangKyId>9666</DangKyId>
    <SL>1</SL>
    <Tu>20141</Tu>
    <Den>20172</Den>
    <Md>Dùng cho việc đi học, nâng cao trinh độ bản thân</Md>
  </XinGiay_BD>
  <XinGiay_BD>
    <DangKyId>9669</DangKyId>
    <SL>1</SL>
    <Tu>20141</Tu>
    <Den>20172</Den>
    <Md>Nộp hồ sơ học bổng</Md>
  </XinGiay_BD>
  <XinGiay_BD>
    <DangKyId>9670</DangKyId>
    <SL>1</SL>
    <Tu>20141</Tu>
    <Den>20172</Den>
    <Md>Xét học bổng của BKCAD</Md>
  </XinGiay_BD>
  <XinGiay_BD>
    <DangKyId>9672</DangKyId>
    <SL>1</SL>
    <Tu>20151</Tu>
    <Den>20172</Den>
    <Md>Đăng ký trao đổi sinh viên</Md>
  </XinGiay_BD>
  <XinGiay_BD>
    <DangKyId>9677</DangKyId>
    <SL>2</SL>
    <Tu>20151</Tu>
    <Den>20172</Den>
    <Md>Xác nhận bảng điểm nhận học bổng bkacad</Md>
  </XinGiay_BD>
  <XinGiay_BD>
    <DangKyId>9678</DangKyId>
    <SL>1</SL>
    <Tu>10001</Tu>
    <Den>10042</Den>
    <Md>Làm hồ sơ thực tập</Md>
  </XinGiay_BD>
  <XinGiay_BD>
    <DangKyId>9680</DangKyId>
    <SL>1</SL>
    <Tu>10011</Tu>
    <Den>10042</Den>
    <Md>nhằm xin thực tập </Md>
  </XinGiay_BD>
</data>