﻿<?xml version="1.0" encoding="utf-8"?>
<data>
  <XinGiay_GT>
    <DangKyId>7697</DangKyId>
    <Kg>Phòng CTCT- CTSV</Kg>
    <Vv>Học bổng Hỗ trợ học tập</Vv>
  </XinGiay_GT>
  <XinGiay_GT>
    <DangKyId>7821</DangKyId>
    <Kg>Công ty Cổ phần Viễn thông - Tin học Bưu điện (CTIN)</Kg>
    <Vv>Thực tập</Vv>
  </XinGiay_GT>
  <XinGiay_GT>
    <DangKyId>8001</DangKyId>
    <Kg>nhg</Kg>
    <Vv>nhg</Vv>
  </XinGiay_GT>
  <XinGiay_GT>
    <DangKyId>8574</DangKyId>
    <Kg>Bệnh viện Bạch Mai</Kg>
    <Vv>Thực tập tốt nghiệp</Vv>
  </XinGiay_GT>
  <XinGiay_GT>
    <DangKyId>8598</DangKyId>
    <Kg>công ty IDSMED</Kg>
    <Vv>xin thực tập tốt nghiệp</Vv>
  </XinGiay_GT>
  <XinGiay_GT>
    <DangKyId>8600</DangKyId>
    <Kg>Công ty TNHH TM&amp;DV kỹ thuật Việt Thái</Kg>
    <Vv>Thực tập</Vv>
  </XinGiay_GT>
  <XinGiay_GT>
    <DangKyId>8926</DangKyId>
    <Kg>Tập đoàn BKAV</Kg>
    <Vv>Xin thực tập kỹ thuật tại công ty </Vv>
  </XinGiay_GT>
  <XinGiay_GT>
    <DangKyId>8988</DangKyId>
    <Kg>Trung tâm quản lý, điều hành mạng ( noc) mobifone</Kg>
    <Vv>Xin giới thiệu thực tập kỹ thuật </Vv>
  </XinGiay_GT>
  <XinGiay_GT>
    <DangKyId>9040</DangKyId>
    <Kg>công ty cổ phần kasati</Kg>
    <Vv>thực tập kĩ thuật</Vv>
  </XinGiay_GT>
  <XinGiay_GT>
    <DangKyId>9072</DangKyId>
    <Kg>Công ty cổ phần Kasati miền Bắc</Kg>
    <Vv>Thực tập kỹ thuật</Vv>
  </XinGiay_GT>
  <XinGiay_GT>
    <DangKyId>9077</DangKyId>
    <Kg>VNPT technology</Kg>
    <Vv>Thực tập kỹ thuật</Vv>
  </XinGiay_GT>
  <XinGiay_GT>
    <DangKyId>9143</DangKyId>
    <Kg>VNPT</Kg>
    <Vv>Thực tập hè 2018</Vv>
  </XinGiay_GT>
  <XinGiay_GT>
    <DangKyId>9151</DangKyId>
    <Kg>CÔNG TY CP CÔNG NGHỆ CÔNG NGHIỆP BCVT VNPT TECHNOLOGY</Kg>
    <Vv>Thực tập kỹ thuật</Vv>
  </XinGiay_GT>
  <XinGiay_GT>
    <DangKyId>9153</DangKyId>
    <Kg>CÔNG TY CP CÔNG NGHỆ CÔNG NGHIỆP BCVT VNPT TECHNOLOGY</Kg>
    <Vv>Thực tập kỹ thuật</Vv>
  </XinGiay_GT>
  <XinGiay_GT>
    <DangKyId>9170</DangKyId>
    <Kg>Công ty TNHH ANSV</Kg>
    <Vv>Thực tập kỹ thuật</Vv>
  </XinGiay_GT>
  <XinGiay_GT>
    <DangKyId>9196</DangKyId>
    <Kg>Công ty VNPT Technology</Kg>
    <Vv>Thực tập kỹ thuật hè 2017</Vv>
  </XinGiay_GT>
  <XinGiay_GT>
    <DangKyId>9227</DangKyId>
    <Kg>Công ty cổ phần Kasati</Kg>
    <Vv>thực tập kĩ thuật</Vv>
  </XinGiay_GT>
  <XinGiay_GT>
    <DangKyId>9270</DangKyId>
    <Kg>Công ty cổ phần Kasati</Kg>
    <Vv>Thực tập kỹ thuật</Vv>
  </XinGiay_GT>
  <XinGiay_GT>
    <DangKyId>9309</DangKyId>
    <Kg>Công ti cổ phần Kasati</Kg>
    <Vv>Thực tập kĩ thuật</Vv>
  </XinGiay_GT>
  <XinGiay_GT>
    <DangKyId>9419</DangKyId>
    <Kg>Trung tâm công nghệ VNPT Technology</Kg>
    <Vv>Thực tập kỹ thuật</Vv>
  </XinGiay_GT>
  <XinGiay_GT>
    <DangKyId>9451</DangKyId>
    <Kg>Phòng Hợp Tác Quốc Tế</Kg>
    <Vv>Em chào Thầy/Cô . Em muốn xin giấy giới thiệu để  đăng kí vào chương trình: Học bổng trao đổi tại Singapore – TF SCALE 2018-2019 Chương trình trao đổi sinh viên tại Temasek Polytechnque Singapore. Em xin cảm ơn ạ.</Vv>
  </XinGiay_GT>
  <XinGiay_GT>
    <DangKyId>9476</DangKyId>
    <Kg>Công ty TNHH Thương Mại và Dịch Vụ Tin Học Tường Chí Lâm</Kg>
    <Vv>Thực tập kĩ thuật tại Công ty</Vv>
  </XinGiay_GT>
  <XinGiay_GT>
    <DangKyId>9627</DangKyId>
    <Kg>Công ty FPT Telecom</Kg>
    <Vv>Thực tập sinh</Vv>
  </XinGiay_GT>
  <XinGiay_GT>
    <DangKyId>9628</DangKyId>
    <Kg>The Broadband Multimedia and Wireless Research Laboratory (BMW Lab) at the National Taiwan University of Science and Technology</Kg>
    <Vv>Tham gia khóa thực tập tại BMW Lab theo chương trình "Laboratory Internship at National Taiwan University of Science and Technology" </Vv>
  </XinGiay_GT>
</data>