﻿<?xml version="1.0" encoding="utf-8"?>
<data>
  <XinGiay_GTR>
    <DangKyId>7649</DangKyId>
    <Kg>Công an quận Hai Bà Trưng</Kg>
    <Vv>Đăng kí cấp biển số xe máy</Vv>
  </XinGiay_GTR>
  <XinGiay_GTR>
    <DangKyId>7790</DangKyId>
    <Kg>Công an quận Hai Bà Trưng</Kg>
    <Vv>Đăng kí xe máy</Vv>
  </XinGiay_GTR>
  <XinGiay_GTR>
    <DangKyId>8708</DangKyId>
    <Kg>Trung tâm mạng lưới Mobifone Miền Bắc</Kg>
    <Vv>Thực tập </Vv>
  </XinGiay_GTR>
  <XinGiay_GTR>
    <DangKyId>8763</DangKyId>
    <Kg>Công an quận Hai Bà Trưng, thành phố Hà Nội</Kg>
    <Vv>Đăng ký giấy tờ xe</Vv>
  </XinGiay_GTR>
  <XinGiay_GTR>
    <DangKyId>8776</DangKyId>
    <Kg>Công an quận Hai Bà Trưng</Kg>
    <Vv>Cấp lại giấy đăng ký xe máy</Vv>
  </XinGiay_GTR>
  <XinGiay_GTR>
    <DangKyId>9001</DangKyId>
    <Kg> Trung tâm MimoTek trực thuộc công ty VNPT-TECHNOLOGY</Kg>
    <Vv>Thực tập tại công ty</Vv>
  </XinGiay_GTR>
  <XinGiay_GTR>
    <DangKyId>9005</DangKyId>
    <Kg>VNPT TECHNOLOGY</Kg>
    <Vv>Thực tập tại công ty</Vv>
  </XinGiay_GTR>
  <XinGiay_GTR>
    <DangKyId>9019</DangKyId>
    <Kg>công ty VNPT-TECHNOLOGY,</Kg>
    <Vv>Thực tập</Vv>
  </XinGiay_GTR>
  <XinGiay_GTR>
    <DangKyId>9116</DangKyId>
    <Kg>Công ty Cổ phần Công nghệ Công nghiệp Bưu chính viễn thông (VNPT Technology)</Kg>
    <Vv>thực tập kĩ thuật </Vv>
  </XinGiay_GTR>
  <XinGiay_GTR>
    <DangKyId>9140</DangKyId>
    <Kg>Công ty VNPT TECHNOLOGY</Kg>
    <Vv>Sinh viên đến công ty thực tập</Vv>
  </XinGiay_GTR>
  <XinGiay_GTR>
    <DangKyId>9240</DangKyId>
    <Kg>công ti kasati</Kg>
    <Vv>thực tập kĩ thuật hè 20173</Vv>
  </XinGiay_GTR>
  <XinGiay_GTR>
    <DangKyId>9334</DangKyId>
    <Kg>Công an quận Hai Bà Trưng</Kg>
    <Vv>Đăng ký biển số xe.</Vv>
  </XinGiay_GTR>
  <XinGiay_GTR>
    <DangKyId>9584</DangKyId>
    <Kg>Tổng công ty thiết bị y tế Việt Nam</Kg>
    <Vv>Xin đi thực tập</Vv>
  </XinGiay_GTR>
  <XinGiay_GTR>
    <DangKyId>9629</DangKyId>
    <Kg>Cơ quan công an Quận Hai Bà Trưng</Kg>
    <Vv>Đăng ký xe máy</Vv>
  </XinGiay_GTR>
</data>