﻿<?xml version="1.0" encoding="utf-8"?>
<data>
  <XinGiay_Cho>
    <DangKyId>9654</DangKyId>
  </XinGiay_Cho>
  <XinGiay_Cho>
    <DangKyId>9657</DangKyId>
  </XinGiay_Cho>
  <XinGiay_Cho>
    <DangKyId>9658</DangKyId>
  </XinGiay_Cho>
  <XinGiay_Cho>
    <DangKyId>9660</DangKyId>
  </XinGiay_Cho>
  <XinGiay_Cho>
    <DangKyId>9662</DangKyId>
  </XinGiay_Cho>
  <XinGiay_Cho>
    <DangKyId>9663</DangKyId>
  </XinGiay_Cho>
  <XinGiay_Cho>
    <DangKyId>9665</DangKyId>
  </XinGiay_Cho>
  <XinGiay_Cho>
    <DangKyId>9666</DangKyId>
  </XinGiay_Cho>
  <XinGiay_Cho>
    <DangKyId>9669</DangKyId>
  </XinGiay_Cho>
  <XinGiay_Cho>
    <DangKyId>9670</DangKyId>
  </XinGiay_Cho>
  <XinGiay_Cho>
    <DangKyId>9672</DangKyId>
  </XinGiay_Cho>
  <XinGiay_Cho>
    <DangKyId>9677</DangKyId>
  </XinGiay_Cho>
  <XinGiay_Cho>
    <DangKyId>9678</DangKyId>
  </XinGiay_Cho>
  <XinGiay_Cho>
    <DangKyId>9680</DangKyId>
  </XinGiay_Cho>
</data>