﻿<?xml version="1.0" encoding="utf-8"?>
<data>
  <XinGiay_XuLy>
    <DangKyId>9664</DangKyId>
  </XinGiay_XuLy>
  <XinGiay_XuLy>
    <DangKyId>9667</DangKyId>
  </XinGiay_XuLy>
  <XinGiay_XuLy>
    <DangKyId>9671</DangKyId>
  </XinGiay_XuLy>
  <XinGiay_XuLy>
    <DangKyId>9674</DangKyId>
  </XinGiay_XuLy>
  <XinGiay_XuLy>
    <DangKyId>9675</DangKyId>
  </XinGiay_XuLy>
  <XinGiay_XuLy>
    <DangKyId>9676</DangKyId>
  </XinGiay_XuLy>
  <XinGiay_XuLy>
    <DangKyId>9679</DangKyId>
  </XinGiay_XuLy>
</data>