﻿<?xml version="1.0" encoding="utf-8"?>
<data>
  <XinGiay_Sai>
    <DangKyId>5490</DangKyId>
  </XinGiay_Sai>
  <XinGiay_Sai>
    <DangKyId>5544</DangKyId>
  </XinGiay_Sai>
  <XinGiay_Sai>
    <DangKyId>7822</DangKyId>
    <NoiDung>Nơi sinh chỉ ghi tên tỉnh hoặc thành phố</NoiDung>
  </XinGiay_Sai>
  <XinGiay_Sai>
    <DangKyId>7932</DangKyId>
    <NoiDung>Em phải viết hoa các tên riêng</NoiDung>
  </XinGiay_Sai>
  <XinGiay_Sai>
    <DangKyId>8028</DangKyId>
    <NoiDung>Em phải viết hoa các tên riêng, bổ sung chi tiết địa chỉ gia đình và chỗ ở hiện nay</NoiDung>
  </XinGiay_Sai>
  <XinGiay_Sai>
    <DangKyId>8111</DangKyId>
    <NoiDung>Nơi sinh chỉ ghi tên tỉnh hoặc thành phố</NoiDung>
  </XinGiay_Sai>
  <XinGiay_Sai>
    <DangKyId>8183</DangKyId>
    <NoiDung>Nơi sinh chỉ ghi tên tỉnh hoặc thành phố</NoiDung>
  </XinGiay_Sai>
  <XinGiay_Sai>
    <DangKyId>8410</DangKyId>
    <NoiDung>Nơi sinh chỉ ghi tên tỉnh hoặc thành phố. Viết hoa tất cả các tên riêng</NoiDung>
  </XinGiay_Sai>
  <XinGiay_Sai>
    <DangKyId>8574</DangKyId>
    <NoiDung>Thiếu thông tin về việc cần cấp giấy giới thiệu</NoiDung>
  </XinGiay_Sai>
  <XinGiay_Sai>
    <DangKyId>8623</DangKyId>
    <NoiDung>Nơi sinh chỉ ghi tên tỉnh hoặc thành phố</NoiDung>
  </XinGiay_Sai>
  <XinGiay_Sai>
    <DangKyId>8647</DangKyId>
    <NoiDung>Thiếu thông tin nơi sinh</NoiDung>
  </XinGiay_Sai>
  <XinGiay_Sai>
    <DangKyId>8672</DangKyId>
    <NoiDung>Nơi sinh chỉ ghi tên tỉnh hoặc thành phố</NoiDung>
  </XinGiay_Sai>
  <XinGiay_Sai>
    <DangKyId>8684</DangKyId>
    <NoiDung>Ghi cụ thể nơi ở tại Hà Nội</NoiDung>
  </XinGiay_Sai>
  <XinGiay_Sai>
    <DangKyId>8778</DangKyId>
    <NoiDung>Sửa lại thông tin chỗ ở hiện nay cho ngắn gọn và hợp lý</NoiDung>
  </XinGiay_Sai>
  <XinGiay_Sai>
    <DangKyId>8785</DangKyId>
    <NoiDung>Nơi sinh ghi tên tỉnh hoặc thành phố</NoiDung>
  </XinGiay_Sai>
  <XinGiay_Sai>
    <DangKyId>8787</DangKyId>
    <NoiDung>Nơi sinh chỉ ghi tên tỉnh hoặc thành phố</NoiDung>
  </XinGiay_Sai>
  <XinGiay_Sai>
    <DangKyId>8786</DangKyId>
    <NoiDung>Chưa có điểm kỳ 20172 em nhé</NoiDung>
  </XinGiay_Sai>
  <XinGiay_Sai>
    <DangKyId>8794</DangKyId>
    <NoiDung>Chưa có điểm của kỳ 20172</NoiDung>
  </XinGiay_Sai>
  <XinGiay_Sai>
    <DangKyId>8809</DangKyId>
    <NoiDung>Bổ sung cụ thể các thông tin về hộ khẩu thường trú và chỗ ở hiện nay</NoiDung>
  </XinGiay_Sai>
  <XinGiay_Sai>
    <DangKyId>8827</DangKyId>
    <NoiDung>Thiếu thông tin </NoiDung>
  </XinGiay_Sai>
  <XinGiay_Sai>
    <DangKyId>8831</DangKyId>
    <NoiDung>Bổ sung thêm thông tin </NoiDung>
  </XinGiay_Sai>
  <XinGiay_Sai>
    <DangKyId>8910</DangKyId>
    <NoiDung>Chưa có điểm kỳ 20172</NoiDung>
  </XinGiay_Sai>
  <XinGiay_Sai>
    <DangKyId>8914</DangKyId>
    <NoiDung>Chưa có điểm kỳ 20172</NoiDung>
  </XinGiay_Sai>
  <XinGiay_Sai>
    <DangKyId>9451</DangKyId>
    <NoiDung>Em lên phòng Hợp tác quốc tế để hỏi về thủ tục</NoiDung>
  </XinGiay_Sai>
  <XinGiay_Sai>
    <DangKyId>9417</DangKyId>
    <NoiDung>Em lên văn phòng Viện Điện hoặc phòng Đào tạo Đại học xin cấp bảng điểm</NoiDung>
  </XinGiay_Sai>
  <XinGiay_Sai>
    <DangKyId>9425</DangKyId>
    <NoiDung>Em lên văn phòng Viện Điện hoặc phòng Đào tạo Đại học xin cấp bảng điểm</NoiDung>
  </XinGiay_Sai>
  <XinGiay_Sai>
    <DangKyId>9497</DangKyId>
    <NoiDung>Em sang Viện Điện đăng ký xin bảng điểm</NoiDung>
  </XinGiay_Sai>
  <XinGiay_Sai>
    <DangKyId>9553</DangKyId>
    <NoiDung>Không có dữ liệu để in bảng điểm vì em đã tốt nghiệp</NoiDung>
  </XinGiay_Sai>
  <XinGiay_Sai>
    <DangKyId>9577</DangKyId>
    <NoiDung>Sinh viên đã tốt nghiệp nên không có dữ liệu trên hệ thống</NoiDung>
  </XinGiay_Sai>
  <XinGiay_Sai>
    <DangKyId>9603</DangKyId>
    <NoiDung>Nơi sinh chỉ ghi tên tỉnh hoặc thành phố</NoiDung>
  </XinGiay_Sai>
  <XinGiay_Sai>
    <DangKyId>9618</DangKyId>
    <NoiDung>Nơi sinh chỉ ghi tên tỉnh hoặc thành phố</NoiDung>
  </XinGiay_Sai>
  <XinGiay_Sai>
    <DangKyId>9655</DangKyId>
    <NoiDung>Nơi sinh chỉ ghi tên tỉnh hoặc thành phố</NoiDung>
  </XinGiay_Sai>
  <XinGiay_Sai>
    <DangKyId>9683</DangKyId>
    <NoiDung>Sai bét</NoiDung>
  </XinGiay_Sai>
</data>