﻿<?xml version="1.0" encoding="utf-8"?>
<data>
  <XinGiay_Nhan>
    <DangKyId>9514</DangKyId>
    <Ngay>2018-08-28T09:28:53.3669785</Ngay>
  </XinGiay_Nhan>
  <XinGiay_Nhan>
    <DangKyId>8748</DangKyId>
    <Ngay>2018-08-28T09:28:53.3669785</Ngay>
  </XinGiay_Nhan>
  <XinGiay_Nhan>
    <DangKyId>9569</DangKyId>
    <Ngay>2018-08-29T14:59:29.7407728</Ngay>
  </XinGiay_Nhan>
  <XinGiay_Nhan>
    <DangKyId>9554</DangKyId>
    <Ngay>2018-08-29T15:37:27.6255737</Ngay>
  </XinGiay_Nhan>
  <XinGiay_Nhan>
    <DangKyId>9573</DangKyId>
    <Ngay>2018-08-31T15:11:47.1287751</Ngay>
  </XinGiay_Nhan>
  <XinGiay_Nhan>
    <DangKyId>9572</DangKyId>
    <Ngay>2018-08-31T15:12:17.0964278</Ngay>
  </XinGiay_Nhan>
  <XinGiay_Nhan>
    <DangKyId>9558</DangKyId>
    <Ngay>2018-08-31T15:24:06.2268733</Ngay>
  </XinGiay_Nhan>
  <XinGiay_Nhan>
    <DangKyId>9529</DangKyId>
    <Ngay>2018-08-31T15:52:12.3558348</Ngay>
  </XinGiay_Nhan>
  <XinGiay_Nhan>
    <DangKyId>9579</DangKyId>
    <Ngay>2018-09-05T14:28:34.7776897</Ngay>
  </XinGiay_Nhan>
  <XinGiay_Nhan>
    <DangKyId>9581</DangKyId>
    <Ngay>2018-09-06T15:10:54.6055042</Ngay>
  </XinGiay_Nhan>
  <XinGiay_Nhan>
    <DangKyId>9584</DangKyId>
    <Ngay>2018-09-07T14:12:09.3610661</Ngay>
  </XinGiay_Nhan>
  <XinGiay_Nhan>
    <DangKyId>9576</DangKyId>
    <Ngay>2018-09-07T16:33:37.1799741</Ngay>
  </XinGiay_Nhan>
  <XinGiay_Nhan>
    <DangKyId>9585</DangKyId>
    <Ngay>2018-09-10T16:00:56.483116</Ngay>
  </XinGiay_Nhan>
  <XinGiay_Nhan>
    <DangKyId>9575</DangKyId>
    <Ngay>2018-09-11T14:07:52.8297547</Ngay>
  </XinGiay_Nhan>
  <XinGiay_Nhan>
    <DangKyId>9591</DangKyId>
    <Ngay>2018-09-12T10:04:44.9038859</Ngay>
  </XinGiay_Nhan>
  <XinGiay_Nhan>
    <DangKyId>9590</DangKyId>
    <Ngay>2018-09-12T10:04:55.9019053</Ngay>
  </XinGiay_Nhan>
  <XinGiay_Nhan>
    <DangKyId>9580</DangKyId>
    <Ngay>2018-09-12T10:05:06.7907244</Ngay>
  </XinGiay_Nhan>
  <XinGiay_Nhan>
    <DangKyId>9605</DangKyId>
    <Ngay>2018-09-12T10:05:34.480773</Ngay>
  </XinGiay_Nhan>
  <XinGiay_Nhan>
    <DangKyId>9589</DangKyId>
    <Ngay>2018-09-12T15:26:46.4114224</Ngay>
  </XinGiay_Nhan>
  <XinGiay_Nhan>
    <DangKyId>9578</DangKyId>
    <Ngay>2018-09-13T16:06:05.5909196</Ngay>
  </XinGiay_Nhan>
  <XinGiay_Nhan>
    <DangKyId>9583</DangKyId>
    <Ngay>2018-09-14T08:45:25.4662336</Ngay>
  </XinGiay_Nhan>
  <XinGiay_Nhan>
    <DangKyId>9587</DangKyId>
    <Ngay>2018-09-14T09:41:24.1053327</Ngay>
  </XinGiay_Nhan>
  <XinGiay_Nhan>
    <DangKyId>9597</DangKyId>
    <Ngay>2018-09-14T14:33:29.3945143</Ngay>
  </XinGiay_Nhan>
  <XinGiay_Nhan>
    <DangKyId>9598</DangKyId>
    <Ngay>2018-09-14T14:33:29.3945143</Ngay>
  </XinGiay_Nhan>
  <XinGiay_Nhan>
    <DangKyId>9593</DangKyId>
    <Ngay>2018-09-14T14:33:57.6617639</Ngay>
  </XinGiay_Nhan>
  <XinGiay_Nhan>
    <DangKyId>9594</DangKyId>
    <Ngay>2018-09-14T14:33:57.6617639</Ngay>
  </XinGiay_Nhan>
  <XinGiay_Nhan>
    <DangKyId>9615</DangKyId>
    <Ngay>2018-09-14T15:23:03.7425384</Ngay>
  </XinGiay_Nhan>
  <XinGiay_Nhan>
    <DangKyId>9614</DangKyId>
    <Ngay>2018-09-14T16:12:02.7253005</Ngay>
  </XinGiay_Nhan>
  <XinGiay_Nhan>
    <DangKyId>9609</DangKyId>
    <Ngay>2018-09-17T14:15:10.4437697</Ngay>
  </XinGiay_Nhan>
  <XinGiay_Nhan>
    <DangKyId>9596</DangKyId>
    <Ngay>2018-09-17T14:15:50.5202401</Ngay>
  </XinGiay_Nhan>
  <XinGiay_Nhan>
    <DangKyId>9606</DangKyId>
    <Ngay>2018-09-17T14:59:33.3840469</Ngay>
  </XinGiay_Nhan>
  <XinGiay_Nhan>
    <DangKyId>9612</DangKyId>
    <Ngay>2018-09-17T15:25:42.6220031</Ngay>
  </XinGiay_Nhan>
  <XinGiay_Nhan>
    <DangKyId>9619</DangKyId>
    <Ngay>2018-09-17T16:10:24.9219144</Ngay>
  </XinGiay_Nhan>
  <XinGiay_Nhan>
    <DangKyId>9628</DangKyId>
    <Ngay>2018-09-17T16:47:18.3006019</Ngay>
  </XinGiay_Nhan>
  <XinGiay_Nhan>
    <DangKyId>9608</DangKyId>
    <Ngay>2018-09-18T10:09:53.1468737</Ngay>
  </XinGiay_Nhan>
  <XinGiay_Nhan>
    <DangKyId>9617</DangKyId>
    <Ngay>2018-09-18T15:12:17.1955421</Ngay>
  </XinGiay_Nhan>
  <XinGiay_Nhan>
    <DangKyId>9626</DangKyId>
    <Ngay>2018-09-18T15:33:23.356166</Ngay>
  </XinGiay_Nhan>
  <XinGiay_Nhan>
    <DangKyId>9629</DangKyId>
    <Ngay>2018-09-18T15:34:29.4846821</Ngay>
  </XinGiay_Nhan>
  <XinGiay_Nhan>
    <DangKyId>9604</DangKyId>
    <Ngay>2018-09-19T14:11:30.3800904</Ngay>
  </XinGiay_Nhan>
  <XinGiay_Nhan>
    <DangKyId>9632</DangKyId>
    <Ngay>2018-09-20T15:38:08.5617741</Ngay>
  </XinGiay_Nhan>
  <XinGiay_Nhan>
    <DangKyId>9631</DangKyId>
    <Ngay>2018-09-20T15:44:36.0976547</Ngay>
  </XinGiay_Nhan>
  <XinGiay_Nhan>
    <DangKyId>9627</DangKyId>
    <Ngay>2018-09-21T10:21:36.4829698</Ngay>
  </XinGiay_Nhan>
  <XinGiay_Nhan>
    <DangKyId>9642</DangKyId>
    <Ngay>2018-09-21T15:40:14.0981481</Ngay>
  </XinGiay_Nhan>
  <XinGiay_Nhan>
    <DangKyId>9650</DangKyId>
    <Ngay>2018-09-21T15:52:47.0958707</Ngay>
  </XinGiay_Nhan>
  <XinGiay_Nhan>
    <DangKyId>9651</DangKyId>
    <Ngay>2018-09-21T15:52:47.0958707</Ngay>
  </XinGiay_Nhan>
  <XinGiay_Nhan>
    <DangKyId>9653</DangKyId>
    <Ngay>2018-09-21T16:01:26.7639834</Ngay>
  </XinGiay_Nhan>
  <XinGiay_Nhan>
    <DangKyId>9635</DangKyId>
    <Ngay>2018-09-21T16:02:05.5300515</Ngay>
  </XinGiay_Nhan>
</data>