﻿<?xml version="1.0" encoding="utf-8"?>
<data>
  <XinGiay_Xong>
    <DangKyId>9512</DangKyId>
  </XinGiay_Xong>
  <XinGiay_Xong>
    <DangKyId>9518</DangKyId>
  </XinGiay_Xong>
  <XinGiay_Xong>
    <DangKyId>9555</DangKyId>
  </XinGiay_Xong>
  <XinGiay_Xong>
    <DangKyId>9557</DangKyId>
  </XinGiay_Xong>
  <XinGiay_Xong>
    <DangKyId>9559</DangKyId>
  </XinGiay_Xong>
  <XinGiay_Xong>
    <DangKyId>9522</DangKyId>
  </XinGiay_Xong>
  <XinGiay_Xong>
    <DangKyId>9539</DangKyId>
  </XinGiay_Xong>
  <XinGiay_Xong>
    <DangKyId>9546</DangKyId>
  </XinGiay_Xong>
  <XinGiay_Xong>
    <DangKyId>9567</DangKyId>
  </XinGiay_Xong>
  <XinGiay_Xong>
    <DangKyId>9571</DangKyId>
  </XinGiay_Xong>
  <XinGiay_Xong>
    <DangKyId>9586</DangKyId>
  </XinGiay_Xong>
  <XinGiay_Xong>
    <DangKyId>9622</DangKyId>
  </XinGiay_Xong>
  <XinGiay_Xong>
    <DangKyId>9623</DangKyId>
  </XinGiay_Xong>
  <XinGiay_Xong>
    <DangKyId>9633</DangKyId>
  </XinGiay_Xong>
  <XinGiay_Xong>
    <DangKyId>9641</DangKyId>
  </XinGiay_Xong>
  <XinGiay_Xong>
    <DangKyId>9647</DangKyId>
  </XinGiay_Xong>
  <XinGiay_Xong>
    <DangKyId>9656</DangKyId>
  </XinGiay_Xong>
  <XinGiay_Xong>
    <DangKyId>9652</DangKyId>
  </XinGiay_Xong>
  <XinGiay_Xong>
    <DangKyId>9659</DangKyId>
  </XinGiay_Xong>
</data>