<?xml version="1.0" encoding="UTF-8"?>
<project-private xmlns="http://www.netbeans.org/ns/project-private/1">
    <editor-bookmarks xmlns="http://www.netbeans.org/ns/editor-bookmarks/2" lastBookmarkId="0"/>
    <open-files xmlns="http://www.netbeans.org/ns/projectui-open-files/2">
        <group>
            <file>file:/D:/Netbeans/Web%20Application/QuanLyThuVien/src/View/Interface.java</file>
            <file>file:/D:/Netbeans/Web%20Application/QuanLyThuVien/src/Controller/StaffController.java</file>
            <file>file:/D:/Netbeans/Web%20Application/QuanLyThuVien/src/Model/dBConnect.java</file>
            <file>file:/D:/Netbeans/Web%20Application/QuanLyThuVien/src/Model/Staff.java</file>
            <file>file:/D:/Netbeans/Web%20Application/QuanLyThuVien/src/Controller/CustomerController.java</file>
        </group>
    </open-files>
</project-private>
