﻿<?xml version="1.0" encoding="utf-8"?>
<data>
  <Author>
    <Id>99</Id>
    <Description>Admin</Description>
    <Site>giao-vu/giao-ket</Site>
  </Author>
  <Author>
    <Id>90</Id>
    <Description>Chánh văn phòng</Description>
    <Site>giao-vu/giao-ket/thong-ke</Site>
  </Author>
  <Author>
    <Id>80</Id>
    <Description>Trưởng bộ môn</Description>
    <Site>bo-mon</Site>
  </Author>
  <Author>
    <Id>75</Id>
    <Description>Văn thư</Description>
    <Site>co-van/cap-giay</Site>
  </Author>
  <Author>
    <Id>60</Id>
    <Description>Cố vấn học tập</Description>
    <Site>co-van</Site>
  </Author>
  <Author>
    <Id>65</Id>
    <Description>Nghiên cứu khoa học</Description>
    <Site>nckh</Site>
  </Author>
  <Author>
    <Id>50</Id>
    <Description>Cán bộ</Description>
    <Site>can-bo</Site>
  </Author>
  <Author>
    <Id>10</Id>
    <Description>Sinh viên</Description>
    <Site>ho-tro</Site>
  </Author>
  <Author>
    <Id>85</Id>
    <Description>Phụ trách cao học</Description>
    <Site>cao-hoc</Site>
  </Author>
  <Author>
    <Id>-1</Id>
    <Description>Spam</Description>
    <Site>account/spam</Site>
  </Author>
</data>