﻿<?xml version="1.0" encoding="utf-8"?>
<data>
  <TextTemplate>
    <Key>add</Key>
    <Value>?add=</Value>
    <Viet>Thêm mới</Viet>
  </TextTemplate>
  <TextTemplate>
    <Key>del</Key>
    <Value>doDelete()</Value>
    <Viet>Xóa</Viet>
  </TextTemplate>
  <TextTemplate>
    <Key>update</Key>
    <Viet>Cập nhật</Viet>
  </TextTemplate>
  <TextTemplate>
    <Key>cancel</Key>
    <Value>doCancel()</Value>
    <Viet>Hủy</Viet>
  </TextTemplate>
  <TextTemplate>
    <Key>search</Key>
    <Viet>Tìm</Viet>
  </TextTemplate>
  <TextTemplate>
    <Key>select-all</Key>
    <Value>all</Value>
    <Viet>Toàn bộ</Viet>
  </TextTemplate>
  <TextTemplate>
    <Key>excel</Key>
    <Viet>Xuất Excel</Viet>
  </TextTemplate>
  <TextTemplate>
    <Key>import</Key>
    <Value>importEngine = new ImportEngine()</Value>
    <Viet>Nhập liệu</Viet>
  </TextTemplate>
  <TextTemplate>
    <Key>clear</Key>
    <Value>doClear()</Value>
    <Viet>Xóa toàn bộ</Viet>
  </TextTemplate>
  <TextTemplate>
    <Key>BangHS</Key>
    <Value>MaCT,LoaiLop</Value>
  </TextTemplate>
  <TextTemplate>
    <Key>BangHSHK</Key>
    <Value>MaCT,LoaiLop,Ky</Value>
  </TextTemplate>
  <TextTemplate>
    <Key>copy</Key>
    <Value>copyToClipboard()</Value>
    <Viet>Copy</Viet>
  </TextTemplate>
</data>