﻿<?xml version="1.0" encoding="utf-8"?>
<data>
  <NCKH_QuyTrinh>
    <Ma>ChoDuyet</Ma>
    <Ten>Chờ duyệt</Ten>
  </NCKH_QuyTrinh>
  <NCKH_QuyTrinh>
    <Ma>XinSua</Ma>
    <Ten>Đề nghị chỉnh sửa</Ten>
  </NCKH_QuyTrinh>
  <NCKH_QuyTrinh>
    <Ma>Duyet</Ma>
    <Ten>Duyệt</Ten>
  </NCKH_QuyTrinh>
  <NCKH_QuyTrinh>
    <Ma>Loi</Ma>
    <Ten>Có lỗi</Ten>
  </NCKH_QuyTrinh>
  <NCKH_QuyTrinh>
    <Ma>GiaHan</Ma>
    <Ten>Gia hạn</Ten>
  </NCKH_QuyTrinh>
  <NCKH_QuyTrinh>
    <Ma>Luu</Ma>
    <Ten>Lưu trữ</Ten>
  </NCKH_QuyTrinh>
</data>