﻿<?xml version="1.0" encoding="utf-8"?>
<data>
  <Spam>
    <UserId>109</UserId>
  </Spam>
  <Spam>
    <UserId>154</UserId>
  </Spam>
  <Spam>
    <UserId>164</UserId>
  </Spam>
  <Spam>
    <UserId>180</UserId>
  </Spam>
  <Spam>
    <UserId>238</UserId>
  </Spam>
  <Spam>
    <UserId>246</UserId>
  </Spam>
  <Spam>
    <UserId>276</UserId>
  </Spam>
  <Spam>
    <UserId>284</UserId>
  </Spam>
  <Spam>
    <UserId>311</UserId>
  </Spam>
  <Spam>
    <UserId>315</UserId>
  </Spam>
  <Spam>
    <UserId>326</UserId>
  </Spam>
  <Spam>
    <UserId>336</UserId>
  </Spam>
  <Spam>
    <UserId>349</UserId>
  </Spam>
  <Spam>
    <UserId>361</UserId>
  </Spam>
  <Spam>
    <UserId>366</UserId>
  </Spam>
  <Spam>
    <UserId>424</UserId>
  </Spam>
  <Spam>
    <UserId>460</UserId>
  </Spam>
  <Spam>
    <UserId>465</UserId>
  </Spam>
  <Spam>
    <UserId>467</UserId>
  </Spam>
  <Spam>
    <UserId>485</UserId>
  </Spam>
  <Spam>
    <UserId>489</UserId>
  </Spam>
  <Spam>
    <UserId>490</UserId>
  </Spam>
  <Spam>
    <UserId>535</UserId>
  </Spam>
  <Spam>
    <UserId>560</UserId>
  </Spam>
  <Spam>
    <UserId>562</UserId>
  </Spam>
  <Spam>
    <UserId>578</UserId>
  </Spam>
  <Spam>
    <UserId>590</UserId>
  </Spam>
  <Spam>
    <UserId>601</UserId>
  </Spam>
  <Spam>
    <UserId>610</UserId>
  </Spam>
  <Spam>
    <UserId>637</UserId>
  </Spam>
  <Spam>
    <UserId>644</UserId>
  </Spam>
  <Spam>
    <UserId>645</UserId>
  </Spam>
  <Spam>
    <UserId>646</UserId>
  </Spam>
  <Spam>
    <UserId>675</UserId>
  </Spam>
  <Spam>
    <UserId>677</UserId>
  </Spam>
  <Spam>
    <UserId>679</UserId>
  </Spam>
  <Spam>
    <UserId>686</UserId>
  </Spam>
  <Spam>
    <UserId>743</UserId>
  </Spam>
  <Spam>
    <UserId>753</UserId>
  </Spam>
  <Spam>
    <UserId>759</UserId>
  </Spam>
  <Spam>
    <UserId>1015</UserId>
  </Spam>
  <Spam>
    <UserId>1045</UserId>
  </Spam>
  <Spam>
    <UserId>1054</UserId>
  </Spam>
  <Spam>
    <UserId>1083</UserId>
  </Spam>
  <Spam>
    <UserId>1091</UserId>
  </Spam>
  <Spam>
    <UserId>1098</UserId>
  </Spam>
  <Spam>
    <UserId>1102</UserId>
  </Spam>
  <Spam>
    <UserId>1110</UserId>
  </Spam>
  <Spam>
    <UserId>1123</UserId>
  </Spam>
  <Spam>
    <UserId>1129</UserId>
  </Spam>
  <Spam>
    <UserId>1168</UserId>
  </Spam>
  <Spam>
    <UserId>1179</UserId>
  </Spam>
  <Spam>
    <UserId>1184</UserId>
  </Spam>
  <Spam>
    <UserId>1185</UserId>
  </Spam>
  <Spam>
    <UserId>1187</UserId>
  </Spam>
  <Spam>
    <UserId>1191</UserId>
  </Spam>
  <Spam>
    <UserId>1192</UserId>
  </Spam>
  <Spam>
    <UserId>1193</UserId>
  </Spam>
  <Spam>
    <UserId>1197</UserId>
  </Spam>
  <Spam>
    <UserId>1201</UserId>
  </Spam>
  <Spam>
    <UserId>1203</UserId>
  </Spam>
  <Spam>
    <UserId>1206</UserId>
  </Spam>
  <Spam>
    <UserId>1209</UserId>
  </Spam>
  <Spam>
    <UserId>1212</UserId>
  </Spam>
  <Spam>
    <UserId>1214</UserId>
  </Spam>
  <Spam>
    <UserId>1225</UserId>
  </Spam>
  <Spam>
    <UserId>1232</UserId>
  </Spam>
  <Spam>
    <UserId>1237</UserId>
  </Spam>
  <Spam>
    <UserId>1241</UserId>
  </Spam>
  <Spam>
    <UserId>1262</UserId>
  </Spam>
  <Spam>
    <UserId>1268</UserId>
  </Spam>
  <Spam>
    <UserId>1284</UserId>
  </Spam>
  <Spam>
    <UserId>1287</UserId>
  </Spam>
  <Spam>
    <UserId>1288</UserId>
  </Spam>
  <Spam>
    <UserId>1293</UserId>
  </Spam>
  <Spam>
    <UserId>1294</UserId>
  </Spam>
  <Spam>
    <UserId>1298</UserId>
  </Spam>
  <Spam>
    <UserId>1306</UserId>
  </Spam>
  <Spam>
    <UserId>1311</UserId>
  </Spam>
  <Spam>
    <UserId>1314</UserId>
  </Spam>
  <Spam>
    <UserId>1325</UserId>
  </Spam>
  <Spam>
    <UserId>1331</UserId>
  </Spam>
  <Spam>
    <UserId>1337</UserId>
  </Spam>
  <Spam>
    <UserId>1348</UserId>
  </Spam>
  <Spam>
    <UserId>1350</UserId>
  </Spam>
  <Spam>
    <UserId>1369</UserId>
  </Spam>
  <Spam>
    <UserId>1370</UserId>
  </Spam>
  <Spam>
    <UserId>1375</UserId>
  </Spam>
  <Spam>
    <UserId>1383</UserId>
  </Spam>
  <Spam>
    <UserId>1387</UserId>
  </Spam>
  <Spam>
    <UserId>1397</UserId>
  </Spam>
  <Spam>
    <UserId>1400</UserId>
  </Spam>
  <Spam>
    <UserId>1404</UserId>
  </Spam>
  <Spam>
    <UserId>1411</UserId>
  </Spam>
  <Spam>
    <UserId>1414</UserId>
  </Spam>
  <Spam>
    <UserId>1421</UserId>
  </Spam>
  <Spam>
    <UserId>1425</UserId>
  </Spam>
  <Spam>
    <UserId>1428</UserId>
  </Spam>
  <Spam>
    <UserId>1438</UserId>
  </Spam>
  <Spam>
    <UserId>1441</UserId>
  </Spam>
  <Spam>
    <UserId>1448</UserId>
  </Spam>
  <Spam>
    <UserId>1449</UserId>
  </Spam>
  <Spam>
    <UserId>1463</UserId>
  </Spam>
  <Spam>
    <UserId>1465</UserId>
  </Spam>
  <Spam>
    <UserId>1487</UserId>
  </Spam>
  <Spam>
    <UserId>1491</UserId>
  </Spam>
  <Spam>
    <UserId>1505</UserId>
  </Spam>
  <Spam>
    <UserId>1513</UserId>
  </Spam>
  <Spam>
    <UserId>1515</UserId>
  </Spam>
  <Spam>
    <UserId>1522</UserId>
  </Spam>
  <Spam>
    <UserId>1529</UserId>
  </Spam>
  <Spam>
    <UserId>1559</UserId>
  </Spam>
  <Spam>
    <UserId>1584</UserId>
  </Spam>
  <Spam>
    <UserId>1783</UserId>
  </Spam>
  <Spam>
    <UserId>1786</UserId>
  </Spam>
  <Spam>
    <UserId>1808</UserId>
  </Spam>
  <Spam>
    <UserId>1812</UserId>
  </Spam>
  <Spam>
    <UserId>1817</UserId>
  </Spam>
  <Spam>
    <UserId>1826</UserId>
  </Spam>
  <Spam>
    <UserId>1875</UserId>
  </Spam>
  <Spam>
    <UserId>1893</UserId>
  </Spam>
  <Spam>
    <UserId>1984</UserId>
  </Spam>
  <Spam>
    <UserId>2045</UserId>
  </Spam>
  <Spam>
    <UserId>2049</UserId>
  </Spam>
  <Spam>
    <UserId>2075</UserId>
  </Spam>
  <Spam>
    <UserId>2089</UserId>
  </Spam>
  <Spam>
    <UserId>2105</UserId>
  </Spam>
  <Spam>
    <UserId>2129</UserId>
  </Spam>
  <Spam>
    <UserId>2182</UserId>
  </Spam>
  <Spam>
    <UserId>2188</UserId>
  </Spam>
  <Spam>
    <UserId>2200</UserId>
  </Spam>
  <Spam>
    <UserId>2228</UserId>
  </Spam>
  <Spam>
    <UserId>2320</UserId>
  </Spam>
  <Spam>
    <UserId>2326</UserId>
  </Spam>
  <Spam>
    <UserId>2353</UserId>
  </Spam>
  <Spam>
    <UserId>2357</UserId>
  </Spam>
  <Spam>
    <UserId>2618</UserId>
  </Spam>
  <Spam>
    <UserId>2713</UserId>
  </Spam>
  <Spam>
    <UserId>2797</UserId>
  </Spam>
  <Spam>
    <UserId>2901</UserId>
  </Spam>
  <Spam>
    <UserId>2905</UserId>
  </Spam>
  <Spam>
    <UserId>2913</UserId>
  </Spam>
  <Spam>
    <UserId>2988</UserId>
  </Spam>
  <Spam>
    <UserId>3008</UserId>
  </Spam>
  <Spam>
    <UserId>3016</UserId>
  </Spam>
  <Spam>
    <UserId>3042</UserId>
  </Spam>
  <Spam>
    <UserId>3044</UserId>
  </Spam>
  <Spam>
    <UserId>3114</UserId>
  </Spam>
  <Spam>
    <UserId>3168</UserId>
  </Spam>
  <Spam>
    <UserId>3198</UserId>
  </Spam>
  <Spam>
    <UserId>3207</UserId>
  </Spam>
  <Spam>
    <UserId>3211</UserId>
  </Spam>
  <Spam>
    <UserId>3215</UserId>
  </Spam>
  <Spam>
    <UserId>3218</UserId>
  </Spam>
  <Spam>
    <UserId>3225</UserId>
  </Spam>
  <Spam>
    <UserId>3248</UserId>
  </Spam>
  <Spam>
    <UserId>3250</UserId>
  </Spam>
  <Spam>
    <UserId>3260</UserId>
  </Spam>
  <Spam>
    <UserId>3263</UserId>
  </Spam>
  <Spam>
    <UserId>3297</UserId>
  </Spam>
  <Spam>
    <UserId>3308</UserId>
  </Spam>
  <Spam>
    <UserId>3316</UserId>
  </Spam>
  <Spam>
    <UserId>3324</UserId>
  </Spam>
  <Spam>
    <UserId>3326</UserId>
  </Spam>
  <Spam>
    <UserId>3349</UserId>
  </Spam>
  <Spam>
    <UserId>3356</UserId>
  </Spam>
  <Spam>
    <UserId>3372</UserId>
  </Spam>
  <Spam>
    <UserId>3383</UserId>
  </Spam>
  <Spam>
    <UserId>3392</UserId>
  </Spam>
  <Spam>
    <UserId>3429</UserId>
  </Spam>
  <Spam>
    <UserId>3435</UserId>
  </Spam>
  <Spam>
    <UserId>3459</UserId>
  </Spam>
  <Spam>
    <UserId>3465</UserId>
  </Spam>
  <Spam>
    <UserId>3466</UserId>
  </Spam>
  <Spam>
    <UserId>3527</UserId>
  </Spam>
  <Spam>
    <UserId>3583</UserId>
  </Spam>
  <Spam>
    <UserId>3595</UserId>
  </Spam>
  <Spam>
    <UserId>3620</UserId>
  </Spam>
  <Spam>
    <UserId>3637</UserId>
  </Spam>
  <Spam>
    <UserId>3642</UserId>
  </Spam>
  <Spam>
    <UserId>3645</UserId>
  </Spam>
  <Spam>
    <UserId>3659</UserId>
  </Spam>
  <Spam>
    <UserId>4571</UserId>
  </Spam>
  <Spam>
    <UserId>4781</UserId>
  </Spam>
  <Spam>
    <UserId>4783</UserId>
  </Spam>
  <Spam>
    <UserId>4785</UserId>
  </Spam>
  <Spam>
    <UserId>4793</UserId>
  </Spam>
  <Spam>
    <UserId>4806</UserId>
  </Spam>
  <Spam>
    <UserId>4813</UserId>
  </Spam>
  <Spam>
    <UserId>4853</UserId>
  </Spam>
  <Spam>
    <UserId>4862</UserId>
  </Spam>
  <Spam>
    <UserId>4871</UserId>
  </Spam>
  <Spam>
    <UserId>4877</UserId>
  </Spam>
  <Spam>
    <UserId>4927</UserId>
  </Spam>
  <Spam>
    <UserId>4950</UserId>
  </Spam>
  <Spam>
    <UserId>4970</UserId>
  </Spam>
  <Spam>
    <UserId>4977</UserId>
  </Spam>
  <Spam>
    <UserId>4984</UserId>
  </Spam>
  <Spam>
    <UserId>5017</UserId>
  </Spam>
  <Spam>
    <UserId>5030</UserId>
  </Spam>
  <Spam>
    <UserId>5037</UserId>
  </Spam>
  <Spam>
    <UserId>5081</UserId>
  </Spam>
  <Spam>
    <UserId>5105</UserId>
  </Spam>
  <Spam>
    <UserId>5110</UserId>
  </Spam>
  <Spam>
    <UserId>5137</UserId>
  </Spam>
  <Spam>
    <UserId>5171</UserId>
  </Spam>
  <Spam>
    <UserId>5184</UserId>
  </Spam>
  <Spam>
    <UserId>5579</UserId>
  </Spam>
  <Spam>
    <UserId>5698</UserId>
  </Spam>
  <Spam>
    <UserId>5831</UserId>
  </Spam>
  <Spam>
    <UserId>5833</UserId>
  </Spam>
  <Spam>
    <UserId>3681</UserId>
  </Spam>
  <Spam>
    <UserId>3711</UserId>
  </Spam>
  <Spam>
    <UserId>3775</UserId>
  </Spam>
</data>