<guis>
  <default>
    <Id visible="0" primary-key="1" />
    <Confirm caption="Xác nhận" />
    <GiangVienId caption="Họ tên" input="ComboBox" data-source="CanBo" display-member="HoTen" value-member="UserId" />

    <AuthorId caption="Phân quyền" />
    
    <DCTT caption="Địa chỉ thường trú" />
    <DCHT caption="Địa chỉ hiện tại" />

    <GiangVienId caption="Giảng viên" inherits="/GiangVienId" />
    <GhiChu caption="Ghi chú" req="0" />
    <GioiTinh caption="Giới tính" input="ComboBox" data-source="GioiTinh" display-member="Viet" value-member="Id" />
    <HoTen caption="Họ tên" input="NameBox" />
    <Ma caption="Mã" primary-key="1" />
    <MaBM caption="Bộ môn" />
    <MaCB caption="Mã CB" />
    <MaCD caption="Chức danh" />
    <MaCT caption="Mã CT" />
    <MaHP caption="Mã HP" />
    <MaLop caption="Mã lớp" />
    <Ngay caption="Ngày" data-type="DateTime" format-string="dd/MM/yyyy" input="DateBox" placeholder="d m yy" />
    <NgaySinh inherits="/Ngay" caption="Ngày sinh" />
    <NoiDung caption="Nội dung" />
    <NoiSinh caption="Nơi sinh" input="NameBox" />
    <Pass caption="Mật khẩu" input="PasswordBox" visible="2" />
    <PhanCapGD caption="Phân cấp GD" />
    <QuyDoi caption="Quy đổi" />

    <Ten caption="Tên" />
    <TenHP caption="Tên HP" />
    <HocPhan.Ten caption="Tên HP" visible="1" />
    <SoTC caption="Số TC" />
    <SoDT caption="Điện thoại" />
    <LoaiLop caption="Loại lớp" />
    <HeSo caption="Hệ số" />
    <GiaiNghia caption="Giải nghĩa" />
    <CTKL caption="Khối lượng" />
    <HocKy caption="Học kỳ" />
    <SoLop caption="Số lớp" />
    <SoLuong caption="Số lượng" />
    <SoSV caption="Số SV" />
    <SoGio caption="Số giờ" />
    <KhoiLuong caption="Khối lượng" />
    <User.FullName caption="Họ tên" input="NameBox" />
  </default>
  <system group="1">
    <default />
    <author>
      <Id caption="Level" visible="3" />
      <Description />
      <Site caption="Start site address" import-name="Site" />
    </author>
    <user>
      <Name />
      <User.FullName />
      <AuthorId input="ComboBox" data-source="Author" value-member="Id" display-member="Description" />
    </user>
    <change-pass>
      <OldPass input="PasswordBox" caption="Mật khẩu cũ" />
      <Pass />
      <Confirm />
    </change-pass>
    <login>
      <Name caption="Tên người dùng" />
      <Pass />
      <Check caption="Duy trì đăng nhập" input="CheckBox" />
    </login>
    <DataSelect>
      <Select />
      <From />
      <Where req="0" />
      <OrderBy req="0" />
    </DataSelect>

    <template group="1" join="before">
      <default />
      <sitemap>
        <caption req="0" />
        <model req="0" width="half" />
        <gui req="0" width="half" />
      </sitemap>
      <models>
        <name />
        <dataType />
        <primaryKey />
        <identity />
      </models>
      <guis>
        <name />
        <caption />
        <input />
        <req />
      </guis>
      <Text>
        <Key />
        <Viet />
        <Value req="0" />
      </Text>
    </template>

    <Profile>
      <FullName caption="Họ tên" />
      <GioiTinh caption="Giới tính" input="ComboBox" width="half" />
      <NgaySinh width="half" />
      <NoiSinh caption="Nơi sinh" width="half" input="NameBox" />
      <QueQuan caption="Quê quán" width="half" input="NameBox" />
      <SoCMT caption="Số CMND" width="onethird" />
      <NgayCap caption="Ngày cấp" inherits="default/Ngay" width="onethird" />
      <NoiCap caption="Nơi cấp" input="NameBox" width="onethird" />
      <Email width="half" />
      <SoDT width="half" />
      <DCTT caption="Địa chỉ thường trú" />
      <DCHT caption="Địa chỉ hiện tại" />
    </Profile>

  </system>

  <HanhChinh group="1">
    <default>
    </default>
    <CanBo>
      <MaCB />
      <User.FullName />
      <MaBM input="ComboBox" data-source="BoMon" value-member="Ma" display-member="Ten" />
      <MaCD input="ComboBox" data-source="ChucDanh" value-member="Ma" display-member="Ma" />
    </CanBo>
    <ChucVuCB>
      <CanBo.HoTen visible="1" />
      <BoMon.KyHieu caption="Đơn vị" visible="1" />
      <CanBoId caption="Họ tên" input="ComboBox" data-source="CanBo" value-member="UserId" display-member="DayDu" visible="2" />
      <ChucVuId caption="Chức vụ" input="ComboBox" data-source="ChucVu" value-member="Id" display-member="Ten" />
      <GhiChu />
      <HSCV.SoGio caption="Giờ QL" visible="1" />
      <HSCV input="ComboBox" data-source="HSCV" value-member="Id" display-member="GiaiNghia" visible="2" />
    </ChucVuCB>
  </HanhChinh>
  <GiaoVu group="1">
    <default>
      <BoMon.Ten caption="Bộ môn" />
    </default>
    <NhomMH>
      <Ma />
      <Ten visible="1" />
      <SoLuong caption="Số GV" visible="1" />
    </NhomMH>
    <Lop>
      <HocKy />
      <Ma caption="Mã lớp" />
      <MaHP input="ComboBox" value-member="Ma" display-member="Ma" data-source="HocPhan" />
      <HocPhan.Ten />
      <HocPhan.KhoiLuong visible="1" />
      <LoaiLop width="half" />
      <MaCT width="half" />
      <GhiChu />
      <SoSV />
      <QuyDoi visible="1" />
      <GiangVienId />
    </Lop>
    <LopPC>
      <Ma />
      <MaHP />
      <HocPhan.Ten />
      <HocPhan.KhoiLuong />
      <MaCT />
      <SoLuong />
      <QuyDoi />
    </LopPC>
    <TKB>
      <MaLop />
      <Lop.HocKy />
      <Lop.MaHP />
      <HocPhan.Ten />
      <Lop.LoaiLop />
      <Lop.MaCT />
      <Lop.GhiChu />
      <Lop.SoSV />
      <Tuan caption="Tuần" />
      <Buoi caption="Buổi số" />
      <Thu caption="Thứ" />
      <TietBD data-type="Int32" caption="BĐ" />
      <TietKT data-type="Int32" caption="KT" />
      <Kip caption="Kíp" />
      <Phong caption="Phòng" />
      <CanBo.HoTen caption="Giảng viên" />
    </TKB>
    <KLGD>
      <HocKy />
      <MaLop />
      <LoaiLop />
      <MaCT />
      <SoTC />
      <SoLuong />
      <HSLop caption="kL" />
      <KC caption="kC" />
      <KHD caption="kHD" />
      <HSTN />
      <QuyDoi />
    </KLGD>

    <HSCV>
      <GiaiNghia />
      <SoGio />
    </HSCV>

    <LATS>
      <CanBo.HoTen visible="1" />
      <GiangVienId caption="Giảng viên" input="ComboBox" data-source="CanBo" value-member="UserId" display-member="DayDu" visible="2" />
      <NCS />
      <Nam caption="Năm" req="0" />
    </LATS>

    <GiangVien group="1">
      <default></default>

      <CBGD>
        <GiangVienId caption="Giảng viên" input="ComboBox" data-source="CanBo" value-member="UserId" display-member="HoTen"  />
        <CanBo.MaCD visible="1" />
        <MaBM input="ComboBox" data-source="BoMon" value-member="Ma" display-member="Ten"  />
        <MaHP />
        <HocPhan.Ten caption="Tên HP" />
      </CBGD>

      <PhanCapCBGD>
        <CanBo.HoTen />
        <CanBo.MaCD />
        <Min />
        <Max />
      </PhanCapCBGD>
      <PCGDChiTiet>
        <GiangVien input="RadioBox" />
      </PCGDChiTiet>
    </GiangVien>

    <TongHop group="1" join="before">
      <default>
      </default>
      <KLGD group="1" join="before">
        <default></default>
        <TheoLoaiLop>
          <Ma caption="Loại lớp" />
          <SoTC format-string="N0" />
          <QuyDoi format-string="N0" />
        </TheoLoaiLop>
        <TheoPhanCap>
          <Ten caption="Phân cấp" />
          <SoGV caption="Số GV" />
          <QuyDoi format-string="N0" />
        </TheoPhanCap>
        <TheoHocPhan>
          <Ma caption="Mã HP" />
          <Ten caption="Tên HP" />
          <HocPhan.LoaiLop />
          <HocPhan.KhoiLuong />
          <SoBuoi caption="Số buổi" />
          <SoGV caption="Số GV" />
          <LT format-string="N1" />
          <BT format-string="N1" />
          <Khac caption="Khác" format-string="N1" />
          <QuyDoi format-string="N1" />
        </TheoHocPhan>
      </KLGD>

      <PCGD>
        <CanBo.HoTen />
        <HP caption="Học phần" />
        <SoLop />
        <GioPV />
        <SoGio caption="Số giờ" />
        <Chart />
      </PCGD>

    </TongHop>

    <GiaoKet group="1" join="after" >
      <default></default>
      <GiangVien>
        <GiangVienId />
        <HocKy />
        <MaHP />
        <MaCT />
        <LoaiLop />
        <SoLop />
        <TongQD caption="Quy đổi" />
      </GiangVien>
      <TongHop>
        <BoMon.Ten />
        <CanBo.HoTen />
        <CanBo.MaCD />
        <HocPhan caption="Học phần" />
        <GioPV />
        <LATS caption="LATS" />
        <SoGio />
        <SoLop caption="Số lớp" />
        <Chart />
      </TongHop>
      <NhomMH>
        <CanBo.HoTen />
        <SoGio />
      </NhomMH>
    </GiaoKet>

    <LichThi>
      <Id caption="Mã lớp thi" visible="3" />
      <MaLop />
      <Lop.MaHP />
      <HocPhan.Ten />
      <Kip />
      <Phong />
    </LichThi>
  </GiaoVu>

  <QLSV group="1">
    <default>
      <VanDe caption="Vấn đề" />
    </default>
    <SinhVien>
      <SHSV width="half" />
      <User.FullName width="half" />
      <He caption="Hệ" input="ComboBox" data-source="CTDT" value-member="Ma" display-member="Ma" width="half" />
      <Khoa caption="Khóa" width="half" />
      <Lop caption="Lớp" />
    </SinhVien>

    <XinGiay_ group="1" join="before">
      <default>
        <Kg caption="Cơ quan liên hệ công tác" />
        <Vv caption="Về việc" />
        <XinGiay_DangKy.ThoiDiem format-string="dd.MM.yyyy HH:mm" caption="Ngày đăng ký" />
        <XinGiay_DangKy.HanCuoi format-string="dd.MM.yyyy" caption="Hạn cuối" />
        <XinGiay_PhanCap.Ten caption="Loại giấy" />
        <XinGiay_QuyTrinh.Ten caption="Trạng thái" />
        <XinGiay_DangKy.MaSo caption="Số" />
        <XinGiay_DangKy.So caption="Số" />
        <SinhVien.SHSV caption="SHSV" />
      </default>
      <DangKy>
        <XinGiay_DangKy.MaSo />
        <XinGiay_DangKy.ThoiDiem />
        <User.FullName />
        <SinhVien.SHSV />
        <XinGiay_QuyTrinh.Ten />
      </DangKy>
      <gioi-thieu>
        <Kg />
        <Vv />
      </gioi-thieu>
      <bang-diem>
        <SL />
        <Tu />
        <Den />
        <Md />
      </bang-diem>
      <XuLy>
        <So />
        <XinGiay_DangKy.ThoiDiem />
        <User.FullName />
        <SinhVien.SHSV />
        <XinGiay_DangKy.HanCuoi />
      </XuLy>
      <Xong>
        <So />
        <User.FullName />
        <SinhVien.SHSV />
        <XinGiay_DangKy.HanCuoi />
      </Xong>
      <QuanLy>
        <XinGiay_DangKy.MaSo />
        <SinhVien.SHSV caption="SHSV" />
        <User.FullName />
        <XinGiay_DangKy.ThoiDiem />
        <XinGiay_DangKy.HanCuoi />
        <XinGiay_QuyTrinh.Ten />
      </QuanLy>
      <SinhVien>
        <Ten caption="Loại giấy tờ" />
        <XinGiay_DangKy.ThoiDiem />
        <HanCuoi />
        <XinGiay_QuyTrinh.Ten />
        <Action caption="Trạng thái" />
      </SinhVien>
      <CNSV>
        <User.NgaySinh />
        <User.NoiSinh caption="Nơi sinh (tỉnh/thành phố)" />
        <User.DCTT />
        <User.DCHT />
      </CNSV>
      <BD>
        <SL caption="Số bản" input="ComboBox" />
        <Tu caption="Từ học kỳ" input="ComboBox" />
        <Den caption="Đến học kỳ" input="ComboBox" />
        <Md caption="Mục đích sử dụng" />
      </BD>
      <GT>
        <Kg />
        <Vv />
      </GT>
      <GTR>
        <Kg />
        <Vv />
      </GTR>
      <Tra>
        <SHSV caption="Mã số sinh viên" />
      </Tra>
      <Nhan>
        <XinGiay_DangKy.MaSo />
        <SinhVien.SHSV />
        <SinhVien.HoTen />
        <Ngay caption="Ngày trả" />
      </Nhan>
      <Qua>
        <MaSo caption="Số" />
        <User.FullName />
        <SinhVien.SHSV />
        <XinGiay_DangKy.HanCuoi />
      </Qua>
    </XinGiay_>
    <TuVanHoi>
      <VanDe input="ComboBox"/>
      <NoiDung caption="Câu hỏi" input="HtmlEditor" />
      <TraLoi caption="Trả lời" input="HtmlEditor" />
    </TuVanHoi>
    <TuVanDap>
      <SinhVien.SHSV caption="SHSV" />
      <SinhVien.HoTen />
      <TuVanHoi.VanDe caption="Vấn đề" />
      <TuVanHoi.Ngay visible="1" />
      <TuVanHoi.NoiDung caption="Câu hỏi" input="HtmlEditor" visible="2" />
      <NoiDung caption="Trả lời" input="HtmlEditor" visible="2" />
    </TuVanDap>
  </QLSV>

  <NCKH_ group="1" join="before">
    <default>
      <PhanCapId caption="Phân cấp" input="ComboBox" data-source="NCKH_PhanCap" value-member="Id" display-member="Ten" />
    </default>
    <HoSo>
      <NCKH_PhanCap.Ten />
      <NCKH_HoSo.Ten />
      <NCKH_HoSo.TacGia />
      <MaQT />
    </HoSo>
    <BaoCao>
      <Mau caption="Mẫu báo cáo" />
      <PhanCapId />
      <Ten />
    </BaoCao>
    <NguonBC>
      <Ma />
      <CacBang />
    </NguonBC>

    <KiemDuyet>
      <NCKH_HoSo.Ten />
      <NCKH_HoSo.TacGia caption="Tác giả" />
      <NCKH_PhanCap.Ten caption="Phân cấp" />
    </KiemDuyet>
  </NCKH_>

  <import group="1" join="before">
    <default>
    </default>
    <CBGD>
      <MaHP />
      <HocPhan.Ten />
      <HocPhan.LoaiLop />
      <HoTen />
      <MayBe />
    </CBGD>
  </import>

</guis>