<models>
  <default>
    <Id data-type="Int32" primary-key="1" identity="1" />
    <CanBoId reference="CanBo.UserId" data-type="Int32" />
    <GiangVienId reference="PhanCapCBGD.CanBoId" />

    <Ma primary-key="1" />
    <MaBM reference="BoMon.Ma" />
    <AuthorId reference="Author.Id" />
    <date format-string="dd/MM/yyyy" data-type="DateTime" />

    <HeSo data-type="Single" />
    <HocKy data-type="Int32" />
    <HoTen expression="parent(User).FullName" />

    <Level data-type="Int32" />
    <Ngay data-type="DateTime" />
    <NgayCap data-type="DateTime" />
    <NgaySinh data-type="DateTime" />

    <PhanCapGD reference="PhanCapGD.Level" data-type="Int32" />

    <SoGio data-type="Single" />
    <SoLuong data-type="Int32" />
    <SoSV data-type="Int32" />
    <UserId reference="User.Id" default-value="0" />
  </default>
  <System group="1">
    <default />
    <Author>
      <Id identity="0" default-value="0" />
      <Description />
      <Site />
      <FHD />
      <DefaultPassword />
    </Author>
    <User>
      <Id />
      <FullName />
      <Email />
      <SoDT />
      <GioiTinh data-type="Int32" />
      <NgaySinh />
      <NoiSinh />
      <QueQuan />
      <Ten />
      <SoCMT />
      <NgayCap data-type="DateTime" />
      <NoiCap />
      <DCTT />
      <DCHT />
      <LinkAnh />
    </User>
    <Account>
      <Name primary-key="1" />
      <Pass />
      <AuthorId reference="Author.Id" />
      <UserId />
    </Account>
    <Token>
      <Key primary-key="1" />
      <UserId />
      <Name />
      <Ngay />
    </Token>
    <TextTemplate>
      <Key primary-key="1" />
      <Value />
      <Viet />
    </TextTemplate>
    <GioiTinh>
      <Id />
      <Viet />
    </GioiTinh>
    <Spam>
      <UserId primary-key="1" />
    </Spam>
  </System>

  <Project group="1">
    <default></default>
    <HanhChinh group="1">
      <default />
      <BoMon>
        <Ma />
        <KyHieu />
        <Ten />
      </BoMon>
      <CanBo>
        <UserId primary-key="1" />
        <MaCB />
        <MaBM />
        <MaCD reference="ChucDanh.Ma" />
        <SoTK />
        <NganHang />
        <HoTen />
        <DayDu expression="HoTen + ' (' + MaCB + ' - ' + parent(BoMon).KyHieu + ')'" />
      </CanBo>
      <ChucDanh>
        <Ma />
        <GiaiNghia />
        <PhanCapGD />
      </ChucDanh>
      <ChucVu>
        <Id />
        <Ten />
      </ChucVu>
      <ChucVuCB>
        <Id />
        <CanBoId />
        <ChucVuId reference="ChucVu.Id" />
        <GhiChu />
        <HSCV data-type="Int32" reference="HSCV.Id" />
      </ChucVuCB>
    </HanhChinh>

    <GiaoVu group="1">
      <default>
        <LoaiLop reference="LoaiLop.Ma" />
        <MaLop reference="Lop.Ma" />
        <MaHP reference="HocPhan.Ma" />
        <MaCT reference="CTDT.Ma" />
        <QuyDoi data-type="Single" />
        <SoLop data-type="Int32" />
      </default>
      <HocPhan>
        <Ma />
        <Ten />
        <LoaiLop />
        <SoTC />
        <CTKL />
        <MaBM reference="BoMon.Ma" />
        <KhoiLuong expression="SoTC + '(' + CTKL + ')'" />
      </HocPhan>
      <CTDT>
        <Ma />
        <GiaiNghia />
        <PhanCapGD />
        <UuTienPC data-type="Int32" default-value="100" />
      </CTDT>
      <LoaiLop>
        <Ma />
        <GiaiNghia />
        <PhanCapGD />
        <CTKL data-type="Int32" />
      </LoaiLop>
      <Lop>
        <Ma />
        <HocKy />
        <MaHP />
        <LoaiLop />
        <MaCT default-value="DHCQ" />
        <GhiChu />
        <SoSV />
        <QuyDoi />
        <GiangVienId />
      </Lop>
      <TKB>
        <Id />
        <MaLop reference="Lop.Ma" />
        <Tuan />
        <Buoi />
        <Thu />
        <TietBD data-type="Int32" />
        <TietKT data-type="Int32" />
        <Kip />
        <Phong />
        <GiangVienId reference="0" expression="parent(Lop).GiangVienId" />
        <PhanCapGD />
        <Trung />
      </TKB>
      <KLGD>
        <Id />
        <HocKy index="fixed" />
        <MaLop reference="0" />
        <LoaiLop />
        <SoTC data-type="Single" />
        <SoSV data-type="Single" />
        <MaCT />
        <HSGD data-type="Single" />
        <HSHK data-type="Single" default-value="0" />
        <HSTN data-type="Single" />
        <HSLop data-type="Single" />
        <HSDA data-type="Single" />
        <KC data-type="Single" expression="isnull(HSHK + HSGD, 0)" />
        <KHD data-type="Single" expression="isnull(HSDA + HSHK, 0)" />
        <QuyDoi expression="(KC + HSLop) * SoTC + KHD * SoSV + isnull(HSTN,0)" />
      </KLGD>
      <CBGD>
        <GiangVienId />
        <MaHP />
        <SoLop />
      </CBGD>
      <PhanCapGD>
        <Level primary-key="1" />
        <Ten />
      </PhanCapGD>
      <PhanCapCBGD>
        <CanBoId primary-key="1" />
        <Min data-type="Int32" />
        <Max data-type="Int32" reference="PhanCapGD.Level" />
        <TichLuy data-type="Single" />
      </PhanCapCBGD>

      <LATS>
        <Id />
        <GiangVienId />
        <NCS />
        <Nam />
        <QuyDoi expression="0.6" />
      </LATS>

      <HS group="1" join="before|after">
        <default></default>
        <Lop>
          <Id />
          <Min data-type="Int32" />
          <Max data-type="Int32" />
          <HeSo />
        </Lop>
        <HK>
          <Id />
          <Ky />
          <MaCT />
          <LoaiLop />
          <HeSo />
        </HK>
        <GD>
          <Id />
          <MaCT />
          <LoaiLop />
          <HeSo />
        </GD>
        <DA>
          <Id />
          <MaCT />
          <LoaiLop />
          <HeSo />
        </DA>
        <TN>
          <Id />
          <MaCT />
          <LoaiLop />
          <HeSo />
        </TN>
        <CV>
          <Id />
          <GiaiNghia />
          <SoGio />
        </CV>
      </HS>

      <GiaoKet group="1" join="after" >
        <default></default>
        <Lop>
          <Id />
          <MaHP />
          <HocKy />
          <LoaiLop />
          <MaCT />
          <SoSV data-type="Int32" />
          <SoLop />
          <QuyDoi />
        </Lop>
        <GiangVien>
          <Id />
          <GiangVienId />
          <HocKy />
          <MaHP />
          <MaCT />
          <LoaiLop />
          <SoLop />
          <QuyDoi />
          <TongQD data-type="Single" expression="SoLop * QuyDoi" />
        </GiangVien>
      </GiaoKet>


      <LichThi>
        <Id identity="0" />
        <MaLop />
        <Kip />
        <Phong />
      </LichThi>

    </GiaoVu>

    <QLSV group="1">
      <default>
        <SinhVienId reference="SinhVien.UserId" />
      </default>
      <SinhVien>
        <UserId primary-key="1" />
        <SHSV />
        <He reference="CTDT.Ma" />
        <Khoa />
        <Lop />
        <HoTen />
      </SinhVien>

      <XinGiay_ group="1" join="before">
        <default>
          <DangKyId data-type="Int32" primary-key="1" reference="XinGiay_DangKy.Id" />
          <So data-type="Int32" />
          <ThoiDiem data-type="DateTime" />
          <HanCuoi data-type="DateTime" />
        </default>
        <DangKy>
          <Id />
          <So />
          <MaPC reference="XinGiay_PhanCap.Ma" />
          <SinhVienId />
          <ThoiDiem />
          <MaXL reference="XinGiay_QuyTrinh.Ma" default-value="cho" />
          <HanCuoi />
          <MaSo expression="isnull(So + '/' + MaPC, MaPC)" />
        </DangKy>
        <CNSV>
          <DangKyId />
        </CNSV>
        <GT>
          <DangKyId />
          <Kg />
          <Vv />
        </GT>
        <GTR>
          <DangKyId />
          <Kg />
          <Vv />
        </GTR>
        <BD>
          <DangKyId />
          <SL default-value="1" />
          <Tu />
          <Den />
          <Md />
        </BD>
        <PhanCap>
          <Ma />
          <Ten />
          <Cap />
          <HieuLuc data-type="Int32" />
          <So data-type="Int32" />
          <CommonFields />
        </PhanCap>
        <Cho>
          <DangKyId />
        </Cho>
        <XuLy>
          <DangKyId />
        </XuLy>
        <Xong>
          <DangKyId />
          <HanCuoi expression="parent(XinGiay_DangKy).HanCuoi" />
          <So />
        </Xong>
        <Nhan>
          <DangKyId />
          <Ngay />
        </Nhan>
        <Sai>
          <DangKyId />
          <NoiDung />
        </Sai>
        <Qua>
          <DangKyId />
          <MaSo />
        </Qua>
        <CanBo>
          <DangKyId />
          <CanBoId />
          <ThoiDiem />
        </CanBo>
        <QuyTrinh>
          <Ma />
          <Ten />
          <Level />
        </QuyTrinh>
      </XinGiay_>
      <TuVan group="1" join="before">
        <default></default>
        <Hoi>
          <SinhVienId primary-key="1" />
          <VanDe />
          <NoiDung />
          <Ngay />
        </Hoi>
        <Dap>
          <HoiId reference="TuVanHoi.SinhVienId" data-type="Int32" primary-key="1" />
          <NoiDung />
          <Ngay />
        </Dap>
      </TuVan>
    </QLSV>

    <NCKH_ group="1" join="before" prefix="1">
      <default>
        <HoSoId data-type="Int32" reference="NCKH_HoSo.Id" primary-key="1" />
        <DeTaiId data-type="Int32" reference="NCKH_DeTai.HoSoId" />
        <PhanCapId reference="NCKH_PhanCap.Id" />
        <PhanCap expression="parent(NCKH_PhanCap).Ten" />
        <TacGia exression="parent(NCKH_HoSo).TacGia" />
        <TieuDe expression="parent(NCKH_HoSo).Ten"  />
        <Ngay data-type="DateTime" />
        <NgayXB data-type="DateTime" />
        <NgayBD data-type="DateTime" />
        <NgayKT data-type="DateTime" />
        <NgayDon data-type="DateTime" />
        <NgayBang data-type="DateTime" />
        <XuLyId reference="NCKH_XuLy.Id" />
        <MaQT reference="NCKH_QuyTrinh.Ma" />
      </default>
      <PhanCap>
        <Id />
        <Ten />
        <KhoiLuong data-type="Int32" />
        <KieuTinh data-type="Int32" />
        <BangChiTiet />
      </PhanCap>
      <KeKhai>
        <HoSoId />
        <GiangVienId />
        <Ngay />
        <MaQT />
        <PhanLoaiId />
      </KeKhai>
      <XinSua>
        <HoSoId />
        <GiangVienId />
        <Ngay />
        <LyDo />
      </XinSua>
      <ChoDuyet>
        <HoSoId />
      </ChoDuyet>
      <Duyet>
        <HoSoId />
      </Duyet>
      <Loi>
        <HoSoId />
        <GhiChu />
      </Loi>
      <XuLy>
        <Id />
        <HoSoId primary-key="0" />
        <YeuCau />
        <GiangVienId />
        <Ngay />
        <KetQuaId data-type="Int32" />
        <GhiChu />
      </XuLy>
      <HoSo>
        <Id identity="1" />
        <Ten />
        <TacGia expression="0" />
        <SoTG data-type="Int32" />
        <PhanCapId />
        <MinhChung />
        <MaQT />
      </HoSo>
      <Luu>
        <HoSoId />
        <Nam />
      </Luu>
      <TapChi>
        <HoSoId />
        <TapChi />
        <SoXB />
        <NgayXB />
        <ISSN />
        <DOI />
        <TieuDe />
        <DeTaiId />
        <SoDOI expression="'DOI: ' + DOI" />
        <NgayBD expression="NgayXB" />
        <NgayKT expression="NgayXB" />
      </TapChi>
      <HoiNghi>
        <HoSoId />
        <HoiThao />
        <DiaDiem />
        <NgayBD />
        <NgayKT />
        <SoTrang />
        <ISSN />
        <DOI />
        <DeTaiId />
        <TapChi expression="HoiThao" />
      </HoiNghi>
      <DeTai>
        <HoSoId />
        <MaSo />
        <NgayBD />
        <NgayKT />
        <ChuGiai />
        <NganSach data-type="Int32" />
        <KPDC data-type="Int32" />
        <KPQT data-type="Int32" />
        <TinhTrang />
        <NgayNT />
        <NgayGH data-type="DateTime" />
        <Xuat expression="MaSo" />
      </DeTai>
      <PMSC>
        <HoSoId />
        <So />
        <NgayDon />
        <NgayBang />
        <DeTaiId />
        <Check expression="substring(isnull('2' + NgayBang, isnull('1' + NgayDon, '0')), 1, 1)" />
        <TrangThai expression="iif(check='2', 'Đã được cấp bằng', iif(check='1','Chờ cấp bằng', 'Không hợp lệ'))" />
        <NgayBD expression="NgayBang" />
        <NgayKT expression="NgayBang" />
        <Xuat expression="So" />
      </PMSC>
      <TacGia>
        <HoSoId primary-key="0" />
        <CanBoId />
        <HeSo data-type="Double" />
        <KhoiLuong data-type="Double" />
      </TacGia>
      <MauXuat>
        <Ma />
        <CauTruc />
      </MauXuat>
      <QuyTrinh>
        <Ma />
        <Ten />
      </QuyTrinh>
      <BaoCao>
        <Id />
        <Mau />
        <PhanCapId />
        <Ten />
      </BaoCao>
      <NguonBC>
        <Ma />
        <CacBang />
      </NguonBC>
    </NCKH_>
  </Project>
</models>