﻿<data>
  <HSCV>
    <Id>1</Id>
    <GiaiNghia>Hiệu trưởng</GiaiNghia>
    <SoGio>36</SoGio>
  </HSCV>
  <HSCV>
    <Id>2</Id>
    <GiaiNghia>Phó Hiệu trưởng</GiaiNghia>
    <SoGio>36</SoGio>
  </HSCV>
  <HSCV>
    <Id>3</Id>
    <GiaiNghia>Chủ tịch Hội đồng Trường</GiaiNghia>
    <SoGio>24</SoGio>
  </HSCV>
  <HSCV>
    <Id>4</Id>
    <GiaiNghia>Bí thư Đảng ủy trường, Chủ tịch Công đoàn trường, Bí thư Đoàn trường</GiaiNghia>
    <SoGio>20</SoGio>
  </HSCV>
  <HSCV>
    <Id>5</Id>
    <GiaiNghia>Phó bí thư Đảng ủy trường, Phó chủ tịch Công đoàn trường, Phó bí thư Đoàn trường, Thư ký Hội đồng trường, Trưởng ban Thanh tra nhân dân</GiaiNghia>
    <SoGio>16</SoGio>
  </HSCV>
  <HSCV>
    <Id>6</Id>
    <GiaiNghia>Trưởng phòng, ban, giám đốc trung tâm quản lý hành chính cấp trường, viện trưởng các viện quản lý đào tạo cấp trường, Phó Trưởng phòng, ban, Phó giám đốc trung tâm quản lý hành chính cấp trường, Phó viện trưởng các viện quản lý đào tạo cấp trường</GiaiNghia>
    <SoGio>32</SoGio>
  </HSCV>
  <HSCV>
    <Id>7</Id>
    <GiaiNghia>Viện trưởng các viện đào tạo (có trên 100 cán bộ)</GiaiNghia>
    <SoGio>24</SoGio>
  </HSCV>
  <HSCV>
    <Id>8</Id>
    <GiaiNghia>Phó Viện trưởng các viện đào tạo (có trên 100 cán bộ)</GiaiNghia>
    <SoGio>20</SoGio>
  </HSCV>
  <HSCV>
    <Id>9</Id>
    <GiaiNghia>Trưởng khoa đại cương; viện, trung tâm nghiên cứu; bộ môn và tương đương có &lt;10 cán bộ</GiaiNghia>
    <SoGio>8</SoGio>
  </HSCV>
  <HSCV>
    <Id>10</Id>
    <GiaiNghia>Phó trưởng khoa; viện, trung tâm nghiên cứu; bộ môn và tương đương có &lt;10 cán bộ</GiaiNghia>
    <SoGio>6</SoGio>
  </HSCV>
  <HSCV>
    <Id>11</Id>
    <GiaiNghia>Cán bộ trong thời gian tập sự (hợp đồng lao động lần đầu)</GiaiNghia>
  </HSCV>
  <HSCV>
    <Id>12</Id>
    <GiaiNghia>Cán bộ học thạc sĩ trong thời gian quy định (1 năm đối với kỹ sư và 2 năm đối với cử nhân)</GiaiNghia>
  </HSCV>
  <HSCV>
    <Id>13</Id>
    <GiaiNghia>Cán bộ làm NCS hệ tập trung trong thời gian quy định (3 năm), NCS hệ không tập trung năm thứ 4</GiaiNghia>
  </HSCV>
  <HSCV>
    <Id>14</Id>
    <GiaiNghia>Cán bộ làm NCS hệ không tập trung 3 năm đầu</GiaiNghia>
  </HSCV>
  <HSCV>
    <Id>17</Id>
    <GiaiNghia>Trưởng khoa đại cương; viện, trung tâm nghiên cứu, bộ môn và tương đương có từ 10-20 cán bộ</GiaiNghia>
    <SoGio>10</SoGio>
  </HSCV>
  <HSCV>
    <Id>19</Id>
    <GiaiNghia>Phó trưởng khoa; viện, trung tâm nghiên cứu; bộ môn và tương đương có từ 10-20 cán bộ</GiaiNghia>
    <SoGio>8</SoGio>
  </HSCV>
  <HSCV>
    <Id>21</Id>
    <GiaiNghia>Trưởng khoa đại cương; viện, trung tâm nghiên cứu, bộ môn và tương đương có &gt; 20 cán bộ</GiaiNghia>
    <SoGio>12</SoGio>
  </HSCV>
  <HSCV>
    <Id>23</Id>
    <GiaiNghia>Phó trưởng khoa; viện, trung tâm nghiên cứu; bộ môn và tương đương có &gt; 20 cán bộ</GiaiNghia>
    <SoGio>10</SoGio>
  </HSCV>
</data>