﻿<?xml version="1.0" encoding="utf-8"?>
<data>
  <HSDA>
    <Id>17</Id>
    <MaCT>CTTT</MaCT>
    <LoaiLop>DAMH</LoaiLop>
    <HeSo>0.2</HeSo>
  </HSDA>
  <HSDA>
    <Id>18</Id>
    <MaCT>DHCQ</MaCT>
    <LoaiLop>DAMH</LoaiLop>
    <HeSo>0.12</HeSo>
  </HSDA>
  <HSDA>
    <Id>19</Id>
    <MaCT>IPE</MaCT>
    <LoaiLop>DAMH</LoaiLop>
    <HeSo>0.18</HeSo>
  </HSDA>
  <HSDA>
    <Id>20</Id>
    <MaCT>KSCLC</MaCT>
    <LoaiLop>DAMH</LoaiLop>
    <HeSo>0.18</HeSo>
  </HSDA>
  <HSDA>
    <Id>21</Id>
    <MaCT>KSTN</MaCT>
    <LoaiLop>DAMH</LoaiLop>
    <HeSo>0.18</HeSo>
  </HSDA>
  <HSDA>
    <Id>22</Id>
    <MaCT>SDH</MaCT>
    <LoaiLop>DAMH</LoaiLop>
    <HeSo>0.2</HeSo>
  </HSDA>
  <HSDA>
    <Id>23</Id>
    <MaCT>SDH</MaCT>
    <LoaiLop>HPTS</LoaiLop>
    <HeSo>0.3</HeSo>
  </HSDA>
  <HSDA>
    <Id>24</Id>
    <MaCT>SIE</MaCT>
    <LoaiLop>DAMH</LoaiLop>
    <HeSo>0.2</HeSo>
  </HSDA>
</data>