﻿<?xml version="1.0" encoding="utf-8"?>
<data>
  <HSGD>
    <Id>9</Id>
    <MaCT>CTTT</MaCT>
    <LoaiLop>BT</LoaiLop>
    <HeSo>2</HeSo>
  </HSGD>
  <HSGD>
    <Id>10</Id>
    <MaCT>CTTT</MaCT>
    <LoaiLop>LT</LoaiLop>
    <HeSo>2</HeSo>
  </HSGD>
  <HSGD>
    <Id>11</Id>
    <MaCT>CTTT</MaCT>
    <LoaiLop>TH</LoaiLop>
    <HeSo>1.5</HeSo>
  </HSGD>
  <HSGD>
    <Id>12</Id>
    <MaCT>CTTT</MaCT>
    <LoaiLop>TN</LoaiLop>
    <HeSo>1.5</HeSo>
  </HSGD>
  <HSGD>
    <Id>13</Id>
    <MaCT>DHCQ</MaCT>
    <LoaiLop>BT</LoaiLop>
    <HeSo>1.5</HeSo>
  </HSGD>
  <HSGD>
    <Id>14</Id>
    <MaCT>DHCQ</MaCT>
    <LoaiLop>LT</LoaiLop>
    <HeSo>1.5</HeSo>
  </HSGD>
  <HSGD>
    <Id>15</Id>
    <MaCT>DHCQ</MaCT>
    <LoaiLop>TH</LoaiLop>
    <HeSo>1</HeSo>
  </HSGD>
  <HSGD>
    <Id>16</Id>
    <MaCT>DHCQ</MaCT>
    <LoaiLop>TN</LoaiLop>
    <HeSo>1</HeSo>
  </HSGD>
  <HSGD>
    <Id>17</Id>
    <MaCT>IPE</MaCT>
    <LoaiLop>BT</LoaiLop>
    <HeSo>1.8</HeSo>
  </HSGD>
  <HSGD>
    <Id>18</Id>
    <MaCT>IPE</MaCT>
    <LoaiLop>LT</LoaiLop>
    <HeSo>1.8</HeSo>
  </HSGD>
  <HSGD>
    <Id>19</Id>
    <MaCT>IPE</MaCT>
    <LoaiLop>TH</LoaiLop>
    <HeSo>1.5</HeSo>
  </HSGD>
  <HSGD>
    <Id>20</Id>
    <MaCT>IPE</MaCT>
    <LoaiLop>TN</LoaiLop>
    <HeSo>1.5</HeSo>
  </HSGD>
  <HSGD>
    <Id>21</Id>
    <MaCT>KSCLC</MaCT>
    <LoaiLop>BT</LoaiLop>
    <HeSo>1.8</HeSo>
  </HSGD>
  <HSGD>
    <Id>22</Id>
    <MaCT>KSCLC</MaCT>
    <LoaiLop>LT</LoaiLop>
    <HeSo>1.8</HeSo>
  </HSGD>
  <HSGD>
    <Id>23</Id>
    <MaCT>KSCLC</MaCT>
    <LoaiLop>TH</LoaiLop>
    <HeSo>1.5</HeSo>
  </HSGD>
  <HSGD>
    <Id>24</Id>
    <MaCT>KSCLC</MaCT>
    <LoaiLop>TN</LoaiLop>
    <HeSo>1.5</HeSo>
  </HSGD>
  <HSGD>
    <Id>25</Id>
    <MaCT>KSTN</MaCT>
    <LoaiLop>BT</LoaiLop>
    <HeSo>1.8</HeSo>
  </HSGD>
  <HSGD>
    <Id>26</Id>
    <MaCT>KSTN</MaCT>
    <LoaiLop>LT</LoaiLop>
    <HeSo>1.8</HeSo>
  </HSGD>
  <HSGD>
    <Id>27</Id>
    <MaCT>KSTN</MaCT>
    <LoaiLop>TH</LoaiLop>
    <HeSo>1.5</HeSo>
  </HSGD>
  <HSGD>
    <Id>28</Id>
    <MaCT>KSTN</MaCT>
    <LoaiLop>TN</LoaiLop>
    <HeSo>1.5</HeSo>
  </HSGD>
  <HSGD>
    <Id>29</Id>
    <MaCT>SIE</MaCT>
    <LoaiLop>BT</LoaiLop>
    <HeSo>2</HeSo>
  </HSGD>
  <HSGD>
    <Id>30</Id>
    <MaCT>SIE</MaCT>
    <LoaiLop>LT</LoaiLop>
    <HeSo>2</HeSo>
  </HSGD>
  <HSGD>
    <Id>31</Id>
    <MaCT>SIE</MaCT>
    <LoaiLop>TH</LoaiLop>
    <HeSo>1.5</HeSo>
  </HSGD>
  <HSGD>
    <Id>32</Id>
    <MaCT>SIE</MaCT>
    <LoaiLop>TN</LoaiLop>
    <HeSo>1.5</HeSo>
  </HSGD>
  <HSGD>
    <Id>33</Id>
    <MaCT>SDH</MaCT>
    <LoaiLop>BT</LoaiLop>
    <HeSo>2</HeSo>
  </HSGD>
  <HSGD>
    <Id>34</Id>
    <MaCT>SDH</MaCT>
    <LoaiLop>LT</LoaiLop>
    <HeSo>2</HeSo>
  </HSGD>
  <HSGD>
    <Id>35</Id>
    <MaCT>SDH</MaCT>
    <LoaiLop>TH</LoaiLop>
    <HeSo>1.5</HeSo>
  </HSGD>
  <HSGD>
    <Id>36</Id>
    <MaCT>SDH</MaCT>
    <LoaiLop>TN</LoaiLop>
    <HeSo>1.5</HeSo>
  </HSGD>
  <HSGD>
    <Id>37</Id>
    <MaCT>VB2</MaCT>
    <LoaiLop>BT</LoaiLop>
    <HeSo>2</HeSo>
  </HSGD>
  <HSGD>
    <Id>38</Id>
    <MaCT>VB2</MaCT>
    <LoaiLop>LT</LoaiLop>
    <HeSo>2</HeSo>
  </HSGD>
  <HSGD>
    <Id>39</Id>
    <MaCT>VB2</MaCT>
    <LoaiLop>TH</LoaiLop>
    <HeSo>1.5</HeSo>
  </HSGD>
  <HSGD>
    <Id>40</Id>
    <MaCT>VB2</MaCT>
    <LoaiLop>TN</LoaiLop>
    <HeSo>1.5</HeSo>
  </HSGD>
  <HSGD>
    <Id>42</Id>
    <MaCT>DHCQ</MaCT>
    <LoaiLop>TT</LoaiLop>
    <HeSo>1</HeSo>
  </HSGD>
</data>