﻿<?xml version="1.0" encoding="utf-8"?>
<data>
  <HSHK>
    <Id>13</Id>
    <Ky>3</Ky>
    <MaCT>DHCQ</MaCT>
    <LoaiLop>DACN</LoaiLop>
    <HeSo>1.2</HeSo>
  </HSHK>
  <HSHK>
    <Id>14</Id>
    <Ky>3</Ky>
    <MaCT>DHCQ</MaCT>
    <LoaiLop>BT</LoaiLop>
    <HeSo>1</HeSo>
  </HSHK>
  <HSHK>
    <Id>15</Id>
    <Ky>3</Ky>
    <MaCT>DHCQ</MaCT>
    <LoaiLop>DAMH</LoaiLop>
    <HeSo>0.18</HeSo>
  </HSHK>
  <HSHK>
    <Id>16</Id>
    <Ky>3</Ky>
    <MaCT>DHCQ</MaCT>
    <LoaiLop>LT</LoaiLop>
    <HeSo>1</HeSo>
  </HSHK>
  <HSHK>
    <Id>17</Id>
    <Ky>3</Ky>
    <MaCT>DHCQ</MaCT>
    <LoaiLop>TH</LoaiLop>
    <HeSo>0.5</HeSo>
  </HSHK>
  <HSHK>
    <Id>18</Id>
    <Ky>3</Ky>
    <MaCT>DHCQ</MaCT>
    <LoaiLop>TN</LoaiLop>
    <HeSo>0.5</HeSo>
  </HSHK>
</data>