﻿<?xml version="1.0" encoding="utf-8"?>
<data>
  <HSLop>
    <Id>1</Id>
    <Min>0</Min>
    <Max>60</Max>
    <HeSo>0</HeSo>
  </HSLop>
  <HSLop>
    <Id>2</Id>
    <Min>61</Min>
    <Max>120</Max>
    <HeSo>0.2</HeSo>
  </HSLop>
  <HSLop>
    <Id>3</Id>
    <Min>121</Min>
    <Max>180</Max>
    <HeSo>0.4</HeSo>
  </HSLop>
  <HSLop>
    <Id>4</Id>
    <Min>181</Min>
    <Max>240</Max>
    <HeSo>0.6</HeSo>
  </HSLop>
  <HSLop>
    <Id>5</Id>
    <Min>241</Min>
    <Max>300</Max>
    <HeSo>0.8</HeSo>
  </HSLop>
  <HSLop>
    <Id>6</Id>
    <Min>301</Min>
    <Max>1000</Max>
    <HeSo>1</HeSo>
  </HSLop>
</data>