﻿<?xml version="1.0" encoding="utf-8"?>
<data>
  <HSTN>
    <Id>1</Id>
    <MaCT>DHCQ</MaCT>
    <LoaiLop>DACN</LoaiLop>
    <HeSo>0.8</HeSo>
  </HSTN>
  <HSTN>
    <Id>2</Id>
    <MaCT>DHCQ</MaCT>
    <LoaiLop>DATN</LoaiLop>
    <HeSo>1</HeSo>
  </HSTN>
  <HSTN>
    <Id>3</Id>
    <MaCT>SDH</MaCT>
    <LoaiLop>LVKH</LoaiLop>
    <HeSo>1.5</HeSo>
  </HSTN>
  <HSTN>
    <Id>4</Id>
    <MaCT>SDH</MaCT>
    <LoaiLop>LVKT</LoaiLop>
    <HeSo>1</HeSo>
  </HSTN>
  <HSTN>
    <Id>5</Id>
    <MaCT>SDH</MaCT>
    <LoaiLop>CDNCS</LoaiLop>
    <HeSo>1</HeSo>
  </HSTN>
  <HSTN>
    <Id>6</Id>
    <MaCT>SDH</MaCT>
    <LoaiLop>LATS</LoaiLop>
    <HeSo>2</HeSo>
  </HSTN>
  <HSTN>
    <Id>7</Id>
    <MaCT>CTTT</MaCT>
    <LoaiLop>DATN</LoaiLop>
    <HeSo>1</HeSo>
  </HSTN>
  <HSTN>
    <Id>8</Id>
    <MaCT>KSCLC</MaCT>
    <LoaiLop>DATN</LoaiLop>
    <HeSo>1</HeSo>
  </HSTN>
  <HSTN>
    <Id>9</Id>
    <MaCT>SIE</MaCT>
    <LoaiLop>DACN</LoaiLop>
    <HeSo>0.2</HeSo>
  </HSTN>
  <HSTN>
    <Id>10</Id>
    <MaCT>SIE</MaCT>
    <LoaiLop>DATN</LoaiLop>
    <HeSo>1</HeSo>
  </HSTN>
  <HSTN>
    <Id>11</Id>
    <MaCT>IPE</MaCT>
    <LoaiLop>DA</LoaiLop>
    <HeSo>1</HeSo>
  </HSTN>
  <HSTN>
    <Id>12</Id>
    <MaCT>KSTN</MaCT>
    <LoaiLop>DA</LoaiLop>
    <HeSo>1</HeSo>
  </HSTN>
</data>