﻿<?xml version="1.0" encoding="utf-8"?>
<data>
  <BoMon>
    <Ma>KDTVT</Ma>
    <KyHieu>DTVT</KyHieu>
    <Ten>Viện Điện tử - Viễn thông</Ten>
  </BoMon>
  <BoMon>
    <Ma>7.01</Ma>
    <KyHieu>VP</KyHieu>
    <Ten>Văn phòng Viện</Ten>
  </BoMon>
  <BoMon>
    <Ma>7.02</Ma>
    <KyHieu>HTVT</KyHieu>
    <Ten>Hệ thống viễn thông</Ten>
  </BoMon>
  <BoMon>
    <Ma>7.03</Ma>
    <KyHieu>DTKTMT</KyHieu>
    <Ten>Điện tử và Kỹ thuật máy tính</Ten>
  </BoMon>
  <BoMon>
    <Ma>7.04</Ma>
    <KyHieu>KTTT</KyHieu>
    <Ten>Kỹ thuật thông tin</Ten>
  </BoMon>
  <BoMon>
    <Ma>7.05</Ma>
    <KyHieu>KTYS</KyHieu>
    <Ten>Công nghệ điện tử và Kỹ thuật Y sinh</Ten>
  </BoMon>
  <BoMon>
    <Ma>7.06</Ma>
    <KyHieu>TTTH</KyHieu>
    <Ten>Đào tạo thực hành ĐT-VT</Ten>
  </BoMon>
  <BoMon>
    <Ma>7.07</Ma>
    <KyHieu>MXLTH</KyHieu>
    <Ten>Mạch và xử lý tín hiệu</Ten>
  </BoMon>
  <BoMon>
    <Ma>7.09</Ma>
    <KyHieu>HKVT</KyHieu>
    <Ten>Điện tử Hàng không - Vũ trụ</Ten>
  </BoMon>
</data>