﻿<?xml version="1.0" encoding="utf-8"?>
<data>
  <CanBo>
    <UserId>1</UserId>
    <MaBM>7.01</MaBM>
  </CanBo>
  <CanBo>
    <UserId>2</UserId>
    <MaCB>002.004.00065</MaCB>
    <MaBM>7.05</MaBM>
    <MaCD>GV-TS</MaCD>
    <SoTK>12210000284404</SoTK>
    <NganHang>BIDV-Hà Thành</NganHang>
  </CanBo>
  <CanBo>
    <UserId>3</UserId>
    <MaCB>002.2012.0066</MaCB>
    <MaBM>7.05</MaBM>
    <MaCD>GV-TS</MaCD>
    <SoTK>12210000637220</SoTK>
    <NganHang>BIDV-Hà Thành</NganHang>
  </CanBo>
  <CanBo>
    <UserId>4</UserId>
    <MaCB>002.004.00013</MaCB>
    <MaBM>7.05</MaBM>
    <MaCD>GV-TS</MaCD>
    <SoTK>12210000284468</SoTK>
    <NganHang>BIDV Hà Thành</NganHang>
  </CanBo>
  <CanBo>
    <UserId>5</UserId>
    <MaCB>002.004.00080</MaCB>
    <MaBM>7.05</MaBM>
    <MaCD>PGS</MaCD>
    <SoTK>12210000284316</SoTK>
    <NganHang>BIDV-Hà Thành</NganHang>
  </CanBo>
  <CanBo>
    <UserId>7</UserId>
    <MaCB>002.045.00007</MaCB>
    <MaBM>7.05</MaBM>
    <MaCD>PVGD</MaCD>
    <SoTK>12210000284389</SoTK>
    <NganHang>BIDV Hà Thành</NganHang>
  </CanBo>
  <CanBo>
    <UserId>8</UserId>
    <MaCB>002.004.00098</MaCB>
    <MaBM>7.05</MaBM>
    <MaCD>GV</MaCD>
    <SoTK>12210000406581</SoTK>
    <NganHang>BIDV Hà Thành</NganHang>
  </CanBo>
  <CanBo>
    <UserId>9</UserId>
    <MaCB>002.004.00079</MaCB>
    <MaBM>7.05</MaBM>
    <MaCD>PVGD</MaCD>
    <SoTK>12210000284273</SoTK>
    <NganHang>BIDV-Hà Thành</NganHang>
  </CanBo>
  <CanBo>
    <UserId>10</UserId>
    <MaCB>002.004.00014</MaCB>
    <MaBM>7.05</MaBM>
    <MaCD>GV-TS</MaCD>
    <SoTK>12210000285647</SoTK>
    <NganHang>BIDV Hà Thành</NganHang>
  </CanBo>
  <CanBo>
    <UserId>11</UserId>
    <MaCB>002.004.00006</MaCB>
    <MaBM>7.05</MaBM>
    <MaCD>PVGD</MaCD>
    <SoTK>12210000284343</SoTK>
    <NganHang>BIDV Hà Thành</NganHang>
  </CanBo>
  <CanBo>
    <UserId>12</UserId>
    <MaCB>002.004.00093</MaCB>
    <MaBM>7.05</MaBM>
    <MaCD>GV-TS</MaCD>
    <SoTK>12210000355124</SoTK>
    <NganHang>BIDV-Hà Thành</NganHang>
  </CanBo>
  <CanBo>
    <UserId>13</UserId>
    <MaCB>002.045.00003</MaCB>
    <MaBM>7.05</MaBM>
    <MaCD>GV</MaCD>
    <SoTK>12210000284255</SoTK>
    <NganHang>BIDV Hà Thành</NganHang>
  </CanBo>
  <CanBo>
    <UserId>14</UserId>
    <MaCB>002.004.00542</MaCB>
    <MaBM>7.05</MaBM>
    <MaCD>GVCC</MaCD>
    <SoTK>12210000284246</SoTK>
    <NganHang>BIDV Hà Thành</NganHang>
  </CanBo>
  <CanBo>
    <UserId>15</UserId>
    <MaCB>002.004.00026</MaCB>
    <MaBM>7.03</MaBM>
    <MaCD>GV-TS</MaCD>
    <SoTK>12210000290173</SoTK>
    <NganHang>BIDV-Hà Thành</NganHang>
  </CanBo>
  <CanBo>
    <UserId>16</UserId>
    <MaCB>002.004.00106</MaCB>
    <MaBM>7.03</MaBM>
    <MaCD>GV-TS</MaCD>
    <SoTK>12210000548483</SoTK>
    <NganHang>BIDV-Hà Thành</NganHang>
  </CanBo>
  <CanBo>
    <UserId>17</UserId>
    <MaCB>002.004.00086</MaCB>
    <MaBM>7.03</MaBM>
    <MaCD>GV-TS</MaCD>
    <SoTK>12210000290216</SoTK>
    <NganHang>BIDV-Hà Thành</NganHang>
  </CanBo>
  <CanBo>
    <UserId>18</UserId>
    <MaCB>002.004.00506</MaCB>
    <MaBM>7.03</MaBM>
    <MaCD>GVC-TS</MaCD>
    <SoTK>12210000290270</SoTK>
    <NganHang>BIDV-Hà Thành</NganHang>
  </CanBo>
  <CanBo>
    <UserId>19</UserId>
    <MaCB>002.004.00042</MaCB>
    <MaBM>7.03</MaBM>
    <MaCD>GV-TS</MaCD>
    <SoTK>12210000068884</SoTK>
    <NganHang>BIDV-Hà Thành</NganHang>
  </CanBo>
  <CanBo>
    <UserId>20</UserId>
    <MaCB>002.2012.0081</MaCB>
    <MaBM>7.03</MaBM>
    <MaCD>GV-TS</MaCD>
    <SoTK>12210000655073</SoTK>
    <NganHang>BIDV-Hà Thành</NganHang>
  </CanBo>
  <CanBo>
    <UserId>21</UserId>
    <MaCB>002.004.00052</MaCB>
    <MaBM>7.03</MaBM>
    <MaCD>PVGD</MaCD>
    <SoTK>12210000290207</SoTK>
    <NganHang>BIDV-Hà Thành</NganHang>
  </CanBo>
  <CanBo>
    <UserId>23</UserId>
    <MaCB>002.2012.0068</MaCB>
    <MaBM>7.03</MaBM>
    <MaCD>GV-TS</MaCD>
    <SoTK>12210000302005</SoTK>
    <NganHang>BIDV-Hà Thành</NganHang>
  </CanBo>
  <CanBo>
    <UserId>24</UserId>
    <MaCB>002.003.00024</MaCB>
    <MaBM>7.03</MaBM>
    <MaCD>PGS</MaCD>
    <SoTK>12210000292036</SoTK>
    <NganHang>BIDV-Hà Thành</NganHang>
  </CanBo>
  <CanBo>
    <UserId>25</UserId>
    <MaCB>002.004.00105</MaCB>
    <MaBM>7.03</MaBM>
    <MaCD>GV-TS</MaCD>
    <SoTK>12210000521998</SoTK>
    <NganHang>BIDV-Hà Thành</NganHang>
  </CanBo>
  <CanBo>
    <UserId>26</UserId>
    <MaCB>002.004.00018</MaCB>
    <MaBM>7.03</MaBM>
    <MaCD>PGS</MaCD>
    <SoTK>12210000290340</SoTK>
    <NganHang>BIDV-Hà Thành</NganHang>
  </CanBo>
  <CanBo>
    <UserId>27</UserId>
    <MaCB>002.004.00084</MaCB>
    <MaBM>7.03</MaBM>
    <MaCD>GV</MaCD>
    <SoTK>12210000290401</SoTK>
    <NganHang>BIDV-Hà Thành</NganHang>
  </CanBo>
  <CanBo>
    <UserId>29</UserId>
    <MaCB>002.004.00094</MaCB>
    <MaBM>7.03</MaBM>
    <MaCD>PVGD</MaCD>
    <SoTK>12210000350554</SoTK>
    <NganHang>BIDV-Hà Thành</NganHang>
  </CanBo>
  <CanBo>
    <UserId>30</UserId>
    <MaCB>002.004.00564</MaCB>
    <MaBM>7.03</MaBM>
    <MaCD>PGS</MaCD>
    <SoTK>12210000290304</SoTK>
    <NganHang>BIDV-Hà Thành</NganHang>
  </CanBo>
  <CanBo>
    <UserId>31</UserId>
    <MaCB>002.004.00101</MaCB>
    <MaBM>7.03</MaBM>
    <MaCD>GV</MaCD>
    <SoTK>12210000305402</SoTK>
    <NganHang>BIDV-Hà Thành</NganHang>
  </CanBo>
  <CanBo>
    <UserId>32</UserId>
    <MaCB>002.004.00073</MaCB>
    <MaBM>7.03</MaBM>
    <MaCD>GV-TS</MaCD>
    <SoTK>12210000048053</SoTK>
    <NganHang>BIDV-Hà Thành</NganHang>
  </CanBo>
  <CanBo>
    <UserId>33</UserId>
    <MaCB>002.004.00492</MaCB>
    <MaBM>7.09</MaBM>
    <MaCD>GVC-TS</MaCD>
    <SoTK>12210000287698</SoTK>
    <NganHang>BIDV-Hà Thành</NganHang>
  </CanBo>
  <CanBo>
    <UserId>34</UserId>
    <MaCB>002.004.00056</MaCB>
    <MaBM>7.09</MaBM>
    <MaCD>GV</MaCD>
    <SoTK>12210000287005</SoTK>
    <NganHang>BIDV-Hà Thành</NganHang>
  </CanBo>
  <CanBo>
    <UserId>35</UserId>
    <MaCB>002.004.00044</MaCB>
    <MaBM>7.09</MaBM>
    <MaCD>GV-TS</MaCD>
    <SoTK>12210000055406</SoTK>
    <NganHang>BIDV-Hà Thành</NganHang>
  </CanBo>
  <CanBo>
    <UserId>36</UserId>
    <MaCB>002.004.00530</MaCB>
    <MaBM>7.09</MaBM>
    <MaCD>GV</MaCD>
    <SoTK>12210000285133</SoTK>
    <NganHang>BIDV-Hà Thành</NganHang>
  </CanBo>
  <CanBo>
    <UserId>37</UserId>
    <MaCB>002.004.00100</MaCB>
    <MaBM>7.09</MaBM>
    <MaCD>GV-TS</MaCD>
    <SoTK>12210000461474</SoTK>
    <NganHang>BIDV-Hà Thành</NganHang>
  </CanBo>
  <CanBo>
    <UserId>38</UserId>
    <MaCB>002.004.00099</MaCB>
    <MaBM>7.09</MaBM>
    <MaCD>PGS</MaCD>
    <SoTK>12210000464871</SoTK>
    <NganHang>BIDV-Hà Thành</NganHang>
  </CanBo>
  <CanBo>
    <UserId>39</UserId>
    <MaCB>002.004.00035</MaCB>
    <MaBM>7.09</MaBM>
    <MaCD>PGS</MaCD>
    <SoTK>12210000053075</SoTK>
    <NganHang>BIDV-Hà Thành</NganHang>
  </CanBo>
  <CanBo>
    <UserId>40</UserId>
    <MaCB>002.004.00528</MaCB>
    <MaBM>7.09</MaBM>
    <MaCD>PGS</MaCD>
    <SoTK>12210000148546</SoTK>
    <NganHang>BIDV-Hà Thành</NganHang>
  </CanBo>
  <CanBo>
    <UserId>3047</UserId>
    <MaCB>002.004.00508</MaCB>
    <MaBM>7.03</MaBM>
    <MaCD>PGS</MaCD>
    <SoTK />
    <NganHang>BIDV-Hà Thành</NganHang>
  </CanBo>
  <CanBo>
    <UserId>41</UserId>
    <MaCB>002.2012.0067</MaCB>
    <MaBM>7.02</MaBM>
    <MaCD>GV</MaCD>
    <SoTK>12210000637266</SoTK>
    <NganHang>BIDV-Hà Thành</NganHang>
  </CanBo>
  <CanBo>
    <UserId>42</UserId>
    <MaCB>002.004.00025</MaCB>
    <MaBM>7.02</MaBM>
    <MaCD>GV-TS</MaCD>
    <SoTK>12210000287652</SoTK>
    <NganHang>BIDV-Hà Thành</NganHang>
  </CanBo>
  <CanBo>
    <UserId>43</UserId>
    <MaCB>002.2014.004</MaCB>
    <MaBM>7.02</MaBM>
    <MaCD>GV-TS</MaCD>
    <SoTK>12210000715409</SoTK>
    <NganHang>BIDV-Hà Thành</NganHang>
  </CanBo>
  <CanBo>
    <UserId>44</UserId>
    <MaCB>002.004.00041</MaCB>
    <MaBM>7.02</MaBM>
    <MaCD>GV-TS</MaCD>
    <SoTK>12210000287713</SoTK>
    <NganHang>BIDV-Hà Thành</NganHang>
  </CanBo>
  <CanBo>
    <UserId>45</UserId>
    <MaCB>002.004.00071</MaCB>
    <MaBM>7.02</MaBM>
    <MaCD>GV-TS</MaCD>
    <SoTK>12210000287050</SoTK>
    <NganHang>BIDV-Hà Thành</NganHang>
  </CanBo>
  <CanBo>
    <UserId>46</UserId>
    <MaCB>002.004.00061</MaCB>
    <MaBM>7.02</MaBM>
    <MaCD>PGS</MaCD>
    <SoTK>12210000287689</SoTK>
    <NganHang>BIDV-Hà Thành</NganHang>
  </CanBo>
  <CanBo>
    <UserId>47</UserId>
    <MaCB>002.004.00103</MaCB>
    <MaBM>7.04</MaBM>
    <MaCD>PGS</MaCD>
    <SoTK>12210000464808</SoTK>
    <NganHang>BIDV-Hà Thành</NganHang>
  </CanBo>
  <CanBo>
    <UserId>48</UserId>
    <MaCB>002.004.00095</MaCB>
    <MaBM>7.02</MaBM>
    <MaCD>PVGD</MaCD>
    <SoTK>12210000350518</SoTK>
    <NganHang>BIDV-Hà Thành</NganHang>
  </CanBo>
  <CanBo>
    <UserId>49</UserId>
    <MaCB>002.061.00008</MaCB>
    <MaBM>7.02</MaBM>
    <MaCD>GV-TS</MaCD>
    <SoTK>12210000286987</SoTK>
    <NganHang>BIDV-Hà Thành</NganHang>
  </CanBo>
  <CanBo>
    <UserId>50</UserId>
    <MaCB>002.004.00078</MaCB>
    <MaBM>7.02</MaBM>
    <MaCD>PVGD</MaCD>
    <SoTK>12210000287023</SoTK>
    <NganHang>BIDV-Hà Thành</NganHang>
  </CanBo>
  <CanBo>
    <UserId>51</UserId>
    <MaCB>002.2012.0027</MaCB>
    <MaBM>7.02</MaBM>
    <MaCD>GV-TS</MaCD>
    <SoTK>12110000138434</SoTK>
    <NganHang>BIDV Hai Bà Trưng</NganHang>
  </CanBo>
  <CanBo>
    <UserId>52</UserId>
    <MaCB>002.004.00092</MaCB>
    <MaBM>7.02</MaBM>
    <MaCD>PGS</MaCD>
    <SoTK>12210000350688</SoTK>
    <NganHang>BIDV-Hà Thành</NganHang>
  </CanBo>
  <CanBo>
    <UserId>53</UserId>
    <MaCB>002.2013.0033</MaCB>
    <MaBM>7.02</MaBM>
    <MaCD>GV-TS</MaCD>
    <NganHang>BIDV-Hà Thành</NganHang>
  </CanBo>
  <CanBo>
    <UserId>54</UserId>
    <MaCB>002.004.00024</MaCB>
    <MaBM>7.02</MaBM>
    <MaCD>GVC-TS</MaCD>
    <SoTK>12210000287087</SoTK>
    <NganHang>BIDV-Hà Thành</NganHang>
  </CanBo>
  <CanBo>
    <UserId>55</UserId>
    <MaCB>002.004.00062</MaCB>
    <MaBM>7.02</MaBM>
    <MaCD>PVGD</MaCD>
    <SoTK>12210000287102</SoTK>
    <NganHang>BIDV-Hà Thành</NganHang>
  </CanBo>
  <CanBo>
    <UserId>56</UserId>
    <MaCB>002.004.00493</MaCB>
    <MaBM>7.02</MaBM>
    <MaCD>GVC-TS</MaCD>
    <SoTK>12210000287078</SoTK>
    <NganHang>BIDV-Hà Thành</NganHang>
  </CanBo>
  <CanBo>
    <UserId>57</UserId>
    <MaCB>002.004.00557</MaCB>
    <MaBM>7.02</MaBM>
    <MaCD>PGS</MaCD>
    <SoTK>12210000287032</SoTK>
    <NganHang>BIDV-Hà Thành</NganHang>
  </CanBo>
  <CanBo>
    <UserId>58</UserId>
    <MaCB>002.004.00108</MaCB>
    <MaBM>7.04</MaBM>
    <MaCD>GV</MaCD>
    <SoTK>12210000578994</SoTK>
    <NganHang>BIDV-Hà Thành</NganHang>
  </CanBo>
  <CanBo>
    <UserId>59</UserId>
    <MaCB>002.004.00058</MaCB>
    <MaBM>7.04</MaBM>
    <MaCD>GV-TS</MaCD>
    <SoTK>12210000284884</SoTK>
    <NganHang>BIDV-Hà Thành</NganHang>
  </CanBo>
  <CanBo>
    <UserId>60</UserId>
    <MaCB>002.004.00030</MaCB>
    <MaBM>7.04</MaBM>
    <MaCD>PGS</MaCD>
    <SoTK>12210000284635</SoTK>
    <NganHang>BIDV-Hà Thành</NganHang>
  </CanBo>
  <CanBo>
    <UserId>61</UserId>
    <MaCB>002.004.00034</MaCB>
    <MaBM>7.04</MaBM>
    <MaCD>PGS</MaCD>
    <SoTK>12610000040969</SoTK>
    <NganHang>BIDV-Ba Đình</NganHang>
  </CanBo>
  <CanBo>
    <UserId>62</UserId>
    <MaCB>002.004.00524</MaCB>
    <MaBM>7.04</MaBM>
    <MaCD>GV-TS</MaCD>
    <SoTK>12210000284565</SoTK>
    <NganHang>BIDV-Hà Thành</NganHang>
  </CanBo>
  <CanBo>
    <UserId>63</UserId>
    <MaCB>002.004.00032</MaCB>
    <MaBM>7.04</MaBM>
    <MaCD>GVC-TS</MaCD>
    <SoTK>12210000055336</SoTK>
    <NganHang>BIDV-Hà Thành</NganHang>
  </CanBo>
  <CanBo>
    <UserId>64</UserId>
    <MaCB>002.004.00002</MaCB>
    <MaBM>7.04</MaBM>
    <MaCD>PVGD</MaCD>
    <SoTK>12210000285009</SoTK>
    <NganHang>BIDV-Hà Thành</NganHang>
  </CanBo>
  <CanBo>
    <UserId>65</UserId>
    <MaCB>002.004.00003</MaCB>
    <MaBM>7.04</MaBM>
    <MaCD>PVGD</MaCD>
    <SoTK>12210000085421</SoTK>
    <NganHang>BIDV-Hà Thành</NganHang>
  </CanBo>
  <CanBo>
    <UserId>66</UserId>
    <MaCB>002.004.00085</MaCB>
    <MaBM>7.04</MaBM>
    <MaCD>GV-TS</MaCD>
    <SoTK>12210000124184</SoTK>
    <NganHang>BIDV-Hà Thành</NganHang>
  </CanBo>
  <CanBo>
    <UserId>67</UserId>
    <MaCB>002.004.00072</MaCB>
    <MaBM>7.04</MaBM>
    <MaCD>PVGD</MaCD>
    <SoTK>12210000284538</SoTK>
    <NganHang>BIDV-Hà Thành</NganHang>
  </CanBo>
  <CanBo>
    <UserId>68</UserId>
    <MaCB>002.004.00075</MaCB>
    <MaBM>7.04</MaBM>
    <MaCD>PGS</MaCD>
    <SoTK>12210000285054</SoTK>
    <NganHang>BIDV-Hà Thành</NganHang>
  </CanBo>
  <CanBo>
    <UserId>69</UserId>
    <MaCB>002.004.00529</MaCB>
    <MaBM>7.04</MaBM>
    <MaCD>GV-TS</MaCD>
    <SoTK>12210000285045</SoTK>
    <NganHang>BIDV-Hà Thành</NganHang>
  </CanBo>
  <CanBo>
    <UserId>70</UserId>
    <MaCB>002.004.00033</MaCB>
    <MaBM>7.04</MaBM>
    <MaCD>GV-TS</MaCD>
    <SoTK>12210000285160</SoTK>
    <NganHang>BIDV-Hà Thành</NganHang>
  </CanBo>
  <CanBo>
    <UserId>72</UserId>
    <MaCB>002.004.00096</MaCB>
    <MaBM>7.04</MaBM>
    <MaCD>PVGD</MaCD>
    <SoTK>12210000350563</SoTK>
    <NganHang>BIDV-Hà Thành</NganHang>
  </CanBo>
  <CanBo>
    <UserId>73</UserId>
    <MaCB>002.023.00012</MaCB>
    <MaBM>7.04</MaBM>
    <MaCD>GV-TS</MaCD>
    <SoTK>12210000284103</SoTK>
    <NganHang>BIDV-Hà Thành</NganHang>
  </CanBo>
  <CanBo>
    <UserId>74</UserId>
    <MaCB>002.004.00479</MaCB>
    <MaBM>7.07</MaBM>
    <MaCD>PGS</MaCD>
    <SoTK>12210000291918</SoTK>
    <NganHang>BIDV-Hà Thành</NganHang>
  </CanBo>
  <CanBo>
    <UserId>75</UserId>
    <MaCB>002.004.00001</MaCB>
    <MaBM>7.07</MaBM>
    <MaCD>PVGD</MaCD>
    <SoTK>12210000291820</SoTK>
    <NganHang>BIDV-Hà Thành</NganHang>
  </CanBo>
  <CanBo>
    <UserId>76</UserId>
    <MaCB>002.004.00053</MaCB>
    <MaBM>7.07</MaBM>
    <MaCD>PGS</MaCD>
    <SoTK>12210000291990</SoTK>
    <NganHang>BIDV-Hà Thành</NganHang>
  </CanBo>
  <CanBo>
    <UserId>77</UserId>
    <MaCB>002.004.00478</MaCB>
    <MaBM>7.07</MaBM>
    <MaCD>GV-TS</MaCD>
    <SoTK>12210000291884</SoTK>
    <NganHang>BIDV-Hà Thành</NganHang>
  </CanBo>
  <CanBo>
    <UserId>79</UserId>
    <MaCB>002.004.00010</MaCB>
    <MaBM>7.07</MaBM>
    <MaCD>GV-TS</MaCD>
    <SoTK>12210000285656</SoTK>
    <NganHang>BIDV-Hà Thành</NganHang>
  </CanBo>
  <CanBo>
    <UserId>80</UserId>
    <MaCB>002.004.00109</MaCB>
    <MaBM>7.07</MaBM>
    <MaCD>GV-TS</MaCD>
    <SoTK>21510000668625</SoTK>
    <NganHang>BIDV Cầu Giấy</NganHang>
  </CanBo>
  <CanBo>
    <UserId>81</UserId>
    <MaCB>002.004.00012</MaCB>
    <MaBM>7.07</MaBM>
    <MaCD>GV-TS</MaCD>
    <SoTK>12210000047777</SoTK>
    <NganHang>BIDV-Hà Thành</NganHang>
  </CanBo>
  <CanBo>
    <UserId>82</UserId>
    <MaCB>002.2012.0028</MaCB>
    <MaBM>7.07</MaBM>
    <MaCD>GV</MaCD>
    <SoTK>12210000615323</SoTK>
    <NganHang>BIDV-Hà Thành</NganHang>
  </CanBo>
  <CanBo>
    <UserId>83</UserId>
    <MaCB>002.004.00090</MaCB>
    <MaBM>7.07</MaBM>
    <MaCD>GV-TS</MaCD>
    <SoTK>12210000291866</SoTK>
    <NganHang>BIDV-Hà Thành</NganHang>
  </CanBo>
  <CanBo>
    <UserId>85</UserId>
    <MaCB>002.004.00057</MaCB>
    <MaBM>7.07</MaBM>
    <MaCD>GV</MaCD>
    <SoTK>12210000291909</SoTK>
    <NganHang>BIDV-Hà Thành</NganHang>
  </CanBo>
  <CanBo>
    <UserId>86</UserId>
    <MaCB>002.004.00558</MaCB>
    <MaBM>7.07</MaBM>
    <MaCD>PVGD</MaCD>
    <SoTK>12210000291963</SoTK>
    <NganHang>BIDV-Hà Thành</NganHang>
  </CanBo>
  <CanBo>
    <UserId>87</UserId>
    <MaCB>002.004.00043</MaCB>
    <MaBM>7.07</MaBM>
    <MaCD>GV-TS</MaCD>
    <SoTK>12210000068875</SoTK>
    <NganHang>BIDV-Hà Thành</NganHang>
  </CanBo>
  <CanBo>
    <UserId>88</UserId>
    <MaCB>002.004.00089</MaCB>
    <MaBM>7.06</MaBM>
    <MaCD>PVGD</MaCD>
    <SoTK>12210000285027</SoTK>
    <NganHang>BIDV-Hà Thành</NganHang>
  </CanBo>
  <CanBo>
    <UserId>89</UserId>
    <MaCB>002.2014.0018</MaCB>
    <MaBM>7.06</MaBM>
    <MaCD>PVGD</MaCD>
    <SoTK>12210000547994</SoTK>
    <NganHang>BIDV-Hà Thành</NganHang>
  </CanBo>
  <CanBo>
    <UserId>90</UserId>
    <MaCB>002.004.00076</MaCB>
    <MaBM>7.06</MaBM>
    <MaCD>PVGD</MaCD>
    <SoTK>12210000290599</SoTK>
    <NganHang>BIDV-Hà Thành</NganHang>
  </CanBo>
  <CanBo>
    <UserId>92</UserId>
    <MaCB>002.004.00050</MaCB>
    <MaBM>7.06</MaBM>
    <MaCD>PVGD</MaCD>
    <SoTK>12210000289807</SoTK>
    <NganHang>BIDV-Hà Thành</NganHang>
  </CanBo>
  <CanBo>
    <UserId>93</UserId>
    <MaCB>002.004.00063</MaCB>
    <MaBM>7.06</MaBM>
    <MaCD>PVGD</MaCD>
    <SoTK>12210000290571</SoTK>
    <NganHang>BIDV-Hà Thành</NganHang>
  </CanBo>
  <CanBo>
    <UserId>94</UserId>
    <MaCB>002.004.00051</MaCB>
    <MaBM>7.06</MaBM>
    <MaCD>PVGD</MaCD>
    <SoTK>12210000027681</SoTK>
    <NganHang>BIDV-Hà Thành</NganHang>
  </CanBo>
  <CanBo>
    <UserId>95</UserId>
    <MaCB>002.004.00008</MaCB>
    <MaBM>7.06</MaBM>
    <MaCD>PVGD</MaCD>
    <SoTK>12210000132822</SoTK>
    <NganHang>BIDV-Hà Thành</NganHang>
  </CanBo>
  <CanBo>
    <UserId>96</UserId>
    <MaCB>002.004.00007</MaCB>
    <MaBM>7.06</MaBM>
    <MaCD>PVGD</MaCD>
    <SoTK>12210000289834</SoTK>
    <NganHang>BIDV-Hà Thành</NganHang>
  </CanBo>
  <CanBo>
    <UserId>97</UserId>
    <MaCB>002.004.00088</MaCB>
    <MaBM>7.06</MaBM>
    <MaCD>PVGD</MaCD>
    <SoTK>12210000290614</SoTK>
    <NganHang>BIDV-Hà Thành</NganHang>
  </CanBo>
  <CanBo>
    <UserId>103</UserId>
    <MaCB>#002.2014.001</MaCB>
    <MaBM>7.04</MaBM>
    <MaCD>GV-TS</MaCD>
  </CanBo>
  <CanBo>
    <UserId>104</UserId>
    <MaCB>002.2014.0027</MaCB>
    <MaBM>7.02</MaBM>
    <MaCD>GV-TS</MaCD>
  </CanBo>
  <CanBo>
    <UserId>106</UserId>
    <MaCB>200.400.565</MaCB>
    <MaBM>7.03</MaBM>
    <MaCD>GV</MaCD>
    <SoTK>12210000435424</SoTK>
    <NganHang>BIDV Hà Thành</NganHang>
  </CanBo>
  <CanBo>
    <UserId>3646</UserId>
    <MaCB>002.2016.0018</MaCB>
    <MaBM>7.01</MaBM>
    <MaCD>CV</MaCD>
  </CanBo>
  <CanBo>
    <UserId>3655</UserId>
    <MaCB>20100.004.1010</MaCB>
    <MaBM>7.05</MaBM>
    <MaCD>GV-TS</MaCD>
  </CanBo>
  <CanBo>
    <UserId>3660</UserId>
    <MaCB>002.004.00104</MaCB>
    <MaBM>7.05</MaBM>
    <MaCD>GV-TS</MaCD>
  </CanBo>
  <CanBo>
    <UserId>5837</UserId>
    <MaCB>#</MaCB>
    <MaBM>7.05</MaBM>
    <MaCD>GV-TS</MaCD>
  </CanBo>
  <CanBo>
    <UserId>5838</UserId>
    <MaCB>#</MaCB>
    <MaBM>7.03</MaBM>
    <MaCD>GV-TS</MaCD>
  </CanBo>
  <CanBo>
    <UserId>5839</UserId>
    <MaCB>#</MaCB>
    <MaBM>7.03</MaBM>
    <MaCD>GV-TS</MaCD>
  </CanBo>
  <CanBo>
    <UserId>5840</UserId>
    <MaCB>002.2017.0003</MaCB>
    <MaBM>7.09</MaBM>
    <MaCD>GV-TS</MaCD>
  </CanBo>
  <CanBo>
    <UserId>5841</UserId>
    <MaCB>#</MaCB>
    <MaBM>7.01</MaBM>
    <MaCD>CV</MaCD>
  </CanBo>
</data>