﻿<?xml version="1.0" encoding="utf-8"?>
<data>
  <ChucVu>
    <Id>1</Id>
    <Ten>Hiệu trưởng</Ten>
    <MaHSCV>1</MaHSCV>
  </ChucVu>
  <ChucVu>
    <Id>2</Id>
    <Ten>Phó Hiệu trưởng</Ten>
    <MaHSCV>2</MaHSCV>
  </ChucVu>
  <ChucVu>
    <Id>3</Id>
    <Ten>Trưởng phòng</Ten>
    <MaHSCV>3</MaHSCV>
  </ChucVu>
  <ChucVu>
    <Id>4</Id>
    <Ten>Trưởng  ban</Ten>
    <MaHSCV>3</MaHSCV>
  </ChucVu>
  <ChucVu>
    <Id>5</Id>
    <Ten>Giám đốc TT QLHC cấp trường</Ten>
    <MaHSCV>3</MaHSCV>
  </ChucVu>
  <ChucVu>
    <Id>6</Id>
    <Ten> Viện trưởng các viện QLĐT cấp trường</Ten>
    <MaHSCV>3</MaHSCV>
  </ChucVu>
  <ChucVu>
    <Id>7</Id>
    <Ten>Bí thư Đoàn trường</Ten>
    <MaHSCV>4</MaHSCV>
  </ChucVu>
  <ChucVu>
    <Id>8</Id>
    <Ten> Phó trưởng phòng</Ten>
    <MaHSCV>4</MaHSCV>
  </ChucVu>
  <ChucVu>
    <Id>9</Id>
    <Ten>Phó trưởng ban</Ten>
    <MaHSCV>4</MaHSCV>
  </ChucVu>
  <ChucVu>
    <Id>10</Id>
    <Ten> Phó giám đốc TT QLHC cấp trường</Ten>
    <MaHSCV>4</MaHSCV>
  </ChucVu>
  <ChucVu>
    <Id>11</Id>
    <Ten> Phó viện trưởng cấp trường</Ten>
    <MaHSCV>4</MaHSCV>
  </ChucVu>
  <ChucVu>
    <Id>12</Id>
    <Ten>Bí thư Đảng ủy trường</Ten>
    <MaHSCV>5</MaHSCV>
  </ChucVu>
  <ChucVu>
    <Id>13</Id>
    <Ten> Chủ tịch Công đoàn trường</Ten>
    <MaHSCV>5</MaHSCV>
  </ChucVu>
  <ChucVu>
    <Id>14</Id>
    <Ten> Phó bí thư Đoàn trường</Ten>
    <MaHSCV>5</MaHSCV>
  </ChucVu>
  <ChucVu>
    <Id>15</Id>
    <Ten> Viện trưởng viện đào tạo</Ten>
    <MaHSCV>5</MaHSCV>
  </ChucVu>
  <ChucVu>
    <Id>16</Id>
    <Ten>Phó bí thư</Ten>
    <MaHSCV>6</MaHSCV>
  </ChucVu>
  <ChucVu>
    <Id>17</Id>
    <Ten> UVTV CĐ trường</Ten>
    <MaHSCV>6</MaHSCV>
  </ChucVu>
  <ChucVu>
    <Id>18</Id>
    <Ten> Thường trực Đảng ủy trường</Ten>
    <MaHSCV>6</MaHSCV>
  </ChucVu>
  <ChucVu>
    <Id>19</Id>
    <Ten> Phó Chủ tịch Công đoàn trường</Ten>
    <MaHSCV>6</MaHSCV>
  </ChucVu>
  <ChucVu>
    <Id>20</Id>
    <Ten> Trưởng ban Thanh tra nhân dân</Ten>
    <MaHSCV>6</MaHSCV>
  </ChucVu>
  <ChucVu>
    <Id>21</Id>
    <Ten> Trưởng ban nữ công</Ten>
    <MaHSCV>6</MaHSCV>
  </ChucVu>
  <ChucVu>
    <Id>22</Id>
    <Ten> Chủ tịch Hội Cựu chiến binh</Ten>
    <MaHSCV>6</MaHSCV>
  </ChucVu>
  <ChucVu>
    <Id>23</Id>
    <Ten>Phó viện trưởng viện đào tạo</Ten>
    <MaHSCV>7</MaHSCV>
  </ChucVu>
  <ChucVu>
    <Id>24</Id>
    <Ten>Trưởng khoa</Ten>
    <MaHSCV>8</MaHSCV>
  </ChucVu>
  <ChucVu>
    <Id>25</Id>
    <Ten> Giám đốc trung tâm và viện nghiên cứu cấp trường</Ten>
    <MaHSCV>8</MaHSCV>
  </ChucVu>
  <ChucVu>
    <Id>26</Id>
    <Ten>Phó trưởng khoa</Ten>
    <MaHSCV>9</MaHSCV>
  </ChucVu>
  <ChucVu>
    <Id>27</Id>
    <Ten>Trưởng bộ môn</Ten>
    <MaHSCV>9</MaHSCV>
  </ChucVu>
  <ChucVu>
    <Id>28</Id>
    <Ten> Phó giám đốc trung tâm và viện nghiên cứu cấp trường</Ten>
    <MaHSCV>9</MaHSCV>
  </ChucVu>
  <ChucVu>
    <Id>29</Id>
    <Ten>Phó trưởng bộ môn</Ten>
    <MaHSCV>10</MaHSCV>
  </ChucVu>
  <ChucVu>
    <Id>30</Id>
    <Ten>Tập sự</Ten>
    <MaHSCV>11</MaHSCV>
  </ChucVu>
  <ChucVu>
    <Id>31</Id>
    <Ten>Thạc sỹ</Ten>
    <MaHSCV>12</MaHSCV>
  </ChucVu>
  <ChucVu>
    <Id>32</Id>
    <Ten>NCS tập trung</Ten>
    <MaHSCV>13</MaHSCV>
  </ChucVu>
  <ChucVu>
    <Id>33</Id>
    <Ten> NCS không tập trung năm 4</Ten>
    <MaHSCV>13</MaHSCV>
  </ChucVu>
  <ChucVu>
    <Id>34</Id>
    <Ten>NCS không tập trung 3 năm đầu</Ten>
    <MaHSCV>14</MaHSCV>
  </ChucVu>
</data>