﻿<?xml version="1.0" encoding="utf-8"?>
<data>
  <ChucDanh>
    <Ma>GS</Ma>
    <GiaiNghia>Giáo sư</GiaiNghia>
    <PhanCapGD>50</PhanCapGD>
  </ChucDanh>
  <ChucDanh>
    <Ma>PGS</Ma>
    <GiaiNghia>Phó giáo sư</GiaiNghia>
    <PhanCapGD>50</PhanCapGD>
  </ChucDanh>
  <ChucDanh>
    <Ma>GV-TS</Ma>
    <GiaiNghia>Giảng viên có học vị tiến sĩ</GiaiNghia>
    <PhanCapGD>40</PhanCapGD>
  </ChucDanh>
  <ChucDanh>
    <Ma>GV</Ma>
    <GiaiNghia>Giảng viên không có học vị tiến sĩ</GiaiNghia>
    <PhanCapGD>30</PhanCapGD>
  </ChucDanh>
  <ChucDanh>
    <Ma>GVCC</Ma>
    <GiaiNghia>Giảng viên cao cấp</GiaiNghia>
    <PhanCapGD>30</PhanCapGD>
  </ChucDanh>
  <ChucDanh>
    <Ma>GVC-TS</Ma>
    <GiaiNghia>Giảng viên chính có học vị tiến sĩ</GiaiNghia>
    <PhanCapGD>50</PhanCapGD>
  </ChucDanh>
  <ChucDanh>
    <Ma>GVC</Ma>
    <GiaiNghia>Giảng viên chính không có học vị tiến sĩ</GiaiNghia>
    <PhanCapGD>30</PhanCapGD>
  </ChucDanh>
  <ChucDanh>
    <Ma>PVGD</Ma>
    <GiaiNghia>Cán bộ phục vụ giảng dạy</GiaiNghia>
    <PhanCapGD>20</PhanCapGD>
  </ChucDanh>
  <ChucDanh>
    <Ma>CV</Ma>
    <GiaiNghia>Chuyên viên</GiaiNghia>
    <PhanCapGD>0</PhanCapGD>
  </ChucDanh>
</data>