﻿<?xml version="1.0" encoding="utf-8"?>
<data>
  <ChucVuCB>
    <Id>3</Id>
    <CanBoId>68</CanBoId>
    <ChucVuId>15</ChucVuId>
    <GhiChu>Viện ĐTVT</GhiChu>
    <HSCV>7</HSCV>
  </ChucVuCB>
  <ChucVuCB>
    <Id>6</Id>
    <CanBoId>39</CanBoId>
    <ChucVuId>23</ChucVuId>
    <GhiChu>Viện ĐTVT</GhiChu>
    <HSCV>8</HSCV>
  </ChucVuCB>
  <ChucVuCB>
    <Id>8</Id>
    <CanBoId>46</CanBoId>
    <ChucVuId>23</ChucVuId>
    <GhiChu>Viện ĐTVT</GhiChu>
    <HSCV>8</HSCV>
  </ChucVuCB>
  <ChucVuCB>
    <Id>10</Id>
    <CanBoId>42</CanBoId>
    <ChucVuId>29</ChucVuId>
    <GhiChu>Bộ môn Hệ thống viễn thông</GhiChu>
    <HSCV>19</HSCV>
  </ChucVuCB>
  <ChucVuCB>
    <Id>12</Id>
    <CanBoId>46</CanBoId>
    <ChucVuId>29</ChucVuId>
    <GhiChu>Bộ môn Hệ thống viễn thông</GhiChu>
    <HSCV>19</HSCV>
  </ChucVuCB>
  <ChucVuCB>
    <Id>14</Id>
    <CanBoId>57</CanBoId>
    <ChucVuId>6</ChucVuId>
    <GhiChu>Viện Đào tạo sau đại học</GhiChu>
    <HSCV>6</HSCV>
  </ChucVuCB>
  <ChucVuCB>
    <Id>16</Id>
    <CanBoId>57</CanBoId>
    <ChucVuId>27</ChucVuId>
    <GhiChu>Bộ môn Hệ thống viễn thông</GhiChu>
    <HSCV>19</HSCV>
  </ChucVuCB>
  <ChucVuCB>
    <Id>18</Id>
    <CanBoId>55</CanBoId>
    <ChucVuId>29</ChucVuId>
    <GhiChu>Trung tâm đào tạo thực hành ĐT-VT</GhiChu>
    <HSCV>9</HSCV>
  </ChucVuCB>
  <ChucVuCB>
    <Id>20</Id>
    <CanBoId>11</CanBoId>
    <ChucVuId>28</ChucVuId>
    <GhiChu>Trung tâm Điện tử y sinh</GhiChu>
    <HSCV>10</HSCV>
  </ChucVuCB>
  <ChucVuCB>
    <Id>22</Id>
    <CanBoId>19</CanBoId>
    <ChucVuId>11</ChucVuId>
    <GhiChu>Viện Đào tạo liên tục</GhiChu>
    <HSCV>6</HSCV>
  </ChucVuCB>
  <ChucVuCB>
    <Id>24</Id>
    <CanBoId>68</CanBoId>
    <ChucVuId>27</ChucVuId>
    <GhiChu>Bộ môn Kỹ thuật thông tin</GhiChu>
    <HSCV>17</HSCV>
  </ChucVuCB>
  <ChucVuCB>
    <Id>26</Id>
    <CanBoId>39</CanBoId>
    <ChucVuId>27</ChucVuId>
    <GhiChu>Bộ môn Điện tử hàng không và Vũ trụ</GhiChu>
    <HSCV>9</HSCV>
  </ChucVuCB>
  <ChucVuCB>
    <Id>28</Id>
    <CanBoId>35</CanBoId>
    <ChucVuId>1</ChucVuId>
    <GhiChu>Trường Cao đẳng nghề Bách khoa</GhiChu>
    <HSCV>1</HSCV>
  </ChucVuCB>
  <ChucVuCB>
    <Id>30</Id>
    <CanBoId>89</CanBoId>
    <ChucVuId>29</ChucVuId>
    <GhiChu>Trung tâm đào tạo thực hành ĐT-VT</GhiChu>
    <HSCV>10</HSCV>
  </ChucVuCB>
  <ChucVuCB>
    <Id>32</Id>
    <CanBoId>87</CanBoId>
    <ChucVuId>8</ChucVuId>
    <GhiChu>Phòng Thiết bị</GhiChu>
    <HSCV>6</HSCV>
  </ChucVuCB>
  <ChucVuCB>
    <Id>34</Id>
    <CanBoId>43</CanBoId>
    <ChucVuId>29</ChucVuId>
    <GhiChu>Trung tâm Nghiên cứu và Phát triển ĐT-VT</GhiChu>
    <HSCV>10</HSCV>
  </ChucVuCB>
  <ChucVuCB>
    <Id>36</Id>
    <CanBoId>4</CanBoId>
    <ChucVuId>27</ChucVuId>
    <GhiChu>Bộ môn Công nghệ điện tử và KT y sinh</GhiChu>
    <HSCV>19</HSCV>
  </ChucVuCB>
  <ChucVuCB>
    <Id>38</Id>
    <CanBoId>31</CanBoId>
    <ChucVuId>32</ChucVuId>
    <GhiChu>Bộ môn Điện tử và KT máy tính</GhiChu>
  </ChucVuCB>
  <ChucVuCB>
    <Id>40</Id>
    <CanBoId>3047</CanBoId>
    <ChucVuId>6</ChucVuId>
    <GhiChu>Viện Đào tạo liên tục</GhiChu>
    <HSCV>6</HSCV>
  </ChucVuCB>
  <ChucVuCB>
    <Id>42</Id>
    <CanBoId>2</CanBoId>
    <ChucVuId>29</ChucVuId>
    <GhiChu>Bộ môn Công nghệ điện tử và KT y sinh</GhiChu>
    <HSCV>19</HSCV>
  </ChucVuCB>
  <ChucVuCB>
    <Id>44</Id>
    <CanBoId>2</CanBoId>
    <ChucVuId>28</ChucVuId>
    <GhiChu>Trung tâm Điện tử y sinh</GhiChu>
    <HSCV>10</HSCV>
  </ChucVuCB>
  <ChucVuCB>
    <Id>46</Id>
    <CanBoId>24</CanBoId>
    <ChucVuId>2</ChucVuId>
    <GhiChu>Trường ĐH Bách Khoa HN</GhiChu>
    <HSCV>2</HSCV>
  </ChucVuCB>
  <ChucVuCB>
    <Id>48</Id>
    <CanBoId>60</CanBoId>
    <ChucVuId>10</ChucVuId>
    <GhiChu>Trung tâm Việt Đức</GhiChu>
    <HSCV>6</HSCV>
  </ChucVuCB>
  <ChucVuCB>
    <Id>50</Id>
    <CanBoId>60</CanBoId>
    <ChucVuId>29</ChucVuId>
    <GhiChu>Bộ môn Kỹ thuật thông tin</GhiChu>
    <HSCV>19</HSCV>
  </ChucVuCB>
  <ChucVuCB>
    <Id>52</Id>
    <CanBoId>56</CanBoId>
    <ChucVuId>8</ChucVuId>
    <GhiChu>Phòng Đào tạo đại học</GhiChu>
    <HSCV>6</HSCV>
  </ChucVuCB>
  <ChucVuCB>
    <Id>54</Id>
    <CanBoId>59</CanBoId>
    <ChucVuId>29</ChucVuId>
    <GhiChu>Bộ môn Kỹ thuật thông tin</GhiChu>
    <HSCV>17</HSCV>
  </ChucVuCB>
  <ChucVuCB>
    <Id>56</Id>
    <CanBoId>26</CanBoId>
    <ChucVuId>27</ChucVuId>
    <GhiChu>Trung tâm Nghiên cứu và Phát triển ĐT-VT</GhiChu>
    <HSCV>10</HSCV>
  </ChucVuCB>
  <ChucVuCB>
    <Id>58</Id>
    <CanBoId>32</CanBoId>
    <ChucVuId>29</ChucVuId>
    <GhiChu>Bộ môn Điện tử và KT máy tính</GhiChu>
    <HSCV>19</HSCV>
  </ChucVuCB>
  <ChucVuCB>
    <Id>60</Id>
    <CanBoId>32</CanBoId>
    <ChucVuId>27</ChucVuId>
    <GhiChu>Trung tâm đào tạo thực hành ĐT-VT</GhiChu>
    <HSCV>10</HSCV>
  </ChucVuCB>
  <ChucVuCB>
    <Id>62</Id>
    <CanBoId>25</CanBoId>
    <ChucVuId>29</ChucVuId>
    <GhiChu>Trung tâm Nghiên cứu và Phát triển ĐT-VT</GhiChu>
    <HSCV>10</HSCV>
  </ChucVuCB>
  <ChucVuCB>
    <Id>63</Id>
    <CanBoId>12</CanBoId>
    <ChucVuId>14</ChucVuId>
    <GhiChu>Đoàn TNCS HCM Trường</GhiChu>
    <HSCV>5</HSCV>
  </ChucVuCB>
  <ChucVuCB>
    <Id>66</Id>
    <CanBoId>81</CanBoId>
    <ChucVuId>27</ChucVuId>
    <GhiChu>Bộ môn Mạch và Xử lý tín hiệu</GhiChu>
    <HSCV>17</HSCV>
  </ChucVuCB>
  <ChucVuCB>
    <Id>68</Id>
    <CanBoId>5</CanBoId>
    <ChucVuId>25</ChucVuId>
    <GhiChu>Trung tâm Điện tử y sinh</GhiChu>
    <HSCV>9</HSCV>
  </ChucVuCB>
  <ChucVuCB>
    <Id>70</Id>
    <CanBoId>5</CanBoId>
    <ChucVuId>27</ChucVuId>
    <GhiChu>Bộ môn Công nghệ điện tử và KT y sinh</GhiChu>
    <HSCV>19</HSCV>
  </ChucVuCB>
  <ChucVuCB>
    <Id>72</Id>
    <CanBoId>40</CanBoId>
    <ChucVuId>29</ChucVuId>
    <GhiChu>Bộ môn Điện tử hàng không và Vũ trụ</GhiChu>
    <HSCV>10</HSCV>
  </ChucVuCB>
</data>