﻿<?xml version="1.0" encoding="utf-8"?>
<data>
  <NCKH_TapChi>
    <HoSoId>20</HoSoId>
    <TapChi>Elsevier’s Journal of Computer Networks, Special Issue on Network Virtualization and Software Defined Networking</TapChi>
    <SoXB>Volume 92, Part 2</SoXB>
    <NgayXB>2015-12-09T00:00:00</NgayXB>
    <ISSN>1389-1286</ISSN>
    <DOI>10.1016/j.comnet.2015.09.042</DOI>
  </NCKH_TapChi>
  <NCKH_TapChi>
    <HoSoId>23</HoSoId>
    <TapChi>Journal of Science and Technology, Technical universities</TapChi>
    <SoXB>No.116</SoXB>
    <NgayXB>2016-05-25T00:00:00</NgayXB>
    <ISSN>2354-1083</ISSN>
  </NCKH_TapChi>
  <NCKH_TapChi>
    <HoSoId>26</HoSoId>
    <TapChi>Nghiên cứu Khoa học Công nghệ quân sự</TapChi>
    <SoXB>No.43</SoXB>
    <NgayXB>2016-06-25T00:00:00</NgayXB>
    <ISSN>1859-1043</ISSN>
  </NCKH_TapChi>
  <NCKH_TapChi>
    <HoSoId>27</HoSoId>
    <TapChi>International Journal of Computer Applications</TapChi>
    <SoXB>Vol.126, No.4</SoXB>
    <NgayXB>2015-09-15T00:00:00</NgayXB>
    <ISSN>0975 - 8887</ISSN>
  </NCKH_TapChi>
  <NCKH_TapChi>
    <HoSoId>34</HoSoId>
    <TapChi>Journal of Biomedical Optics</TapChi>
    <SoXB>Volume 21, Issue 5</SoXB>
    <NgayXB>2016-05-06T00:00:00</NgayXB>
    <ISSN>1083-3668</ISSN>
    <DOI>10.1117/1.JBO.21.5.057002</DOI>
  </NCKH_TapChi>
  <NCKH_TapChi>
    <HoSoId>36</HoSoId>
    <TapChi>EURASIP Journal on Wireless Communications and Networking</TapChi>
    <SoXB>2016(33)</SoXB>
    <NgayXB>2016-02-28T00:00:00</NgayXB>
    <ISSN>1687-1499</ISSN>
    <DOI>DOI 10.1186/s13638-016-0517-4</DOI>
  </NCKH_TapChi>
  <NCKH_TapChi>
    <HoSoId>38</HoSoId>
    <TapChi>Tạp chí khoa học và công nghệ các trường đại học kỹ thuật</TapChi>
    <SoXB>104</SoXB>
    <NgayXB>2015-04-26T00:00:00</NgayXB>
    <ISSN>0868-3980</ISSN>
  </NCKH_TapChi>
  <NCKH_TapChi>
    <HoSoId>39</HoSoId>
    <TapChi>International Journal of Science and Research</TapChi>
    <SoXB>Vol 3, Issue 11</SoXB>
    <NgayXB>2014-11-20T00:00:00</NgayXB>
    <ISSN>2319-7064</ISSN>
  </NCKH_TapChi>
  <NCKH_TapChi>
    <HoSoId>45</HoSoId>
    <TapChi>Tạp chí Khoa học và Công nghệ</TapChi>
    <SoXB>110</SoXB>
    <NgayXB>2016-04-18T00:00:00</NgayXB>
    <ISSN>0868-3980</ISSN>
  </NCKH_TapChi>
  <NCKH_TapChi>
    <HoSoId>50</HoSoId>
    <TapChi>Tạp chí Khoa học và Công nghệ, Các trường đại học kỹ thuật</TapChi>
    <SoXB>113</SoXB>
    <NgayXB>2016-06-05T00:00:00</NgayXB>
    <ISSN>2354-1083</ISSN>
    <DeTaiId>207</DeTaiId>
  </NCKH_TapChi>
  <NCKH_TapChi>
    <HoSoId>53</HoSoId>
    <TapChi>IEEE Transactions on Communications</TapChi>
    <SoXB>64</SoXB>
    <NgayXB>2016-04-05T00:00:00</NgayXB>
    <ISSN>0090-6778</ISSN>
  </NCKH_TapChi>
  <NCKH_TapChi>
    <HoSoId>54</HoSoId>
    <TapChi>IEEE Transactions on Vehicular Technology</TapChi>
    <SoXB>66 (bài này chưa được tính vào công trình năm ngoái do thiếu vol, mặc dù đăng tháng 3/2016)</SoXB>
    <NgayXB>2017-01-10T00:00:00</NgayXB>
    <ISSN>0018-9545</ISSN>
    <DOI>10.1109/TVT.2016.2542108</DOI>
  </NCKH_TapChi>
  <NCKH_TapChi>
    <HoSoId>55</HoSoId>
    <TapChi>International Journal of Computer Theory and Engineering</TapChi>
    <SoXB>Volume 8, Issue 1</SoXB>
    <NgayXB>2016-02-01T00:00:00</NgayXB>
    <ISSN>1793-8201</ISSN>
  </NCKH_TapChi>
  <NCKH_TapChi>
    <HoSoId>56</HoSoId>
    <TapChi>International Journal of Biomedical Science and Engineering</TapChi>
    <SoXB>Vol. 3, No. 2, 2015</SoXB>
    <NgayXB>2015-03-28T00:00:00</NgayXB>
    <ISSN>ISSN: 2376-7227 (Print); ISSN: 2376-7235 (Online)</ISSN>
    <DOI>10.11648/j.ijbse.20150302.11</DOI>
  </NCKH_TapChi>
  <NCKH_TapChi>
    <HoSoId>57</HoSoId>
    <TapChi>International Journal of Soft Computing and Engineering (IJSCE)</TapChi>
    <SoXB>Volume-4 Issue-6</SoXB>
    <NgayXB>2015-01-05T00:00:00</NgayXB>
    <ISSN>ISSN:  2231-2307 (Online)</ISSN>
    <DOI>61903/BPL/CE/2011</DOI>
  </NCKH_TapChi>
  <NCKH_TapChi>
    <HoSoId>58</HoSoId>
    <TapChi>Global Journal of Computer Science and Technology</TapChi>
    <SoXB>Volume 15-C, issue 2, Version 1.0</SoXB>
    <NgayXB>2015-02-28T00:00:00</NgayXB>
    <ISSN>ISSN 0975-4172 (online), ISSN 0975-4350 (print)</ISSN>
    <DOI>10.17406/GJCST</DOI>
  </NCKH_TapChi>
  <NCKH_TapChi>
    <HoSoId>59</HoSoId>
    <TapChi>Tạp chí khoa học và công nghệ các trường Đại học</TapChi>
    <SoXB>số 109</SoXB>
    <NgayXB>2015-07-05T00:00:00</NgayXB>
    <ISSN>2354-1083</ISSN>
  </NCKH_TapChi>
  <NCKH_TapChi>
    <HoSoId>60</HoSoId>
    <TapChi>International Journal  of  Soft  Computing  and  Engineering  (IJSCE)</TapChi>
    <SoXB>Vol.5, Issue 6</SoXB>
    <NgayXB>2016-01-05T00:00:00</NgayXB>
    <ISSN>2231-2307 (Online)</ISSN>
    <DOI>61903/BPL/CE/2011</DOI>
  </NCKH_TapChi>
  <NCKH_TapChi>
    <HoSoId>61</HoSoId>
    <TapChi>International Journal of Machine Learning and Computing</TapChi>
    <SoXB>Volume 2, Number 2</SoXB>
    <NgayXB>2012-04-01T00:00:00</NgayXB>
    <ISSN>2010-3700</ISSN>
  </NCKH_TapChi>
  <NCKH_TapChi>
    <HoSoId>62</HoSoId>
    <TapChi>Journal of Computer Science and Cybernetics</TapChi>
    <SoXB>Volume 28, Number 3</SoXB>
    <NgayXB>2012-12-02T00:00:00</NgayXB>
    <ISSN>1813-9663</ISSN>
  </NCKH_TapChi>
  <NCKH_TapChi>
    <HoSoId>64</HoSoId>
    <TapChi>Tạp chí khoa học và công nghệ (Đại học Đà Nẵng)</TapChi>
    <SoXB>96</SoXB>
    <NgayXB>2015-11-01T00:00:00</NgayXB>
    <ISSN>8068-3980</ISSN>
  </NCKH_TapChi>
  <NCKH_TapChi>
    <HoSoId>65</HoSoId>
    <TapChi>Tạp chí khoa học và công nghệ (Viện Hàn Lâm)</TapChi>
    <SoXB>53</SoXB>
    <NgayXB>2015-12-01T00:00:00</NgayXB>
    <ISSN>0866-708x</ISSN>
    <DOI>1015625/0866-708X/53/5/3945</DOI>
  </NCKH_TapChi>
  <NCKH_TapChi>
    <HoSoId>67</HoSoId>
    <TapChi>Journal of Science and Technology</TapChi>
    <SoXB>No 110/2016</SoXB>
    <NgayXB>2016-05-31T00:00:00</NgayXB>
    <ISSN>2354-1083</ISSN>
  </NCKH_TapChi>
  <NCKH_TapChi>
    <HoSoId>68</HoSoId>
    <TapChi>Journal of Science and Technology</TapChi>
    <SoXB>113</SoXB>
    <NgayXB>2016-05-01T00:00:00</NgayXB>
    <ISSN>0868-3980</ISSN>
  </NCKH_TapChi>
  <NCKH_TapChi>
    <HoSoId>69</HoSoId>
    <TapChi>Journal of Science and Technology</TapChi>
    <SoXB>110</SoXB>
    <NgayXB>2016-03-01T00:00:00</NgayXB>
    <ISSN>0868-3980</ISSN>
  </NCKH_TapChi>
  <NCKH_TapChi>
    <HoSoId>70</HoSoId>
    <TapChi>IEEE Transactions on Circuits and Systems II: Express Briefs</TapChi>
    <SoXB>63</SoXB>
    <NgayXB>2015-12-22T00:00:00</NgayXB>
    <ISSN>1549-7747</ISSN>
  </NCKH_TapChi>
  <NCKH_TapChi>
    <HoSoId>74</HoSoId>
    <TapChi>Journal of Science and Technology</TapChi>
    <SoXB>110</SoXB>
    <NgayXB>2016-05-09T00:00:00</NgayXB>
    <ISSN>2354-1083</ISSN>
  </NCKH_TapChi>
  <NCKH_TapChi>
    <HoSoId>75</HoSoId>
    <TapChi>IET Communications</TapChi>
    <SoXB>Vol. 10, No. 11</SoXB>
    <NgayXB>2016-07-21T00:00:00</NgayXB>
    <ISSN>1751-8628</ISSN>
    <DOI>10.1049/iet-com.2015.1103</DOI>
  </NCKH_TapChi>
  <NCKH_TapChi>
    <HoSoId>83</HoSoId>
    <TapChi>Journal of Science and Technolgies (Technical Universities). ISSN 2354-1083</TapChi>
    <SoXB>109</SoXB>
    <NgayXB>2015-10-01T00:00:00</NgayXB>
    <ISSN>2354-1083</ISSN>
  </NCKH_TapChi>
  <NCKH_TapChi>
    <HoSoId>84</HoSoId>
    <TapChi>Journal of Mobile Information System</TapChi>
    <SoXB>Vol. 2016</SoXB>
    <NgayXB>2016-06-12T00:00:00</NgayXB>
    <ISSN>1574-017X</ISSN>
    <DOI>10.1155/2016/2920850</DOI>
  </NCKH_TapChi>
  <NCKH_TapChi>
    <HoSoId>86</HoSoId>
    <TapChi>IEICE Communications Expess</TapChi>
    <SoXB>No. 3, Vol. 5</SoXB>
    <NgayXB>2016-01-29T00:00:00</NgayXB>
    <ISSN>2187-0136</ISSN>
    <DOI>10.1587/comex.2015XBL0177</DOI>
  </NCKH_TapChi>
  <NCKH_TapChi>
    <HoSoId>87</HoSoId>
    <TapChi>Tạp  chí  Khoa  học  và  Công nghệ Đại học Đà Nẵng</TapChi>
    <SoXB>11(96)</SoXB>
    <NgayXB>2015-11-01T00:00:00</NgayXB>
    <ISSN>1859-1531</ISSN>
  </NCKH_TapChi>
  <NCKH_TapChi>
    <HoSoId>88</HoSoId>
    <TapChi>Journal of Science and Technology</TapChi>
    <SoXB>Vol. 53, Nr. 2C</SoXB>
    <NgayXB>2016-02-01T00:00:00</NgayXB>
    <ISSN>0866-708x</ISSN>
  </NCKH_TapChi>
  <NCKH_TapChi>
    <HoSoId>89</HoSoId>
    <TapChi>Tạp  chí  Khoa  học  và  Công nghệ Đại học Đà Nẵng</TapChi>
    <SoXB>11(96)</SoXB>
    <NgayXB>2015-11-01T00:00:00</NgayXB>
    <ISSN>1859-1531</ISSN>
  </NCKH_TapChi>
  <NCKH_TapChi>
    <HoSoId>106</HoSoId>
    <TapChi>Research, Development and Application on Information &amp; Communications Technology Journal</TapChi>
    <SoXB>Volume E – 3, No. 8 (12)</SoXB>
    <NgayXB>2015-08-25T00:00:00</NgayXB>
    <ISSN>1859-3534</ISSN>
  </NCKH_TapChi>
  <NCKH_TapChi>
    <HoSoId>107</HoSoId>
    <TapChi>Tạp chí Nghiên cứu KH&amp;CN quân sự</TapChi>
    <SoXB>Số Đặc san Viện Điện tử</SoXB>
    <NgayXB>2015-10-01T00:00:00</NgayXB>
    <ISSN>1859-1043</ISSN>
  </NCKH_TapChi>
  <NCKH_TapChi>
    <HoSoId>108</HoSoId>
    <TapChi>Journal of Science and Technology</TapChi>
    <SoXB>107C</SoXB>
    <NgayXB>2015-05-05T00:00:00</NgayXB>
    <ISSN>2354-1083</ISSN>
  </NCKH_TapChi>
  <NCKH_TapChi>
    <HoSoId>109</HoSoId>
    <TapChi>REV Journal on Electronics and Communications</TapChi>
    <SoXB>vol. 4, No. 1–2</SoXB>
    <NgayXB>2014-06-06T00:00:00</NgayXB>
    <ISSN>1859-378X</ISSN>
  </NCKH_TapChi>
  <NCKH_TapChi>
    <HoSoId>120</HoSoId>
    <TapChi>Journal of Science and Technology (ĐHBK HN)</TapChi>
    <SoXB>113</SoXB>
    <NgayXB>2016-01-06T00:00:00</NgayXB>
    <ISSN>2354-1083</ISSN>
  </NCKH_TapChi>
  <NCKH_TapChi>
    <HoSoId>121</HoSoId>
    <TapChi>Journal of Science and Technology (ĐH Đà nẵng)</TapChi>
    <SoXB>11(96), Quyển 2</SoXB>
    <NgayXB>2015-11-01T00:00:00</NgayXB>
    <ISSN>1859-1531</ISSN>
  </NCKH_TapChi>
  <NCKH_TapChi>
    <HoSoId>124</HoSoId>
    <TapChi>Tạp chí Đại học Đông Á</TapChi>
    <SoXB>16</SoXB>
    <NgayXB>2016-01-21T00:00:00</NgayXB>
    <ISSN>0000-0000</ISSN>
  </NCKH_TapChi>
  <NCKH_TapChi>
    <HoSoId>126</HoSoId>
    <TapChi>ASEAN Engineering Journal - Part A (CIE, EEE, EneE &amp; ME/ManuE)</TapChi>
    <SoXB>Vol. 5, No. 2</SoXB>
    <NgayXB>2015-09-01T00:00:00</NgayXB>
    <ISSN>2229-127X</ISSN>
  </NCKH_TapChi>
  <NCKH_TapChi>
    <HoSoId>127</HoSoId>
    <TapChi>Journal of Science and Technology, Technical Universities</TapChi>
    <SoXB>113/201</SoXB>
    <NgayXB>2016-05-20T00:00:00</NgayXB>
    <ISSN>0868-3980</ISSN>
  </NCKH_TapChi>
  <NCKH_TapChi>
    <HoSoId>129</HoSoId>
    <TapChi>Tạp chí Khoa học và Công nghệ - Đại học Đà Nẵng</TapChi>
    <SoXB>6 (103)</SoXB>
    <NgayXB>2016-05-20T00:00:00</NgayXB>
    <ISSN>1859-1531</ISSN>
  </NCKH_TapChi>
  <NCKH_TapChi>
    <HoSoId>138</HoSoId>
    <TapChi>International Journal of Science and Research (IJSR)</TapChi>
    <SoXB>3</SoXB>
    <NgayXB>2016-05-01T00:00:00</NgayXB>
    <ISSN>2319-7064</ISSN>
    <DOI>http://dx.doi.org/10.21275/v5i5.NOV163564</DOI>
  </NCKH_TapChi>
  <NCKH_TapChi>
    <HoSoId>141</HoSoId>
    <TapChi>Tạp chi Khoa học &amp; Công nghệ các trường đại học kỹ thuật</TapChi>
    <SoXB>110</SoXB>
    <NgayXB>2016-03-15T00:00:00</NgayXB>
    <ISSN>2354-1083</ISSN>
  </NCKH_TapChi>
  <NCKH_TapChi>
    <HoSoId>142</HoSoId>
    <TapChi>TELKOMNIKA (Telecommunication Computing Electronics and Control)</TapChi>
    <SoXB>Vol.13, No.3</SoXB>
    <NgayXB>2015-09-01T00:00:00</NgayXB>
    <ISSN>1693-6930</ISSN>
    <DOI>10.12928/TELKOMNIKA.v13i3.1974</DOI>
  </NCKH_TapChi>
  <NCKH_TapChi>
    <HoSoId>143</HoSoId>
    <TapChi>JOURNAL OF ENGINEERING SCIENCE AND TECHNOLOGY REVIEW</TapChi>
    <SoXB>Volume 9 Issue 2</SoXB>
    <NgayXB>2016-06-01T00:00:00</NgayXB>
    <ISSN>1791-2377</ISSN>
  </NCKH_TapChi>
  <NCKH_TapChi>
    <HoSoId>148</HoSoId>
    <TapChi>Tạp chí Khoa học và Công nghệ, Các trường đại học kỹ thuật</TapChi>
    <SoXB>113</SoXB>
    <NgayXB>2016-06-05T00:00:00</NgayXB>
    <ISSN>0868-3980</ISSN>
    <DeTaiId>207</DeTaiId>
  </NCKH_TapChi>
  <NCKH_TapChi>
    <HoSoId>153</HoSoId>
    <TapChi>Tạp chí khoa học và công nghệ các trường đại học kỹ thuật</TapChi>
    <SoXB>109</SoXB>
    <NgayXB>2015-11-01T00:00:00</NgayXB>
    <ISSN>2354-1083</ISSN>
  </NCKH_TapChi>
  <NCKH_TapChi>
    <HoSoId>156</HoSoId>
    <TapChi>NCKH Đại học Sao Đỏ</TapChi>
    <SoXB>Quý 1, 3/2016</SoXB>
    <NgayXB>2016-03-01T00:00:00</NgayXB>
    <ISSN>1859-4190</ISSN>
  </NCKH_TapChi>
  <NCKH_TapChi>
    <HoSoId>160</HoSoId>
    <TapChi>Tạp chí Khoa học và Công nghệ - Đại học Đà Nẵng</TapChi>
    <SoXB>1(86).2015</SoXB>
    <NgayXB>2015-08-07T00:00:00</NgayXB>
    <ISSN>1859-1531</ISSN>
    <DOI>Mã số: B2014-444</DOI>
  </NCKH_TapChi>
  <NCKH_TapChi>
    <HoSoId>161</HoSoId>
    <TapChi>Tạp chí Khoa học và Công nghệ - Đại học Đà Nẵng</TapChi>
    <SoXB>5(90).2015</SoXB>
    <NgayXB>2015-08-08T00:00:00</NgayXB>
    <ISSN>1859-1531</ISSN>
  </NCKH_TapChi>
  <NCKH_TapChi>
    <HoSoId>182</HoSoId>
    <TapChi>The European Physical Journal Special Topics</TapChi>
    <SoXB>224</SoXB>
    <NgayXB>2015-07-27T00:00:00</NgayXB>
    <ISSN>1951-6355</ISSN>
    <DOI>10.1140/epjst/e2015-02476-9</DOI>
  </NCKH_TapChi>
  <NCKH_TapChi>
    <HoSoId>183</HoSoId>
    <TapChi>The European Physical Journal Special Topics</TapChi>
    <SoXB>224</SoXB>
    <NgayXB>2015-07-27T00:00:00</NgayXB>
    <ISSN>1951-6355</ISSN>
    <DOI>10.1140/epjst/e2015-02481-0</DOI>
  </NCKH_TapChi>
  <NCKH_TapChi>
    <HoSoId>184</HoSoId>
    <TapChi>The European Physical Journal Special Topics</TapChi>
    <SoXB>224</SoXB>
    <NgayXB>2015-07-27T00:00:00</NgayXB>
    <ISSN>1951-6355</ISSN>
    <DOI>10.1140/epjst/e2015-02485-8</DOI>
  </NCKH_TapChi>
  <NCKH_TapChi>
    <HoSoId>185</HoSoId>
    <TapChi>Physics Letters A</TapChi>
    <SoXB>379</SoXB>
    <NgayXB>2015-09-25T00:00:00</NgayXB>
    <ISSN>0375-9601</ISSN>
    <DOI>10.1016/j.physleta.2015.06.039</DOI>
  </NCKH_TapChi>
  <NCKH_TapChi>
    <HoSoId>186</HoSoId>
    <TapChi>Applied Mathematics and Computation</TapChi>
    <SoXB>276</SoXB>
    <NgayXB>2016-03-05T00:00:00</NgayXB>
    <ISSN>0096-3003</ISSN>
    <DOI>10.1016/j.amc.2015.12.015</DOI>
  </NCKH_TapChi>
  <NCKH_TapChi>
    <HoSoId>187</HoSoId>
    <TapChi>Optik International Journal for Light and Electron Optics</TapChi>
    <SoXB>127</SoXB>
    <NgayXB>2016-03-01T00:00:00</NgayXB>
    <ISSN>0030-4026</ISSN>
    <DOI>10.1016/j.ijleo.2015.12.048</DOI>
  </NCKH_TapChi>
  <NCKH_TapChi>
    <HoSoId>188</HoSoId>
    <TapChi>Science China Technological Sciences</TapChi>
    <SoXB>59</SoXB>
    <NgayXB>2016-03-01T00:00:00</NgayXB>
    <ISSN>1674-7321</ISSN>
    <DOI>10.1007/s11431-015-5981-2</DOI>
  </NCKH_TapChi>
  <NCKH_TapChi>
    <HoSoId>189</HoSoId>
    <TapChi>The European Physical Journal Special Topics</TapChi>
    <SoXB>225</SoXB>
    <NgayXB>2016-02-29T00:00:00</NgayXB>
    <ISSN>1951-6355</ISSN>
    <DOI>10.1140/epjst/e2016-02625-8</DOI>
    <DeTaiId>207</DeTaiId>
  </NCKH_TapChi>
  <NCKH_TapChi>
    <HoSoId>190</HoSoId>
    <TapChi>International Journal of Bifurcation and Chaos</TapChi>
    <SoXB>26</SoXB>
    <NgayXB>2016-02-01T00:00:00</NgayXB>
    <ISSN>0218-1274</ISSN>
    <DOI>10.1142/S0218127416500310</DOI>
  </NCKH_TapChi>
  <NCKH_TapChi>
    <HoSoId>191</HoSoId>
    <TapChi>Circuit, Systems, and Signal Processing</TapChi>
    <SoXB>35</SoXB>
    <NgayXB>2016-06-01T00:00:00</NgayXB>
    <ISSN>1531-5878</ISSN>
    <DOI>10.1007/s00034-016-0259-x</DOI>
  </NCKH_TapChi>
  <NCKH_TapChi>
    <HoSoId>192</HoSoId>
    <TapChi>International Journal of Bifurcation and Chaos</TapChi>
    <SoXB>26</SoXB>
    <NgayXB>2016-04-01T00:00:00</NgayXB>
    <ISSN>0218-1274</ISSN>
    <DOI>10.1142/S0218127416500693</DOI>
  </NCKH_TapChi>
  <NCKH_TapChi>
    <HoSoId>194</HoSoId>
    <TapChi>Studies in Fuzziness and Soft Computing</TapChi>
    <SoXB>337</SoXB>
    <NgayXB>2016-04-01T00:00:00</NgayXB>
    <ISSN>1434-9922</ISSN>
    <DOI>10.1007/978-3-319-30340-6_2</DOI>
  </NCKH_TapChi>
  <NCKH_TapChi>
    <HoSoId>195</HoSoId>
    <TapChi>Studies in Fuzziness and Soft Computing</TapChi>
    <SoXB>337</SoXB>
    <NgayXB>2016-04-16T00:00:00</NgayXB>
    <ISSN>1434-9922</ISSN>
    <DOI>10.1007/978-3-319-30340-6_13</DOI>
  </NCKH_TapChi>
  <NCKH_TapChi>
    <HoSoId>196</HoSoId>
    <TapChi>Studies in Fuzziness and Soft Computing</TapChi>
    <SoXB>337</SoXB>
    <NgayXB>2016-04-16T00:00:00</NgayXB>
    <ISSN>1434-9922</ISSN>
    <DOI>10.1007/978-3-319-30340-6_13</DOI>
  </NCKH_TapChi>
  <NCKH_TapChi>
    <HoSoId>197</HoSoId>
    <TapChi>The European Physical Journal Special Topics</TapChi>
    <SoXB>225</SoXB>
    <NgayXB>2016-02-29T00:00:00</NgayXB>
    <ISSN>1951-6401</ISSN>
    <DOI>10.1140/epjst/e2016-02616-9</DOI>
  </NCKH_TapChi>
  <NCKH_TapChi>
    <HoSoId>198</HoSoId>
    <TapChi>Tạp chí Khoa học và Công nghệ, Các trường đại học kỹ thuật</TapChi>
    <SoXB>113</SoXB>
    <NgayXB>2016-06-05T00:00:00</NgayXB>
    <ISSN>2354-1083</ISSN>
    <DeTaiId>207</DeTaiId>
  </NCKH_TapChi>
  <NCKH_TapChi>
    <HoSoId>203</HoSoId>
    <TapChi>Journal of Science and Technology</TapChi>
    <SoXB>107</SoXB>
    <NgayXB>2015-01-06T00:00:00</NgayXB>
    <ISSN>0868-3980</ISSN>
  </NCKH_TapChi>
  <NCKH_TapChi>
    <HoSoId>211</HoSoId>
    <TapChi>Journal of Science and Technology, Technical Universities</TapChi>
    <SoXB>109</SoXB>
    <NgayXB>2015-07-15T00:00:00</NgayXB>
    <ISSN>0868-3980</ISSN>
  </NCKH_TapChi>
  <NCKH_TapChi>
    <HoSoId>213</HoSoId>
    <TapChi>Studies in Computational Intelligence</TapChi>
    <SoXB>636</SoXB>
    <NgayXB>2016-03-15T00:00:00</NgayXB>
    <ISSN>1860-949X</ISSN>
    <DOI>10.1007/978-3-319-30279-9_2</DOI>
  </NCKH_TapChi>
  <NCKH_TapChi>
    <HoSoId>214</HoSoId>
    <TapChi>Studies in Computational Intelligence</TapChi>
    <SoXB>636</SoXB>
    <NgayXB>2016-03-15T00:00:00</NgayXB>
    <ISSN>1860-949X</ISSN>
    <DOI>10.1007/978-3-319-30279-9_1</DOI>
  </NCKH_TapChi>
  <NCKH_TapChi>
    <HoSoId>215</HoSoId>
    <TapChi>Studies in Computational Intelligence</TapChi>
    <SoXB>636</SoXB>
    <NgayXB>2016-03-15T00:00:00</NgayXB>
    <ISSN>1860-949X</ISSN>
    <DOI>10.1007/978-3-319-30279-9_5</DOI>
  </NCKH_TapChi>
  <NCKH_TapChi>
    <HoSoId>216</HoSoId>
    <TapChi>Studies in Computational Intelligence</TapChi>
    <SoXB>636</SoXB>
    <NgayXB>2016-03-15T00:00:00</NgayXB>
    <ISSN>1860-949X</ISSN>
    <DOI>10.1007/978-3-319-30279-9_7</DOI>
  </NCKH_TapChi>
  <NCKH_TapChi>
    <HoSoId>217</HoSoId>
    <TapChi>Studies in Computational Intelligence</TapChi>
    <SoXB>636</SoXB>
    <NgayXB>2016-03-13T00:00:00</NgayXB>
    <ISSN>1860-949X</ISSN>
    <DOI>10.1007/978-3-319-30279-9_21</DOI>
  </NCKH_TapChi>
  <NCKH_TapChi>
    <HoSoId>218</HoSoId>
    <TapChi>Studies in Computational Intelligence</TapChi>
    <SoXB>635</SoXB>
    <NgayXB>2016-03-18T00:00:00</NgayXB>
    <ISSN>1860-949X</ISSN>
    <DOI>10.1007/978-3-319-30169-3_15</DOI>
  </NCKH_TapChi>
  <NCKH_TapChi>
    <HoSoId>219</HoSoId>
    <TapChi>Studies in Computational Intelligence</TapChi>
    <SoXB>635</SoXB>
    <NgayXB>2016-03-18T00:00:00</NgayXB>
    <ISSN>1860-949X</ISSN>
    <DOI>10.1007/978-3-319-30169-3_1</DOI>
  </NCKH_TapChi>
  <NCKH_TapChi>
    <HoSoId>220</HoSoId>
    <TapChi>Tạp chí y học thực hành</TapChi>
    <SoXB>959</SoXB>
    <NgayXB>2015-09-20T00:00:00</NgayXB>
    <ISSN>1859-1663</ISSN>
  </NCKH_TapChi>
  <NCKH_TapChi>
    <HoSoId>221</HoSoId>
    <TapChi>Tạp chí y học thực hành</TapChi>
    <SoXB>959</SoXB>
    <NgayXB>2015-09-20T00:00:00</NgayXB>
    <ISSN>1859-1663</ISSN>
  </NCKH_TapChi>
  <NCKH_TapChi>
    <HoSoId>231</HoSoId>
    <TapChi>Tạp chí khoa học và công nghệ năng lượng - Trường Đại Học Điện Lực</TapChi>
    <SoXB>Số 10</SoXB>
    <NgayXB>2016-03-01T00:00:00</NgayXB>
    <ISSN>1859-4557</ISSN>
  </NCKH_TapChi>
  <NCKH_TapChi>
    <HoSoId>240</HoSoId>
    <TapChi>Tạp chí khoa học và công nghệ</TapChi>
    <SoXB>109</SoXB>
    <NgayXB>2015-08-08T00:00:00</NgayXB>
    <ISSN>2354-1083</ISSN>
  </NCKH_TapChi>
  <NCKH_TapChi>
    <HoSoId>241</HoSoId>
    <TapChi>Tạp chi khoa học Trường Đại Học Quy Nhơn</TapChi>
    <SoXB>4 tập 11</SoXB>
    <NgayXB>2015-11-06T00:00:00</NgayXB>
    <ISSN>1859-0357</ISSN>
  </NCKH_TapChi>
  <NCKH_TapChi>
    <HoSoId>242</HoSoId>
    <TapChi>Tạp chí khoa học và công nghệ</TapChi>
    <SoXB>95</SoXB>
    <NgayXB>2013-08-08T00:00:00</NgayXB>
    <ISSN>0868-3980</ISSN>
  </NCKH_TapChi>
  <NCKH_TapChi>
    <HoSoId>243</HoSoId>
    <TapChi>Tạp chí khoa học và công nghệ</TapChi>
    <SoXB>95</SoXB>
    <NgayXB>2013-08-08T00:00:00</NgayXB>
    <ISSN>0868-3980</ISSN>
  </NCKH_TapChi>
  <NCKH_TapChi>
    <HoSoId>244</HoSoId>
    <TapChi>Journal of Materials Research</TapChi>
    <SoXB>19</SoXB>
    <NgayXB>2004-08-08T00:00:00</NgayXB>
    <ISSN>0884-2914</ISSN>
    <DOI>http://dx.doi.org/10.1557/JMR.2004.0307</DOI>
  </NCKH_TapChi>
  <NCKH_TapChi>
    <HoSoId>245</HoSoId>
    <TapChi>Journal of Applied Physics</TapChi>
    <SoXB>101</SoXB>
    <NgayXB>2007-08-08T00:00:00</NgayXB>
    <ISSN>0021-8979</ISSN>
    <DOI>http://dx.doi.org/10.1063/1.2715838</DOI>
  </NCKH_TapChi>
  <NCKH_TapChi>
    <HoSoId>261</HoSoId>
    <TapChi>intenational journal of pervasive computing and communications</TapChi>
    <SoXB>Vol. 11 Iss:2</SoXB>
    <NgayXB>2015-09-01T00:00:00</NgayXB>
    <ISSN>1742-7371</ISSN>
    <DOI>http://dx.doi.org/10.1108/IJPCC-03-2015-0018</DOI>
  </NCKH_TapChi>
  <NCKH_TapChi>
    <HoSoId>266</HoSoId>
    <TapChi>Mobile Networks and Management, Springer. Lecture Notes of the Institute for Computer Sciences, Social-Informatics and Telecommunications Engineering</TapChi>
    <SoXB>Vol.158</SoXB>
    <NgayXB>2015-09-01T00:00:00</NgayXB>
    <ISSN>1867-8211</ISSN>
    <DOI>10.1007/978-3-319-26925-2</DOI>
  </NCKH_TapChi>
  <NCKH_TapChi>
    <HoSoId>268</HoSoId>
    <TapChi>Tạp chí Khoa học và Công nghệ, Viện KHVN</TapChi>
    <SoXB>Tập 52 - Số 6C</SoXB>
    <NgayXB>2014-09-09T00:00:00</NgayXB>
    <ISSN>2374-8664</ISSN>
  </NCKH_TapChi>
  <NCKH_TapChi>
    <HoSoId>269</HoSoId>
    <TapChi>Tạp chí khoa học và công nghệ, Viện KHVN</TapChi>
    <SoXB>2014</SoXB>
    <NgayXB>2014-08-08T00:00:00</NgayXB>
    <ISSN>2374-8664</ISSN>
  </NCKH_TapChi>
  <NCKH_TapChi>
    <HoSoId>309</HoSoId>
    <TapChi>Optik - International Journal for Light and Electron Optics</TapChi>
    <SoXB>Volume 131</SoXB>
    <NgayXB>2017-03-02T00:00:00</NgayXB>
    <ISSN>0030-4026</ISSN>
    <DOI>http://dx.doi.org/10.1016/j.ijleo.2016.11.089</DOI>
  </NCKH_TapChi>
  <NCKH_TapChi>
    <HoSoId>312</HoSoId>
    <TapChi>The European Physical Journal Special Topics</TapChi>
    <SoXB>87</SoXB>
    <NgayXB>2017-01-31T00:00:00</NgayXB>
    <ISSN>1951-6401 hoặc 1951-6355</ISSN>
    <DOI>10.1140/epjst/e2016-60401-7</DOI>
  </NCKH_TapChi>
  <NCKH_TapChi>
    <HoSoId>361</HoSoId>
    <TapChi>Journal of Optical Communications (JOC)</TapChi>
    <SoXB>2017</SoXB>
    <NgayXB>2017-03-02T00:00:00</NgayXB>
    <ISSN>0173-4911</ISSN>
    <DOI>10.1515/joc-2016-0110</DOI>
  </NCKH_TapChi>
  <NCKH_TapChi>
    <HoSoId>408</HoSoId>
    <TapChi>Research and Development Journal of Information and Communications Technology</TapChi>
    <SoXB>Volume E-3, No.9 (13)</SoXB>
    <NgayXB>2016-08-01T00:00:00</NgayXB>
    <ISSN>1859-3534</ISSN>
  </NCKH_TapChi>
  <NCKH_TapChi>
    <HoSoId>421</HoSoId>
    <TapChi>International Journal of Science and Research</TapChi>
    <SoXB>Vol 6, Issue 3</SoXB>
    <NgayXB>2017-03-01T00:00:00</NgayXB>
    <ISSN>2319-7064</ISSN>
  </NCKH_TapChi>
  <NCKH_TapChi>
    <HoSoId>449</HoSoId>
    <TapChi>International Journal of Distributed Sensor Networks</TapChi>
    <SoXB>vol. 12, no. 7</SoXB>
    <NgayXB>2016-07-14T00:00:00</NgayXB>
    <ISSN>1550-1477</ISSN>
    <DOI>10.1177/155014771962397</DOI>
  </NCKH_TapChi>
  <NCKH_TapChi>
    <HoSoId>451</HoSoId>
    <TapChi>IET Communications</TapChi>
    <SoXB>vol. 11, no. 7, pp. 1132-1142</SoXB>
    <NgayXB>2017-05-25T00:00:00</NgayXB>
    <ISSN>1751-8636 hoặc 1751-8628</ISSN>
    <DOI>10.1049/iet-com.2016.1289</DOI>
  </NCKH_TapChi>
  <NCKH_TapChi>
    <HoSoId>453</HoSoId>
    <TapChi>IEEE Access</TapChi>
    <SoXB>vol. 5, no. 1, pp. 5785-5797</SoXB>
    <NgayXB>2017-03-02T00:00:00</NgayXB>
    <ISSN>21693536</ISSN>
    <DOI>10.1109/ACCESS.2017.2668384</DOI>
  </NCKH_TapChi>
  <NCKH_TapChi>
    <HoSoId>455</HoSoId>
    <TapChi>IEEE Communications Letters</TapChi>
    <SoXB>99</SoXB>
    <NgayXB>2017-03-07T00:00:00</NgayXB>
    <ISSN>1089-7798</ISSN>
    <DOI>10.1109/LCOMM.2017.2679186</DOI>
  </NCKH_TapChi>
  <NCKH_TapChi>
    <HoSoId>465</HoSoId>
    <TapChi>REV Journal on Electronics and Communications</TapChi>
    <SoXB>Vol.6</SoXB>
    <NgayXB>2016-12-01T00:00:00</NgayXB>
    <ISSN>0000-0000</ISSN>
    <DOI>10.21553/rev-jec.123</DOI>
    <DeTaiId>13</DeTaiId>
  </NCKH_TapChi>
  <NCKH_TapChi>
    <HoSoId>470</HoSoId>
    <TapChi>IEICE Transactions on Information and Systems</TapChi>
    <SoXB>1</SoXB>
    <NgayXB>2017-01-01T00:00:00</NgayXB>
    <ISSN>0916-8532 hoặc 1745-1361</ISSN>
  </NCKH_TapChi>
  <NCKH_TapChi>
    <HoSoId>472</HoSoId>
    <TapChi>IEICE TRANSACTIONS on Fundamentals of Electronics, Communications and Computer Sciences</TapChi>
    <SoXB>Vol.E100-A   No.2</SoXB>
    <NgayXB>2017-02-01T00:00:00</NgayXB>
    <ISSN>1745-1337</ISSN>
  </NCKH_TapChi>
  <NCKH_TapChi>
    <HoSoId>474</HoSoId>
    <TapChi>IEICE TRANSACTIONS on Information and Systems</TapChi>
    <SoXB>Vol.E100-D   No.2</SoXB>
    <NgayXB>2017-02-01T00:00:00</NgayXB>
    <ISSN>0916-8532 hoặc 1745-1361</ISSN>
    <DOI>http://doi.org/10.1587/transinf.2016EDL8172</DOI>
  </NCKH_TapChi>
  <NCKH_TapChi>
    <HoSoId>476</HoSoId>
    <TapChi>IEICE TRANSACTIONS on Communications</TapChi>
    <SoXB>2016EBP3250</SoXB>
    <NgayXB>2016-11-01T00:00:00</NgayXB>
    <ISSN>0916-8516</ISSN>
    <DOI>DOI: 10.1587/transcom.2016EBP3250</DOI>
  </NCKH_TapChi>
  <NCKH_TapChi>
    <HoSoId>533</HoSoId>
    <TapChi>Tạp chí Khoa học ĐHQG:Khoa học tự nhiên và Công nghệ</TapChi>
    <SoXB>Tập 30, số 2</SoXB>
    <NgayXB>2014-09-04T00:00:00</NgayXB>
    <ISSN>0866708X</ISSN>
  </NCKH_TapChi>
  <NCKH_TapChi>
    <HoSoId>538</HoSoId>
    <TapChi>International Journal of Communication Systems (Wiley)</TapChi>
    <SoXB>Volume 29, Issue 15</SoXB>
    <NgayXB>2016-09-01T00:00:00</NgayXB>
    <ISSN>1099-1131 hoặc 1074-5351</ISSN>
    <DOI>10.1002/dac.3137</DOI>
  </NCKH_TapChi>
  <NCKH_TapChi>
    <HoSoId>539</HoSoId>
    <TapChi>AEU - International Journal of Electronics and Communications</TapChi>
    <SoXB>71</SoXB>
    <NgayXB>2016-11-08T00:00:00</NgayXB>
    <ISSN>1434-8411</ISSN>
    <DOI>10.1016/j.aeue.2016.11.005</DOI>
  </NCKH_TapChi>
  <NCKH_TapChi>
    <HoSoId>551</HoSoId>
    <TapChi>Physical Communication</TapChi>
    <SoXB>Vol. 22</SoXB>
    <NgayXB>2017-01-15T00:00:00</NgayXB>
    <ISSN>1874-4907</ISSN>
    <DOI>10.1016/j.phycom.2016.12.004</DOI>
    <DeTaiId>558</DeTaiId>
  </NCKH_TapChi>
  <NCKH_TapChi>
    <HoSoId>555</HoSoId>
    <TapChi>Wireless Personal Communications</TapChi>
    <SoXB>93</SoXB>
    <NgayXB>2017-03-08T00:00:00</NgayXB>
    <ISSN>0929-6212</ISSN>
    <DOI>10.1007/s11277-017-4084-8</DOI>
  </NCKH_TapChi>
  <NCKH_TapChi>
    <HoSoId>593</HoSoId>
    <TapChi>Mechanical engineering Journal</TapChi>
    <SoXB>16-00272, Vol.3, No.6, 2016</SoXB>
    <NgayXB>2016-08-29T00:00:00</NgayXB>
    <ISSN>2187-9745</ISSN>
  </NCKH_TapChi>
  <NCKH_TapChi>
    <HoSoId>598</HoSoId>
    <TapChi>Journal of Medical Devices − Transactions of the ASME</TapChi>
    <SoXB>Volume 10, Issue 4</SoXB>
    <NgayXB>2016-12-01T00:00:00</NgayXB>
    <ISSN>1932-6181</ISSN>
    <DOI>doi:10.1115/1.4033332</DOI>
  </NCKH_TapChi>
  <NCKH_TapChi>
    <HoSoId>602</HoSoId>
    <TapChi>Journal of Automation and Control Engineering</TapChi>
    <SoXB>Vol. 4, No. 6</SoXB>
    <NgayXB>2016-12-01T00:00:00</NgayXB>
    <ISSN>2301-3702</ISSN>
    <DOI>doi:10.18178/joace.4.6.424-429</DOI>
  </NCKH_TapChi>
  <NCKH_TapChi>
    <HoSoId>619</HoSoId>
    <TapChi>IEIE Transactions on Smart Processing and Computing</TapChi>
    <SoXB>5</SoXB>
    <NgayXB>2016-08-01T00:00:00</NgayXB>
    <ISSN>2287-5255</ISSN>
  </NCKH_TapChi>
  <NCKH_TapChi>
    <HoSoId>633</HoSoId>
    <TapChi>Tạp chí Nghiên cứu Khoa học Công nghệ quân sự</TapChi>
    <SoXB>47</SoXB>
    <NgayXB>2017-02-01T00:00:00</NgayXB>
    <ISSN>1859-1043</ISSN>
  </NCKH_TapChi>
  <NCKH_TapChi>
    <HoSoId>646</HoSoId>
    <TapChi>Optik - International Journal for Light and Electron Optics</TapChi>
    <SoXB>127</SoXB>
    <NgayXB>2016-08-29T00:00:00</NgayXB>
    <ISSN>0030-4026</ISSN>
    <DOI>dx.doi.org/10.1016/j.ijleo.2016.08.105</DOI>
  </NCKH_TapChi>
  <NCKH_TapChi>
    <HoSoId>648</HoSoId>
    <TapChi>Studies in Computational Intelligence - Fractional order control and synchronization of chaotic systems</TapChi>
    <SoXB>688</SoXB>
    <NgayXB>2017-02-01T00:00:00</NgayXB>
    <ISSN>1860-949X</ISSN>
    <DOI>10.1007/978-3-319-50249-6_15</DOI>
  </NCKH_TapChi>
  <NCKH_TapChi>
    <HoSoId>652</HoSoId>
    <TapChi>Research and Practical Issues of Enterprise Information Systems</TapChi>
    <SoXB>268</SoXB>
    <NgayXB>2016-11-18T00:00:00</NgayXB>
    <ISSN>978-3-319-49944-4</ISSN>
    <DOI>DOI: 10.1007/978-3-319-49944-4_3</DOI>
  </NCKH_TapChi>
  <NCKH_TapChi>
    <HoSoId>660</HoSoId>
    <TapChi>Tạp chí khoa học - Chuyên san Khoa học Tự nhiên và Công nghệ- Đại học Quốc gia Hà Nội</TapChi>
    <SoXB>33</SoXB>
    <NgayXB>2017-03-15T00:00:00</NgayXB>
    <ISSN>0866-8612</ISSN>
  </NCKH_TapChi>
  <NCKH_TapChi>
    <HoSoId>663</HoSoId>
    <TapChi>Tạp chí khoa học và công nghệ, Đại học Đà Nẵng</TapChi>
    <SoXB>pp. 94-98;</SoXB>
    <NgayXB>2017-03-05T00:00:00</NgayXB>
    <ISSN>1859-1531</ISSN>
  </NCKH_TapChi>
  <NCKH_TapChi>
    <HoSoId>669</HoSoId>
    <TapChi>Tạp chí khoa học công nghệ các trường đại học kỹ thuật</TapChi>
    <SoXB>123</SoXB>
    <NgayXB>2017-11-30T00:00:00</NgayXB>
    <ISSN>2354-1083</ISSN>
  </NCKH_TapChi>
  <NCKH_TapChi>
    <HoSoId>677</HoSoId>
    <TapChi>International Journal of Engineering and Technology Innovation(IJETI)</TapChi>
    <SoXB>vol.7, no.1, 2017, p.48-60</SoXB>
    <NgayXB>2017-01-01T00:00:00</NgayXB>
    <ISSN>2223-5329</ISSN>
  </NCKH_TapChi>
  <NCKH_TapChi>
    <HoSoId>680</HoSoId>
    <TapChi>IET Communications</TapChi>
    <SoXB>Vol. 10, Issue 18</SoXB>
    <NgayXB>2016-12-15T00:00:00</NgayXB>
    <ISSN>1751-8628</ISSN>
    <DOI>10.1049/iet-com.2016.0267</DOI>
  </NCKH_TapChi>
  <NCKH_TapChi>
    <HoSoId>684</HoSoId>
    <TapChi>International Journal of Science and Research</TapChi>
    <SoXB>Vol 3, Issue 8</SoXB>
    <NgayXB>2014-08-01T00:00:00</NgayXB>
    <ISSN>2319-7064</ISSN>
  </NCKH_TapChi>
  <NCKH_TapChi>
    <HoSoId>694</HoSoId>
    <TapChi>International Journal of Science and Research</TapChi>
    <SoXB>Vol 2, Issue 12</SoXB>
    <NgayXB>2013-12-01T00:00:00</NgayXB>
    <ISSN>2319-7064</ISSN>
  </NCKH_TapChi>
  <NCKH_TapChi>
    <HoSoId>708</HoSoId>
    <TapChi>Journal on Information Communications Technology, Research and Development on Information and Communications Technology</TapChi>
    <SoXB>E-3, No.9 (13)</SoXB>
    <NgayXB>2016-08-20T00:00:00</NgayXB>
    <ISSN>1859-3534</ISSN>
  </NCKH_TapChi>
  <NCKH_TapChi>
    <HoSoId>716</HoSoId>
    <TapChi>ournal on Information Technologies and Communications - Research, Development and Application on Information and Communication Technology</TapChi>
    <SoXB>9(13)</SoXB>
    <NgayXB>2016-08-01T00:00:00</NgayXB>
    <ISSN>1859-3534</ISSN>
    <DeTaiId>659</DeTaiId>
  </NCKH_TapChi>
  <NCKH_TapChi>
    <HoSoId>720</HoSoId>
    <TapChi>International Journal of Distributed Systems and Technologies (IJDST)</TapChi>
    <SoXB>Vol 4</SoXB>
    <NgayXB>2013-01-01T00:00:00</NgayXB>
    <ISSN>1947-3532</ISSN>
    <DOI>10.4018/IJDST</DOI>
  </NCKH_TapChi>
  <NCKH_TapChi>
    <HoSoId>722</HoSoId>
    <TapChi>Computer Networks, Elsevier</TapChi>
    <SoXB>Vol.78, pp: 4-25</SoXB>
    <NgayXB>2015-02-26T00:00:00</NgayXB>
    <ISSN>1389-1286</ISSN>
    <DOI>http://dx.doi.org/10.1016/j.comnet.2014.10.036</DOI>
  </NCKH_TapChi>
  <NCKH_TapChi>
    <HoSoId>724</HoSoId>
    <TapChi>Simulation Modeling Practice and Theory, Elsevier</TapChi>
    <SoXB>Vol.39</SoXB>
    <NgayXB>2013-12-01T00:00:00</NgayXB>
    <ISSN>1569-190X</ISSN>
    <DOI>http://dx.doi.org/10.1016/j.simpat.2013.05.011</DOI>
  </NCKH_TapChi>
  <NCKH_TapChi>
    <HoSoId>726</HoSoId>
    <TapChi>Photonic Network Communications, Springer</TapChi>
    <SoXB>Volume 23, Issue 3, pp 217–229</SoXB>
    <NgayXB>2012-06-01T00:00:00</NgayXB>
    <ISSN>1387-974X</ISSN>
    <DOI>10.1007/s11107-011-0352-9</DOI>
  </NCKH_TapChi>
  <NCKH_TapChi>
    <HoSoId>732</HoSoId>
    <TapChi>AEU - International Journal of Electronics and Communications</TapChi>
    <SoXB>Volume 73, Pages 129–138</SoXB>
    <NgayXB>2017-03-01T00:00:00</NgayXB>
    <ISSN>1434-8411</ISSN>
    <DOI>http://dx.doi.org/10.1016/j.aeue.2017.01.003</DOI>
  </NCKH_TapChi>
  <NCKH_TapChi>
    <HoSoId>735</HoSoId>
    <TapChi>Acoustics Australia / Australian Acoustical Society</TapChi>
    <SoXB>Volume 44</SoXB>
    <NgayXB>2016-12-22T00:00:00</NgayXB>
    <ISSN>1839-2571</ISSN>
    <DOI>10.1007/s40857-016-0074-3</DOI>
  </NCKH_TapChi>
  <NCKH_TapChi>
    <HoSoId>740</HoSoId>
    <TapChi>International Journal of Wireless and Mobile Computing</TapChi>
    <SoXB>11</SoXB>
    <NgayXB>2016-11-01T00:00:00</NgayXB>
    <ISSN>1741-1084</ISSN>
    <DOI>http://dx.doi.org/10.1504/IJWMC.2016.082286</DOI>
  </NCKH_TapChi>
  <NCKH_TapChi>
    <HoSoId>749</HoSoId>
    <TapChi>Tạp chí khoa học và công nghệ (Đại học Đà Nẵng)</TapChi>
    <SoXB>Số 11, trang 143-146,</SoXB>
    <NgayXB>2016-11-01T00:00:00</NgayXB>
    <ISSN>1859-1531</ISSN>
  </NCKH_TapChi>
  <NCKH_TapChi>
    <HoSoId>751</HoSoId>
    <TapChi>Tạp chí khoa học và công nghệ (Đại học Đà Nẵng)</TapChi>
    <SoXB>Số 11, trang 37-41</SoXB>
    <NgayXB>2016-11-01T00:00:00</NgayXB>
    <ISSN>1859-1531</ISSN>
  </NCKH_TapChi>
  <NCKH_TapChi>
    <HoSoId>766</HoSoId>
    <TapChi>Nonlinear Dynamics</TapChi>
    <SoXB>85</SoXB>
    <NgayXB>2016-08-01T00:00:00</NgayXB>
    <ISSN>0924-090X</ISSN>
  </NCKH_TapChi>
  <NCKH_TapChi>
    <HoSoId>768</HoSoId>
    <TapChi>Optik-International Journal for Light and Electron Optics</TapChi>
    <SoXB>127</SoXB>
    <NgayXB>2016-10-01T00:00:00</NgayXB>
    <ISSN>0030-4026</ISSN>
  </NCKH_TapChi>
  <NCKH_TapChi>
    <HoSoId>770</HoSoId>
    <TapChi>International Journal of Bifurcation and Chaos</TapChi>
    <SoXB>26</SoXB>
    <NgayXB>2016-07-01T00:00:00</NgayXB>
    <ISSN>0218-1274</ISSN>
  </NCKH_TapChi>
  <NCKH_TapChi>
    <HoSoId>772</HoSoId>
    <TapChi>Nonlinear Dynamics</TapChi>
    <SoXB>85</SoXB>
    <NgayXB>2016-09-01T00:00:00</NgayXB>
    <ISSN>0924-090X</ISSN>
  </NCKH_TapChi>
  <NCKH_TapChi>
    <HoSoId>774</HoSoId>
    <TapChi>IEEE Transactions on Circuits and Systems II: Express Briefs</TapChi>
    <SoXB>63</SoXB>
    <NgayXB>2016-09-01T00:00:00</NgayXB>
    <ISSN>1549-7747</ISSN>
  </NCKH_TapChi>
  <NCKH_TapChi>
    <HoSoId>776</HoSoId>
    <TapChi>Discrete Dynamics in Nature and Society</TapChi>
    <SoXB>2016</SoXB>
    <NgayXB>2016-08-15T00:00:00</NgayXB>
    <ISSN>1026-0226</ISSN>
  </NCKH_TapChi>
  <NCKH_TapChi>
    <HoSoId>778</HoSoId>
    <TapChi>Nonlinear Dynamics</TapChi>
    <SoXB>86</SoXB>
    <NgayXB>2016-10-01T00:00:00</NgayXB>
    <ISSN>0924-090X</ISSN>
  </NCKH_TapChi>
  <NCKH_TapChi>
    <HoSoId>780</HoSoId>
    <TapChi>Chaos, Solitons and Fractals</TapChi>
    <SoXB>93</SoXB>
    <NgayXB>2016-12-01T00:00:00</NgayXB>
    <ISSN>0960-0779</ISSN>
  </NCKH_TapChi>
  <NCKH_TapChi>
    <HoSoId>782</HoSoId>
    <TapChi>Optoelectronics and Advanced Materials – Rapid Communications</TapChi>
    <SoXB>10</SoXB>
    <NgayXB>2016-10-01T00:00:00</NgayXB>
    <ISSN>1842-6573</ISSN>
  </NCKH_TapChi>
  <NCKH_TapChi>
    <HoSoId>784</HoSoId>
    <TapChi>International Journal of Bifurcation and Chaos</TapChi>
    <SoXB>26</SoXB>
    <NgayXB>2016-11-01T00:00:00</NgayXB>
    <ISSN>0218-1274</ISSN>
  </NCKH_TapChi>
  <NCKH_TapChi>
    <HoSoId>786</HoSoId>
    <TapChi>Advances in Mathematical Physics</TapChi>
    <SoXB>2016</SoXB>
    <NgayXB>2016-11-14T00:00:00</NgayXB>
    <ISSN>1687-9120</ISSN>
  </NCKH_TapChi>
  <NCKH_TapChi>
    <HoSoId>788</HoSoId>
    <TapChi>International Journal of Bifurcation and Chaos</TapChi>
    <SoXB>26</SoXB>
    <NgayXB>2016-12-01T00:00:00</NgayXB>
    <ISSN>0218-1274</ISSN>
  </NCKH_TapChi>
  <NCKH_TapChi>
    <HoSoId>790</HoSoId>
    <TapChi>International Journal of Bifurcation and Chaos</TapChi>
    <SoXB>26</SoXB>
    <NgayXB>2016-12-01T00:00:00</NgayXB>
    <ISSN>0218-1274</ISSN>
  </NCKH_TapChi>
  <NCKH_TapChi>
    <HoSoId>792</HoSoId>
    <TapChi>International Journal of Bifurcation and Chaos</TapChi>
    <SoXB>26</SoXB>
    <NgayXB>2016-12-01T00:00:00</NgayXB>
    <ISSN>0218-1274</ISSN>
  </NCKH_TapChi>
  <NCKH_TapChi>
    <HoSoId>794</HoSoId>
    <TapChi>Optik-International Journal for Light and Electron Optics</TapChi>
    <SoXB>130</SoXB>
    <NgayXB>2017-02-01T00:00:00</NgayXB>
    <ISSN>0030-4026</ISSN>
  </NCKH_TapChi>
  <NCKH_TapChi>
    <HoSoId>796</HoSoId>
    <TapChi>Communications in Nonlinear Science and Numerical Simulation</TapChi>
    <SoXB>44</SoXB>
    <NgayXB>2017-03-01T00:00:00</NgayXB>
    <ISSN>1007-5704</ISSN>
  </NCKH_TapChi>
  <NCKH_TapChi>
    <HoSoId>798</HoSoId>
    <TapChi>Optik-International Journal for Light and Electron Optics</TapChi>
    <SoXB>131</SoXB>
    <NgayXB>2017-02-01T00:00:00</NgayXB>
    <ISSN>0030-4026</ISSN>
  </NCKH_TapChi>
  <NCKH_TapChi>
    <HoSoId>800</HoSoId>
    <TapChi>Mathematics and Computers in Simulation</TapChi>
    <SoXB>132</SoXB>
    <NgayXB>2017-02-01T00:00:00</NgayXB>
    <ISSN>0378-4754</ISSN>
  </NCKH_TapChi>
  <NCKH_TapChi>
    <HoSoId>802</HoSoId>
    <TapChi>Optik-International Journal for Light and Electron Optics</TapChi>
    <SoXB>131</SoXB>
    <NgayXB>2017-02-01T00:00:00</NgayXB>
    <ISSN>0030-4026</ISSN>
  </NCKH_TapChi>
  <NCKH_TapChi>
    <HoSoId>804</HoSoId>
    <TapChi>Complexity</TapChi>
    <SoXB>2017</SoXB>
    <NgayXB>2017-02-02T00:00:00</NgayXB>
    <ISSN>1076-2787</ISSN>
  </NCKH_TapChi>
  <NCKH_TapChi>
    <HoSoId>806</HoSoId>
    <TapChi>Nonlinear Dynamics</TapChi>
    <SoXB>87</SoXB>
    <NgayXB>2017-02-01T00:00:00</NgayXB>
    <ISSN>0924-090X</ISSN>
  </NCKH_TapChi>
  <NCKH_TapChi>
    <HoSoId>808</HoSoId>
    <TapChi>Complexity</TapChi>
    <SoXB>2017</SoXB>
    <NgayXB>2017-02-16T00:00:00</NgayXB>
    <ISSN>1076-2787</ISSN>
  </NCKH_TapChi>
  <NCKH_TapChi>
    <HoSoId>810</HoSoId>
    <TapChi>IEEE Transactions on Circuits and Systems II: Express Briefs</TapChi>
    <SoXB>64</SoXB>
    <NgayXB>2017-03-01T00:00:00</NgayXB>
    <ISSN>1549-7747</ISSN>
  </NCKH_TapChi>
  <NCKH_TapChi>
    <HoSoId>812</HoSoId>
    <TapChi>International Journal of Bifurcation and Chaos</TapChi>
    <SoXB>27</SoXB>
    <NgayXB>2017-04-01T00:00:00</NgayXB>
    <ISSN>0218-1274</ISSN>
  </NCKH_TapChi>
  <NCKH_TapChi>
    <HoSoId>814</HoSoId>
    <TapChi>Nonlinear Dynamics</TapChi>
    <SoXB>88</SoXB>
    <NgayXB>2017-05-01T00:00:00</NgayXB>
    <ISSN>0924-090X</ISSN>
  </NCKH_TapChi>
  <NCKH_TapChi>
    <HoSoId>816</HoSoId>
    <TapChi>Chaos, Solitons and Fractals</TapChi>
    <SoXB>99</SoXB>
    <NgayXB>2017-06-01T00:00:00</NgayXB>
    <ISSN>0960-0779</ISSN>
  </NCKH_TapChi>
  <NCKH_TapChi>
    <HoSoId>818</HoSoId>
    <TapChi>International Journal of Electronics and Communications</TapChi>
    <SoXB>78</SoXB>
    <NgayXB>2017-08-01T00:00:00</NgayXB>
    <ISSN>1434-8411</ISSN>
  </NCKH_TapChi>
  <NCKH_TapChi>
    <HoSoId>820</HoSoId>
    <TapChi>International Journal of Electronics and Communications</TapChi>
    <SoXB>78</SoXB>
    <NgayXB>2017-04-20T00:00:00</NgayXB>
    <ISSN>1434-8411</ISSN>
  </NCKH_TapChi>
  <NCKH_TapChi>
    <HoSoId>822</HoSoId>
    <TapChi>IEEE Access</TapChi>
    <SoXB>5</SoXB>
    <NgayXB>2017-06-19T00:00:00</NgayXB>
    <ISSN>2169-3536</ISSN>
  </NCKH_TapChi>
  <NCKH_TapChi>
    <HoSoId>841</HoSoId>
    <TapChi>Tạp chí KHCN ĐHĐN</TapChi>
    <SoXB>3</SoXB>
    <NgayXB>2017-02-22T00:00:00</NgayXB>
    <ISSN>1859-1531</ISSN>
  </NCKH_TapChi>
  <NCKH_TapChi>
    <HoSoId>857</HoSoId>
    <TapChi>Tạp chí Khoa học và Công nghệ Đại học Đà Nẵng</TapChi>
    <SoXB>11[108]</SoXB>
    <NgayXB>2016-11-01T00:00:00</NgayXB>
    <ISSN>1859-1531</ISSN>
  </NCKH_TapChi>
  <NCKH_TapChi>
    <HoSoId>883</HoSoId>
    <TapChi>International Journal of Control Theory and Applications</TapChi>
    <SoXB>9</SoXB>
    <NgayXB>2016-09-01T00:00:00</NgayXB>
    <ISSN>0974-5572</ISSN>
  </NCKH_TapChi>
  <NCKH_TapChi>
    <HoSoId>885</HoSoId>
    <TapChi>International Journal of Control Theory and Applications</TapChi>
    <SoXB>9</SoXB>
    <NgayXB>2016-09-01T00:00:00</NgayXB>
    <ISSN>0974-5572</ISSN>
  </NCKH_TapChi>
  <NCKH_TapChi>
    <HoSoId>887</HoSoId>
    <TapChi>International Journal of System Dynamics Applications</TapChi>
    <SoXB>6</SoXB>
    <NgayXB>2017-06-01T00:00:00</NgayXB>
    <ISSN>2160-9772</ISSN>
  </NCKH_TapChi>
  <NCKH_TapChi>
    <HoSoId>904</HoSoId>
    <TapChi>Tạp chí Khoa học ĐHQGHN: Khoa học tự nhiên và công nghệ</TapChi>
    <SoXB>Số 1, Tập 33</SoXB>
    <NgayXB>2017-03-15T00:00:00</NgayXB>
    <ISSN>0866-8612</ISSN>
  </NCKH_TapChi>
  <NCKH_TapChi>
    <HoSoId>927</HoSoId>
    <TapChi>Tạp chí Khoa học và Công nghệ Các trường đại học kỹ thuật</TapChi>
    <SoXB>114</SoXB>
    <NgayXB>2016-09-01T00:00:00</NgayXB>
    <ISSN>0868-3980</ISSN>
  </NCKH_TapChi>
  <NCKH_TapChi>
    <HoSoId>929</HoSoId>
    <TapChi>Fractional Order Control and Synchronization of Chaotic Systems</TapChi>
    <SoXB>688</SoXB>
    <NgayXB>2017-03-01T00:00:00</NgayXB>
    <ISSN>1860-949X</ISSN>
    <DOI>10.1007/978-3-319-50249-6_15</DOI>
  </NCKH_TapChi>
  <NCKH_TapChi>
    <HoSoId>931</HoSoId>
    <TapChi>Fractional Order Control and Synchronization of Chaotic Systems</TapChi>
    <SoXB>688</SoXB>
    <NgayXB>2017-03-01T00:00:00</NgayXB>
    <ISSN>1860-949X</ISSN>
    <DOI>10.1007/978-3-319-50249-6_21</DOI>
  </NCKH_TapChi>
  <NCKH_TapChi>
    <HoSoId>933</HoSoId>
    <TapChi>Advances in Memristors, Memristive Devices and Systems</TapChi>
    <SoXB>701</SoXB>
    <NgayXB>2017-02-17T00:00:00</NgayXB>
    <ISSN>1860-949X</ISSN>
    <DOI>10.1007/978-3-319-51724-7_3</DOI>
  </NCKH_TapChi>
  <NCKH_TapChi>
    <HoSoId>935</HoSoId>
    <TapChi>Advances in Memristors, Memristive Devices and Systems</TapChi>
    <SoXB>701</SoXB>
    <NgayXB>2017-02-17T00:00:00</NgayXB>
    <ISSN>1860-949X</ISSN>
    <DOI>10.1007/978-3-319-51724-7_4</DOI>
  </NCKH_TapChi>
  <NCKH_TapChi>
    <HoSoId>937</HoSoId>
    <TapChi>Advances in Memristors, Memristive Devices and Systems</TapChi>
    <SoXB>701</SoXB>
    <NgayXB>2017-02-17T00:00:00</NgayXB>
    <ISSN>1860-949X</ISSN>
    <DOI>10.1007/978-3-319-51724-7_5</DOI>
  </NCKH_TapChi>
  <NCKH_TapChi>
    <HoSoId>939</HoSoId>
    <TapChi>Advances in Memristors, Memristive Devices and Systems</TapChi>
    <SoXB>701</SoXB>
    <NgayXB>2017-02-17T00:00:00</NgayXB>
    <ISSN>1860-949X</ISSN>
    <DOI>10.1007/978-3-319-51724-7_9</DOI>
  </NCKH_TapChi>
  <NCKH_TapChi>
    <HoSoId>941</HoSoId>
    <TapChi>Advances in Memristors, Memristive Devices and Systems</TapChi>
    <SoXB>701</SoXB>
    <NgayXB>2017-02-17T00:00:00</NgayXB>
    <ISSN>1860-949X</ISSN>
    <DOI>10.1007/978-3-319-51724-7_10</DOI>
  </NCKH_TapChi>
  <NCKH_TapChi>
    <HoSoId>943</HoSoId>
    <TapChi>SpringerBriefs in Applied Sciences and Technology (Book)</TapChi>
    <SoXB>ISBN: 978-3-319-53720-7 (Print)</SoXB>
    <NgayXB>2017-03-01T00:00:00</NgayXB>
    <ISSN>2191-530X</ISSN>
  </NCKH_TapChi>
  <NCKH_TapChi>
    <HoSoId>945</HoSoId>
    <TapChi>Complexity</TapChi>
    <SoXB>2017</SoXB>
    <NgayXB>2017-06-28T00:00:00</NgayXB>
    <ISSN>1076-2787</ISSN>
  </NCKH_TapChi>
  <NCKH_TapChi>
    <HoSoId>947</HoSoId>
    <TapChi>Mathematical Problems in Engineering</TapChi>
    <SoXB>2017</SoXB>
    <NgayXB>2017-06-29T00:00:00</NgayXB>
    <ISSN>1024-123X</ISSN>
    <DOI>10.1155/2017/3927184</DOI>
  </NCKH_TapChi>
  <NCKH_TapChi>
    <HoSoId>948</HoSoId>
    <TapChi>Tạp chí khoa học và công nghệ</TapChi>
    <SoXB>115</SoXB>
    <NgayXB>2016-12-01T00:00:00</NgayXB>
    <ISSN>2354-1083</ISSN>
    <DeTaiId>207</DeTaiId>
  </NCKH_TapChi>
  <NCKH_TapChi>
    <HoSoId>949</HoSoId>
    <TapChi>ASEAN Engineering journal Part A</TapChi>
    <SoXB>7</SoXB>
    <NgayXB>2017-04-01T00:00:00</NgayXB>
    <ISSN>2229-127X</ISSN>
  </NCKH_TapChi>
  <NCKH_TapChi>
    <HoSoId>953</HoSoId>
    <TapChi>Journal on information and communications technology</TapChi>
    <SoXB>Volume E3, No.9(13)</SoXB>
    <NgayXB>2016-08-15T00:00:00</NgayXB>
    <ISSN>1859-3534</ISSN>
  </NCKH_TapChi>
  <NCKH_TapChi>
    <HoSoId>978</HoSoId>
    <TapChi>WIRELESS COMMUNICATIONS AND MOBILE COMPUTING, WILEY-HINDAWI</TapChi>
    <SoXB>Volume 16, Issue 17 10 December 2016 Pages 3123–3138</SoXB>
    <NgayXB>2016-12-10T00:00:00</NgayXB>
    <ISSN>1530-8677 (online) hoặc 1530-8669 (print)</ISSN>
    <DOI>10.1002/wcm.2730</DOI>
  </NCKH_TapChi>
  <NCKH_TapChi>
    <HoSoId>980</HoSoId>
    <TapChi>IEEE Transactions on Circuits and Systems I: Regular Papers</TapChi>
    <SoXB>64</SoXB>
    <NgayXB>2017-01-16T00:00:00</NgayXB>
    <ISSN>1549-8328</ISSN>
    <DOI>10.1109/TCSI.2016.2645978</DOI>
  </NCKH_TapChi>
  <NCKH_TapChi>
    <HoSoId>1031</HoSoId>
    <TapChi>Ad Hoc and Sensor Wireless Networks</TapChi>
    <SoXB>34-1</SoXB>
    <NgayXB>2016-10-01T00:00:00</NgayXB>
    <ISSN>1551-9899</ISSN>
  </NCKH_TapChi>
  <NCKH_TapChi>
    <HoSoId>1033</HoSoId>
    <TapChi>Journal of Computer Networks</TapChi>
    <SoXB>In press</SoXB>
    <NgayXB>2017-06-13T00:00:00</NgayXB>
    <ISSN>1389-1286</ISSN>
    <DOI>10.1016/j.comnet.2017.06.007</DOI>
  </NCKH_TapChi>
  <NCKH_TapChi>
    <HoSoId>1040</HoSoId>
    <TapChi>Tạp chí Nghiên cứu Khoa học Công nghệ quân sự</TapChi>
    <SoXB>3</SoXB>
    <NgayXB>2016-10-15T00:00:00</NgayXB>
    <ISSN>1859-1043</ISSN>
  </NCKH_TapChi>
  <NCKH_TapChi>
    <HoSoId>1050</HoSoId>
    <TapChi>Journal of Circuits, Systems and Computers</TapChi>
    <SoXB>Jan. 2018</SoXB>
    <NgayXB>2017-05-17T00:00:00</NgayXB>
    <ISSN>0218-1266</ISSN>
    <DOI>10.1142/S0218126618500081</DOI>
  </NCKH_TapChi>
  <NCKH_TapChi>
    <HoSoId>1064</HoSoId>
    <TapChi>JOURNAL OF COMMUNICATIONS AND NETWORKS</TapChi>
    <SoXB>VOL. 19, NO. 3</SoXB>
    <NgayXB>2017-06-30T00:00:00</NgayXB>
    <ISSN>1229-2370</ISSN>
  </NCKH_TapChi>
  <NCKH_TapChi>
    <HoSoId>1066</HoSoId>
    <TapChi>International Journal of Bifurcation and Chaos</TapChi>
    <SoXB>27</SoXB>
    <NgayXB>2017-06-15T00:00:00</NgayXB>
    <ISSN>0218-1274</ISSN>
  </NCKH_TapChi>
  <NCKH_TapChi>
    <HoSoId>1068</HoSoId>
    <TapChi>Nonlinear Dynamics</TapChi>
    <SoXB>89</SoXB>
    <NgayXB>2017-04-04T00:00:00</NgayXB>
    <ISSN>0924-090X</ISSN>
  </NCKH_TapChi>
  <NCKH_TapChi>
    <HoSoId>1077</HoSoId>
    <TapChi>Journal of Military Science and Technology</TapChi>
    <SoXB>48A</SoXB>
    <NgayXB>2017-05-01T00:00:00</NgayXB>
    <ISSN>1859-1043</ISSN>
  </NCKH_TapChi>
  <NCKH_TapChi>
    <HoSoId>1079</HoSoId>
    <TapChi>Tạp chí Khoa học và Công nghệ Đại học Đà Nẵng,</TapChi>
    <SoXB>11-108</SoXB>
    <NgayXB>2016-11-01T00:00:00</NgayXB>
    <ISSN>1859-1531</ISSN>
  </NCKH_TapChi>
  <NCKH_TapChi>
    <HoSoId>1081</HoSoId>
    <TapChi>Tạp chí Khoa học và Công nghệ Đại học Đà Nẵng</TapChi>
    <SoXB>11-108</SoXB>
    <NgayXB>2016-11-01T00:00:00</NgayXB>
    <ISSN>1859-1531</ISSN>
  </NCKH_TapChi>
  <NCKH_TapChi>
    <HoSoId>1083</HoSoId>
    <TapChi>Journal of Science and Technology-Technical universities</TapChi>
    <SoXB>114</SoXB>
    <NgayXB>2016-09-01T00:00:00</NgayXB>
    <ISSN>0866-3980</ISSN>
  </NCKH_TapChi>
  <NCKH_TapChi>
    <HoSoId>1085</HoSoId>
    <TapChi>Journal of Science and Technology-Technical universities</TapChi>
    <SoXB>113</SoXB>
    <NgayXB>2016-07-01T00:00:00</NgayXB>
    <ISSN>0866-3980</ISSN>
  </NCKH_TapChi>
  <NCKH_TapChi>
    <HoSoId>1122</HoSoId>
    <TapChi>Nonlinear Dynamics</TapChi>
    <SoXB>89</SoXB>
    <NgayXB>2017-03-30T00:00:00</NgayXB>
    <ISSN>0924-090X</ISSN>
  </NCKH_TapChi>
  <NCKH_TapChi>
    <HoSoId>1126</HoSoId>
    <TapChi>Tạp chí khoa học và công nghệ</TapChi>
    <SoXB>120</SoXB>
    <NgayXB>2017-05-30T00:00:00</NgayXB>
    <ISSN>2354-1083</ISSN>
  </NCKH_TapChi>
  <NCKH_TapChi>
    <HoSoId>1128</HoSoId>
    <TapChi>Tạp chí khoa học và công nghệ</TapChi>
    <SoXB>115</SoXB>
    <NgayXB>2016-11-30T00:00:00</NgayXB>
    <ISSN>2354-1083</ISSN>
  </NCKH_TapChi>
  <NCKH_TapChi>
    <HoSoId>1132</HoSoId>
    <TapChi>journal of science and technology</TapChi>
    <SoXB>120</SoXB>
    <NgayXB>2017-05-25T00:00:00</NgayXB>
    <ISSN>0868-3980</ISSN>
  </NCKH_TapChi>
  <NCKH_TapChi>
    <HoSoId>1142</HoSoId>
    <TapChi>Far East Journal of Electronics and Communications</TapChi>
    <SoXB>Volume 17, Issue 3</SoXB>
    <NgayXB>2017-06-30T00:00:00</NgayXB>
    <ISSN>0973-7006</ISSN>
    <DOI>http://dx.doi.org/10.17654/EC017030591</DOI>
  </NCKH_TapChi>
  <NCKH_TapChi>
    <HoSoId>1144</HoSoId>
    <TapChi>Far East Journal of Electronics and Communications</TapChi>
    <SoXB>Volume 17, Issue 3</SoXB>
    <NgayXB>2017-06-30T00:00:00</NgayXB>
    <ISSN>0973-7006</ISSN>
  </NCKH_TapChi>
  <NCKH_TapChi>
    <HoSoId>1146</HoSoId>
    <TapChi>Tạp chí Khoa học Công nghệ các trường đại học</TapChi>
    <SoXB>120</SoXB>
    <NgayXB>2017-06-01T00:00:00</NgayXB>
    <ISSN>0866-3980</ISSN>
  </NCKH_TapChi>
  <NCKH_TapChi>
    <HoSoId>1153</HoSoId>
    <TapChi>TẠP CHÍ KHOA HỌC VÀ CÔNG NGHỆ CÁC TRƯỜNG ĐẠI HỌC KỸ THUẬT</TapChi>
    <SoXB>120</SoXB>
    <NgayXB>2017-06-30T00:00:00</NgayXB>
    <ISSN>2354-1083</ISSN>
  </NCKH_TapChi>
  <NCKH_TapChi>
    <HoSoId>1176</HoSoId>
    <TapChi>Tạp chí Khoa học và Công nghệ Đà Nẵng,</TapChi>
    <SoXB>108</SoXB>
    <NgayXB>2016-11-01T00:00:00</NgayXB>
    <ISSN>1859-1531</ISSN>
    <DeTaiId>558</DeTaiId>
  </NCKH_TapChi>
  <NCKH_TapChi>
    <HoSoId>1184</HoSoId>
    <TapChi>TẠP CHÍ KHOA HỌC VÀ CÔNG NGHỆ ĐẠI HỌC ĐÀ NẴNG</TapChi>
    <SoXB>11(108).2016</SoXB>
    <NgayXB>2016-11-15T00:00:00</NgayXB>
    <ISSN>1859-1531</ISSN>
  </NCKH_TapChi>
  <NCKH_TapChi>
    <HoSoId>1186</HoSoId>
    <TapChi>Tạp chí Khoa học và Công nghệ - Đại học Đà Nẵng</TapChi>
    <SoXB>12 (109)</SoXB>
    <NgayXB>2016-12-01T00:00:00</NgayXB>
    <ISSN>1859-1531</ISSN>
  </NCKH_TapChi>
  <NCKH_TapChi>
    <HoSoId>1188</HoSoId>
    <TapChi>Procedia  Computer  Science</TapChi>
    <SoXB>107</SoXB>
    <NgayXB>2017-05-30T00:00:00</NgayXB>
    <ISSN>1877-0509</ISSN>
    <DOI>https://doi.org/10.1016/j.procs.2017.03.140</DOI>
  </NCKH_TapChi>
  <NCKH_TapChi>
    <HoSoId>1198</HoSoId>
    <TapChi>Hindawi Publishing Corporation; Active and Passive Electronics Components</TapChi>
    <SoXB>Volume 2016 (2016), Article ID 7201760, 11 pages; 15.02.2016</SoXB>
    <NgayXB>2016-02-16T00:00:00</NgayXB>
    <ISSN>1563-5031 hoặc 0882-7516</ISSN>
    <DOI>http://dx.doi.org/10.1155/2016/7201760</DOI>
  </NCKH_TapChi>
  <NCKH_TapChi>
    <HoSoId>1243</HoSoId>
    <TapChi>Sensors</TapChi>
    <SoXB>18</SoXB>
    <NgayXB>2017-12-28T00:00:00</NgayXB>
    <ISSN>1424-8220</ISSN>
    <DOI>https://doi.org/10.3390/s18010061</DOI>
  </NCKH_TapChi>
  <NCKH_TapChi>
    <HoSoId>1247</HoSoId>
    <TapChi>REV Journal on Electronics and Communications</TapChi>
    <SoXB>7</SoXB>
    <NgayXB>2018-06-06T00:00:00</NgayXB>
    <ISSN>0</ISSN>
    <DOI>http://dx.doi.org/10.21553/rev-jec.167</DOI>
    <DeTaiId>1174</DeTaiId>
  </NCKH_TapChi>
  <NCKH_TapChi>
    <HoSoId>1255</HoSoId>
    <TapChi>TẠP CHÍ KHOA HỌC CÔNG NGHỆ THÔNG TIN VÀ TRUYỀN THÔNG</TapChi>
    <SoXB>Số 01 (CS.01) 2017</SoXB>
    <NgayXB>2017-09-19T00:00:00</NgayXB>
    <ISSN>ISSN 2525 – 2224</ISSN>
  </NCKH_TapChi>
  <NCKH_TapChi>
    <HoSoId>1263</HoSoId>
    <TapChi>Tạp chí Khoa học Công nghệ, Đại học Đà Nẵng</TapChi>
    <SoXB>NO. 11(120).2017, VOL.4</SoXB>
    <NgayXB>2017-11-01T00:00:00</NgayXB>
    <ISSN>1859-1531</ISSN>
  </NCKH_TapChi>
  <NCKH_TapChi>
    <HoSoId>1265</HoSoId>
    <TapChi>Tạp chí Khoa học Công nghê, Đại học Đà Nẵng</TapChi>
    <SoXB>NO. 11(120).2017, VOL. 4</SoXB>
    <NgayXB>2017-11-01T00:00:00</NgayXB>
    <ISSN>1859-1531</ISSN>
  </NCKH_TapChi>
  <NCKH_TapChi>
    <HoSoId>1280</HoSoId>
    <TapChi>International Journal of Computer Applications</TapChi>
    <SoXB>Volume 179 – No.13</SoXB>
    <NgayXB>2018-01-19T00:00:00</NgayXB>
    <ISSN>0975 – 8887</ISSN>
  </NCKH_TapChi>
  <NCKH_TapChi>
    <HoSoId>1281</HoSoId>
    <TapChi>IEEE ACCESS</TapChi>
    <SoXB>6</SoXB>
    <NgayXB>2018-02-05T00:00:00</NgayXB>
    <ISSN>2169-3536</ISSN>
    <DOI>10.1109/ACCESS.2018.2797874</DOI>
    <DeTaiId>1174</DeTaiId>
  </NCKH_TapChi>
  <NCKH_TapChi>
    <HoSoId>1289</HoSoId>
    <TapChi>Tạp chí khoa học và công nghệ (Đại học Đà Nẵng)</TapChi>
    <SoXB>11(120)</SoXB>
    <NgayXB>2017-11-20T00:00:00</NgayXB>
    <ISSN>1859-1531</ISSN>
  </NCKH_TapChi>
  <NCKH_TapChi>
    <HoSoId>1295</HoSoId>
    <TapChi>Tạp chí khoa học và công nghệ (Đại học Đà Nẵng)</TapChi>
    <SoXB>11(120)</SoXB>
    <NgayXB>2017-11-20T00:00:00</NgayXB>
    <ISSN>1859-1531</ISSN>
  </NCKH_TapChi>
  <NCKH_TapChi>
    <HoSoId>1297</HoSoId>
    <TapChi>Digital Communications and Networks</TapChi>
    <SoXB>01</SoXB>
    <NgayXB>2018-01-11T00:00:00</NgayXB>
    <ISSN>2352-8648</ISSN>
    <DOI>https://doi.org/10.1016/j.dcan.2018.01.002</DOI>
  </NCKH_TapChi>
  <NCKH_TapChi>
    <HoSoId>1302</HoSoId>
    <TapChi>EURASIP Journal on Wireless Communications and Networking</TapChi>
    <SoXB>1</SoXB>
    <NgayXB>2018-01-01T00:00:00</NgayXB>
    <ISSN>1687-1499</ISSN>
    <DOI>https://doi.org/10.1186/s13638-018-1026-4</DOI>
  </NCKH_TapChi>
  <NCKH_TapChi>
    <HoSoId>1310</HoSoId>
    <TapChi>Journal of Fruid Mechanics</TapChi>
    <SoXB>848</SoXB>
    <NgayXB>2018-06-13T00:00:00</NgayXB>
    <ISSN>0022-1120</ISSN>
    <DOI>https://doi.org/10.1017/jfm.2018.435</DOI>
  </NCKH_TapChi>
  <NCKH_TapChi>
    <HoSoId>1314</HoSoId>
    <TapChi>Tạp chí Khoa học và Công nghệ - Đại học Đà Nẵng</TapChi>
    <SoXB>Số 7(116)</SoXB>
    <NgayXB>2017-07-01T00:00:00</NgayXB>
    <ISSN>1859-1531</ISSN>
  </NCKH_TapChi>
  <NCKH_TapChi>
    <HoSoId>1323</HoSoId>
    <TapChi>Nonlinear Dynamics</TapChi>
    <SoXB>89</SoXB>
    <NgayXB>2017-08-01T00:00:00</NgayXB>
    <ISSN>0924-090X</ISSN>
  </NCKH_TapChi>
  <NCKH_TapChi>
    <HoSoId>1329</HoSoId>
    <TapChi>Nonlinear Dynamics</TapChi>
    <SoXB>89</SoXB>
    <NgayXB>2017-08-01T00:00:00</NgayXB>
    <ISSN>0924-090X</ISSN>
  </NCKH_TapChi>
  <NCKH_TapChi>
    <HoSoId>1334</HoSoId>
    <TapChi>International Journal of Bifurcation and Chaos</TapChi>
    <SoXB>27</SoXB>
    <NgayXB>2017-08-01T00:00:00</NgayXB>
    <ISSN>0218-1274</ISSN>
    <DOI>https://doi.org/10.1142/S0218127417501383</DOI>
  </NCKH_TapChi>
  <NCKH_TapChi>
    <HoSoId>1337</HoSoId>
    <TapChi>International Journal of Bifurcation and Chaos</TapChi>
    <SoXB>27</SoXB>
    <NgayXB>2017-09-01T00:00:00</NgayXB>
    <ISSN>0218-1274</ISSN>
  </NCKH_TapChi>
  <NCKH_TapChi>
    <HoSoId>1343</HoSoId>
    <TapChi>Mathematical Problems in Engineering</TapChi>
    <SoXB>2017</SoXB>
    <NgayXB>2017-09-13T00:00:00</NgayXB>
    <ISSN>1024-123X</ISSN>
  </NCKH_TapChi>
  <NCKH_TapChi>
    <HoSoId>1347</HoSoId>
    <TapChi>Nonlinear Dynamics</TapChi>
    <SoXB>90</SoXB>
    <NgayXB>2017-12-01T00:00:00</NgayXB>
    <ISSN>0924-090X</ISSN>
  </NCKH_TapChi>
  <NCKH_TapChi>
    <HoSoId>1351</HoSoId>
    <TapChi>International Journal of Bifurcation and Chaos</TapChi>
    <SoXB>27</SoXB>
    <NgayXB>2017-10-01T00:00:00</NgayXB>
    <ISSN>0218-1274</ISSN>
    <DOI>https://doi.org/10.1142/S0218127417501735</DOI>
  </NCKH_TapChi>
  <NCKH_TapChi>
    <HoSoId>1393</HoSoId>
    <TapChi>IEEE Access</TapChi>
    <SoXB>6</SoXB>
    <NgayXB>2017-12-25T00:00:00</NgayXB>
    <ISSN>2169-3536</ISSN>
    <DOI>10.1109/ACCESS.2017.2786678</DOI>
  </NCKH_TapChi>
  <NCKH_TapChi>
    <HoSoId>1395</HoSoId>
    <TapChi>Journal of Circuits, Systems, and Computers</TapChi>
    <SoXB>27</SoXB>
    <NgayXB>2018-02-01T00:00:00</NgayXB>
    <ISSN>0218-1266</ISSN>
    <DOI>https://doi.org/10.1142/S0218126618500263</DOI>
  </NCKH_TapChi>
  <NCKH_TapChi>
    <HoSoId>1397</HoSoId>
    <TapChi>Communications in Nonlinear Science and Numerical Simulation</TapChi>
    <SoXB>57</SoXB>
    <NgayXB>2018-04-01T00:00:00</NgayXB>
    <ISSN>1007-5704</ISSN>
    <DOI>https://doi.org/10.1016/j.cnsns.2017.09.008</DOI>
  </NCKH_TapChi>
  <NCKH_TapChi>
    <HoSoId>1399</HoSoId>
    <TapChi>REV Journal on Electronics and Communications</TapChi>
    <SoXB>7</SoXB>
    <NgayXB>2017-10-01T00:00:00</NgayXB>
    <ISSN>1859-378X</ISSN>
    <DOI>http://dx.doi.org/10.21553/rev-jec.153</DOI>
  </NCKH_TapChi>
  <NCKH_TapChi>
    <HoSoId>1400</HoSoId>
    <TapChi>Journal of Circuits, Systems, and Computers</TapChi>
    <SoXB>27</SoXB>
    <NgayXB>2018-04-01T00:00:00</NgayXB>
    <ISSN>0218-1266</ISSN>
    <DOI>https://doi.org/10.1142/S0218126618500664</DOI>
  </NCKH_TapChi>
  <NCKH_TapChi>
    <HoSoId>1402</HoSoId>
    <TapChi>International Journal of Electronics</TapChi>
    <SoXB>105</SoXB>
    <NgayXB>2017-08-03T00:00:00</NgayXB>
    <ISSN>0020-7217</ISSN>
  </NCKH_TapChi>
  <NCKH_TapChi>
    <HoSoId>1404</HoSoId>
    <TapChi>Chaos, Solitons and Fractals</TapChi>
    <SoXB>106</SoXB>
    <NgayXB>2018-01-01T00:00:00</NgayXB>
    <ISSN>0960-0779</ISSN>
    <DOI>https://doi.org/10.1016/j.chaos.2017.12.005</DOI>
  </NCKH_TapChi>
  <NCKH_TapChi>
    <HoSoId>1407</HoSoId>
    <TapChi>International Journal of Systems Science</TapChi>
    <SoXB>49</SoXB>
    <NgayXB>2017-12-06T00:00:00</NgayXB>
    <ISSN>0020-7721</ISSN>
    <DOI>https://doi.org/10.1080/00207721.2017.1410251</DOI>
  </NCKH_TapChi>
  <NCKH_TapChi>
    <HoSoId>1409</HoSoId>
    <TapChi>The Journal of Supercomputing</TapChi>
    <SoXB>4</SoXB>
    <NgayXB>2017-11-14T00:00:00</NgayXB>
    <ISSN>0920-8542</ISSN>
    <DOI>https://doi.org/10.1007/s11227-017-2190-8</DOI>
  </NCKH_TapChi>
  <NCKH_TapChi>
    <HoSoId>1411</HoSoId>
    <TapChi>Circuit, Systems, and Signal Processing</TapChi>
    <SoXB>37</SoXB>
    <NgayXB>2018-02-01T00:00:00</NgayXB>
    <ISSN>0278-081X</ISSN>
  </NCKH_TapChi>
  <NCKH_TapChi>
    <HoSoId>1413</HoSoId>
    <TapChi>Pramana – Journal of Physics</TapChi>
    <SoXB>90</SoXB>
    <NgayXB>2018-03-01T00:00:00</NgayXB>
    <ISSN>0304-4289</ISSN>
  </NCKH_TapChi>
  <NCKH_TapChi>
    <HoSoId>1417</HoSoId>
    <TapChi>Circuit, Systems, and Signal Processing</TapChi>
    <SoXB>37</SoXB>
    <NgayXB>2018-03-01T00:00:00</NgayXB>
    <ISSN>0278-081X</ISSN>
  </NCKH_TapChi>
  <NCKH_TapChi>
    <HoSoId>1419</HoSoId>
    <TapChi>International Journal of Electronics and Communications</TapChi>
    <SoXB>86</SoXB>
    <NgayXB>2018-03-01T00:00:00</NgayXB>
    <ISSN>1434-8411</ISSN>
  </NCKH_TapChi>
  <NCKH_TapChi>
    <HoSoId>1423</HoSoId>
    <TapChi>Complexity</TapChi>
    <SoXB>2018</SoXB>
    <NgayXB>2018-02-26T00:00:00</NgayXB>
    <ISSN>1076-2787</ISSN>
    <DOI>https://doi.org/10.1155/2018/9417479</DOI>
  </NCKH_TapChi>
  <NCKH_TapChi>
    <HoSoId>1428</HoSoId>
    <TapChi>Archives of Control Sciences</TapChi>
    <SoXB>28</SoXB>
    <NgayXB>2018-03-20T00:00:00</NgayXB>
    <ISSN>2300-2611</ISSN>
    <DOI>10.24425/119082</DOI>
  </NCKH_TapChi>
  <NCKH_TapChi>
    <HoSoId>1430</HoSoId>
    <TapChi>International Journal of Electronics and Communications</TapChi>
    <SoXB>89</SoXB>
    <NgayXB>2018-05-01T00:00:00</NgayXB>
    <ISSN>1434-8411</ISSN>
    <DOI>https://doi.org/10.1016/j.aeue.2018.03.037</DOI>
  </NCKH_TapChi>
  <NCKH_TapChi>
    <HoSoId>1434</HoSoId>
    <TapChi>International Journal of Antennas and Propagation</TapChi>
    <SoXB>2017</SoXB>
    <NgayXB>2017-12-06T00:00:00</NgayXB>
    <ISSN>1687-5869</ISSN>
    <DOI>https://doi.org/10.1155/2017/6529060</DOI>
  </NCKH_TapChi>
  <NCKH_TapChi>
    <HoSoId>1443</HoSoId>
    <TapChi>Journal of Electromagnetic Waves and Applications</TapChi>
    <SoXB>32</SoXB>
    <NgayXB>2017-10-26T00:00:00</NgayXB>
    <ISSN>0920-5071</ISSN>
    <DOI>https://doi.org/10.1080/09205071.2017.1394224</DOI>
  </NCKH_TapChi>
  <NCKH_TapChi>
    <HoSoId>1444</HoSoId>
    <TapChi>Pramana – Journal of Physics</TapChi>
    <SoXB>90</SoXB>
    <NgayXB>2018-06-01T00:00:00</NgayXB>
    <ISSN>0304-4289</ISSN>
  </NCKH_TapChi>
  <NCKH_TapChi>
    <HoSoId>1447</HoSoId>
    <TapChi>Nonlinear Dynamics</TapChi>
    <SoXB>92</SoXB>
    <NgayXB>2018-06-01T00:00:00</NgayXB>
    <ISSN>0924-090X</ISSN>
  </NCKH_TapChi>
  <NCKH_TapChi>
    <HoSoId>1449</HoSoId>
    <TapChi>Journal of Electromagnetic Waves and Applications</TapChi>
    <SoXB>32</SoXB>
    <NgayXB>2018-05-06T00:00:00</NgayXB>
    <ISSN>0920-5071</ISSN>
    <DOI>https://doi.org/10.1080/09205071.2018.1468284</DOI>
  </NCKH_TapChi>
  <NCKH_TapChi>
    <HoSoId>1455</HoSoId>
    <TapChi>Chaos, Solitons and Fractals</TapChi>
    <SoXB>113</SoXB>
    <NgayXB>2018-05-29T00:00:00</NgayXB>
    <ISSN>0960-0779</ISSN>
    <DOI>https://doi.org/10.1016/j.chaos.2018.05.015</DOI>
  </NCKH_TapChi>
  <NCKH_TapChi>
    <HoSoId>1465</HoSoId>
    <TapChi>The European Physical Journal Plus</TapChi>
    <SoXB>133</SoXB>
    <NgayXB>2018-06-01T00:00:00</NgayXB>
    <ISSN>2190-5444</ISSN>
  </NCKH_TapChi>
  <NCKH_TapChi>
    <HoSoId>1466</HoSoId>
    <TapChi>JP Journal of Heat and Mass Transfer</TapChi>
    <SoXB>Special Volume, Issue II</SoXB>
    <NgayXB>2018-07-01T00:00:00</NgayXB>
    <ISSN>0973-5763</ISSN>
  </NCKH_TapChi>
  <NCKH_TapChi>
    <HoSoId>1507</HoSoId>
    <TapChi>International Journal for Light and Electron Optics (Optik)</TapChi>
    <SoXB>155</SoXB>
    <NgayXB>2018-02-15T00:00:00</NgayXB>
    <ISSN>0030-4026</ISSN>
    <DOI>https://doi.org/10.1016/j.ijleo.2017.10.072</DOI>
  </NCKH_TapChi>
  <NCKH_TapChi>
    <HoSoId>1510</HoSoId>
    <TapChi>International Journal for Light and Electron Optics (Optik)</TapChi>
    <SoXB>155</SoXB>
    <NgayXB>2018-02-15T00:00:00</NgayXB>
    <ISSN>0030-4026</ISSN>
    <DOI>doi.org/10.1016/j.ijleo.2017.10.072</DOI>
  </NCKH_TapChi>
  <NCKH_TapChi>
    <HoSoId>1512</HoSoId>
    <TapChi>Tạp chí Khoa học và Công nghệ, Đại học Đà nẵng</TapChi>
    <SoXB>4</SoXB>
    <NgayXB>2017-11-15T00:00:00</NgayXB>
    <ISSN>1859-1531</ISSN>
  </NCKH_TapChi>
  <NCKH_TapChi>
    <HoSoId>1532</HoSoId>
    <TapChi>Journal of Computer Networks (Elsevier)</TapChi>
    <SoXB>125</SoXB>
    <NgayXB>2017-10-09T00:00:00</NgayXB>
    <ISSN>1389-1286</ISSN>
    <DOI>10.1016/j.comnet.2017.06.007</DOI>
  </NCKH_TapChi>
  <NCKH_TapChi>
    <HoSoId>1545</HoSoId>
    <TapChi>Journal of  Science and Technology Technical Universities</TapChi>
    <SoXB>128 (06/2018)</SoXB>
    <NgayXB>2018-06-15T00:00:00</NgayXB>
    <ISSN>2354-1083</ISSN>
  </NCKH_TapChi>
  <NCKH_TapChi>
    <HoSoId>1554</HoSoId>
    <TapChi>International Journal of Bifurcation and Chaos</TapChi>
    <SoXB>Vol.27, no.09</SoXB>
    <NgayXB>2017-09-12T00:00:00</NgayXB>
    <ISSN>0218-1274</ISSN>
    <DOI>10.1142/S0218127417501358</DOI>
    <DeTaiId>558</DeTaiId>
  </NCKH_TapChi>
  <NCKH_TapChi>
    <HoSoId>1556</HoSoId>
    <TapChi>Journal of Communications and Networks</TapChi>
    <SoXB>Vol.20, No.03</SoXB>
    <NgayXB>2018-06-30T00:00:00</NgayXB>
    <ISSN>1229-2370</ISSN>
    <DOI>10.1109/JCN.2018.000042</DOI>
    <DeTaiId>1559</DeTaiId>
  </NCKH_TapChi>
  <NCKH_TapChi>
    <HoSoId>1582</HoSoId>
    <TapChi>Tạp chí Khoa học công nghệ các trường ĐH kỹ thuật</TapChi>
    <SoXB>123(2017)</SoXB>
    <NgayXB>2017-11-10T00:00:00</NgayXB>
    <ISSN>ISSN 2354-1083</ISSN>
  </NCKH_TapChi>
  <NCKH_TapChi>
    <HoSoId>1593</HoSoId>
    <TapChi>American Journal of Biomedical Sciences</TapChi>
    <SoXB>Volume 10, issue 3</SoXB>
    <NgayXB>2024-01-08T00:00:00</NgayXB>
    <ISSN>1937-9080</ISSN>
  </NCKH_TapChi>
  <NCKH_TapChi>
    <HoSoId>1606</HoSoId>
    <TapChi>Sensors</TapChi>
    <SoXB>18(3)</SoXB>
    <NgayXB>2018-02-26T00:00:00</NgayXB>
    <ISSN>1424-8220</ISSN>
    <DOI>10.3390/s18030694</DOI>
  </NCKH_TapChi>
  <NCKH_TapChi>
    <HoSoId>1609</HoSoId>
    <TapChi>Rev Journal on Electronics and Communications</TapChi>
    <SoXB>7</SoXB>
    <NgayXB>2018-03-07T00:00:00</NgayXB>
    <ISSN>1859-378X</ISSN>
    <DOI>0.21553/rev-jec.175</DOI>
  </NCKH_TapChi>
  <NCKH_TapChi>
    <HoSoId>1622</HoSoId>
    <TapChi>Tạp chí KHCN Đà Nẵng</TapChi>
    <SoXB>4</SoXB>
    <NgayXB>2017-11-15T00:00:00</NgayXB>
    <ISSN>1859-1531</ISSN>
  </NCKH_TapChi>
  <NCKH_TapChi>
    <HoSoId>1625</HoSoId>
    <TapChi>Advances in Multimedia</TapChi>
    <SoXB>2017</SoXB>
    <NgayXB>2017-07-02T00:00:00</NgayXB>
    <ISSN>1687-5680</ISSN>
    <DOI>10.1155/2017/7323681</DOI>
  </NCKH_TapChi>
  <NCKH_TapChi>
    <HoSoId>1627</HoSoId>
    <TapChi>INTERNATIONAL JOURNAL OF ENGINEERING SCIENCES AND RESEARCH TECHNOLOGY</TapChi>
    <SoXB>Vol.6, Issue 9</SoXB>
    <NgayXB>2017-09-01T00:00:00</NgayXB>
    <ISSN>2277-9655</ISSN>
    <DOI>10.5281/zenodo.891688</DOI>
  </NCKH_TapChi>
  <NCKH_TapChi>
    <HoSoId>1629</HoSoId>
    <TapChi>International Journal of Innovative Technology and Exploring Engineering</TapChi>
    <SoXB>Vol.7 Issue-1</SoXB>
    <NgayXB>2017-09-01T00:00:00</NgayXB>
    <ISSN>2278-3075</ISSN>
  </NCKH_TapChi>
  <NCKH_TapChi>
    <HoSoId>1631</HoSoId>
    <TapChi>International Journal of Computer Networks and Communications</TapChi>
    <SoXB>Vol.9, No.5</SoXB>
    <NgayXB>2017-09-01T00:00:00</NgayXB>
    <ISSN>0975-2293</ISSN>
    <DOI>10.5121/ijcnc.2017.9503</DOI>
  </NCKH_TapChi>
  <NCKH_TapChi>
    <HoSoId>1634</HoSoId>
    <TapChi>Machine Learning and Intelligent Communications</TapChi>
    <SoXB>MLICOM 2017</SoXB>
    <NgayXB>2017-12-01T00:00:00</NgayXB>
    <ISSN>1867-8211 (ISBN 978-3-319-73446-0)</ISSN>
  </NCKH_TapChi>
  <NCKH_TapChi>
    <HoSoId>1642</HoSoId>
    <TapChi>International Journal of Computer Networks and Communications Security</TapChi>
    <SoXB>VOL. 5, NO. 7</SoXB>
    <NgayXB>2017-07-01T00:00:00</NgayXB>
    <ISSN>2410-0595</ISSN>
  </NCKH_TapChi>
  <NCKH_TapChi>
    <HoSoId>1645</HoSoId>
    <TapChi>Geo-Spatial Knowledge and Intelligence</TapChi>
    <SoXB>5th International Conference, GSKI 2017</SoXB>
    <NgayXB>2018-05-01T00:00:00</NgayXB>
    <ISSN>1865-0929 (ISBN 978-981-13-0892-5)</ISSN>
  </NCKH_TapChi>
  <NCKH_TapChi>
    <HoSoId>1676</HoSoId>
    <TapChi>Studies in Systems, Decision and Control</TapChi>
    <SoXB>133</SoXB>
    <NgayXB>2018-02-27T00:00:00</NgayXB>
    <ISSN>2198-4182</ISSN>
    <DOI>10.1007/978-3-319-71243-7</DOI>
  </NCKH_TapChi>
  <NCKH_TapChi>
    <HoSoId>1679</HoSoId>
    <TapChi>Studies in Systems, Decision and Control</TapChi>
    <SoXB>133</SoXB>
    <NgayXB>2018-02-27T00:00:00</NgayXB>
    <ISSN>2198-4182</ISSN>
  </NCKH_TapChi>
  <NCKH_TapChi>
    <HoSoId>1681</HoSoId>
    <TapChi>Studies in Systems, Decision and Control</TapChi>
    <SoXB>133</SoXB>
    <NgayXB>2018-02-27T00:00:00</NgayXB>
    <ISSN>2198-4182</ISSN>
  </NCKH_TapChi>
  <NCKH_TapChi>
    <HoSoId>1683</HoSoId>
    <TapChi>Studies in Systems, Decision and Control</TapChi>
    <SoXB>133</SoXB>
    <NgayXB>2018-02-27T00:00:00</NgayXB>
    <ISSN>2198-4182</ISSN>
  </NCKH_TapChi>
  <NCKH_TapChi>
    <HoSoId>1685</HoSoId>
    <TapChi>Mathematical Techniques of Fractional Order Systems (Book)</TapChi>
    <SoXB>NA</SoXB>
    <NgayXB>2018-06-15T00:00:00</NgayXB>
    <ISSN>ISBN 978-0-12-813592-1</ISSN>
    <DOI>10.1016/B978-0-12-813592-1.00016-7</DOI>
  </NCKH_TapChi>
  <NCKH_TapChi>
    <HoSoId>1687</HoSoId>
    <TapChi>Nonlinear Dynamics in Computational Neuroscience (Book)</TapChi>
    <SoXB>NA</SoXB>
    <NgayXB>2018-06-20T00:00:00</NgayXB>
    <ISSN>Online ISBN 978-3-319-71048-8</ISSN>
    <DOI>10.1007/978-3-319-71048-8_8</DOI>
  </NCKH_TapChi>
  <NCKH_TapChi>
    <HoSoId>1704</HoSoId>
    <TapChi>Journal of Electromagnetic Waves and Applications</TapChi>
    <SoXB>32</SoXB>
    <NgayXB>2018-01-18T00:00:00</NgayXB>
    <ISSN>0920-5071</ISSN>
    <DOI>https://doi.org/10.1080/09205071.2018.1426501</DOI>
  </NCKH_TapChi>
  <NCKH_TapChi>
    <HoSoId>1712</HoSoId>
    <TapChi>Journal of Science and Technology</TapChi>
    <SoXB>120</SoXB>
    <NgayXB>2017-07-01T00:00:00</NgayXB>
    <ISSN>0868-3980</ISSN>
  </NCKH_TapChi>
  <NCKH_TapChi>
    <HoSoId>1737</HoSoId>
    <TapChi>IEEE Transactions on Circuits and Systems for Video Technology</TapChi>
    <SoXB>1</SoXB>
    <NgayXB>2018-06-26T00:00:00</NgayXB>
    <ISSN>1051-8215</ISSN>
    <DOI>10.1109/TCSVT.2018.2850740</DOI>
  </NCKH_TapChi>
  <NCKH_TapChi>
    <HoSoId>1741</HoSoId>
    <TapChi>IEICE Transactions on Communications</TapChi>
    <SoXB>2018</SoXB>
    <NgayXB>2018-06-01T00:00:00</NgayXB>
    <ISSN>0916-8516</ISSN>
    <DOI>https://doi.org/10.1587/transcom.2017EBP3478</DOI>
  </NCKH_TapChi>
  <NCKH_TapChi>
    <HoSoId>1743</HoSoId>
    <TapChi>IEICE Transactions on Information and Systems</TapChi>
    <SoXB>101(6)</SoXB>
    <NgayXB>2018-04-01T00:00:00</NgayXB>
    <ISSN>0916-8532</ISSN>
    <DOI>https://doi.org/10.1587/transinf.2017EDL8227</DOI>
  </NCKH_TapChi>
  <NCKH_TapChi>
    <HoSoId>1750</HoSoId>
    <TapChi>Signal Processing: Image Communication</TapChi>
    <SoXB>65</SoXB>
    <NgayXB>2018-06-01T00:00:00</NgayXB>
    <ISSN>0923-5965</ISSN>
    <DOI>https://doi.org/10.1016/j.image.2018.03.014</DOI>
  </NCKH_TapChi>
  <NCKH_TapChi>
    <HoSoId>1753</HoSoId>
    <TapChi>Wireless Personal Communications</TapChi>
    <SoXB>97(3)</SoXB>
    <NgayXB>2017-12-01T00:00:00</NgayXB>
    <ISSN>0929-6212</ISSN>
    <DOI>https://doi.org/10.1007/s11277-017-4756-4</DOI>
  </NCKH_TapChi>
  <NCKH_TapChi>
    <HoSoId>1755</HoSoId>
    <TapChi>IEICE TRANSACTIONS on Information and Systems</TapChi>
    <SoXB>101(1)</SoXB>
    <NgayXB>2017-10-16T00:00:00</NgayXB>
    <ISSN>0916-8532</ISSN>
    <DOI>10.1587/transinf.2017MUP0011</DOI>
  </NCKH_TapChi>
  <NCKH_TapChi>
    <HoSoId>1758</HoSoId>
    <TapChi>Khoa học công nghệ các trường ĐH kỹ thuật</TapChi>
    <SoXB>No.123  (2017)</SoXB>
    <NgayXB>2017-11-03T00:00:00</NgayXB>
    <ISSN>ISSN 2354-1083</ISSN>
  </NCKH_TapChi>
  <NCKH_TapChi>
    <HoSoId>1759</HoSoId>
    <TapChi>Khoa học công nghệ các trường ĐH kỹ thuật</TapChi>
    <SoXB>No.123  (2017)</SoXB>
    <NgayXB>2017-11-03T00:00:00</NgayXB>
    <ISSN>ISSN 2354-1083</ISSN>
  </NCKH_TapChi>
  <NCKH_TapChi>
    <HoSoId>1760</HoSoId>
    <TapChi>Khoa học công nghệ các trường ĐH kỹ thuật</TapChi>
    <SoXB>No.123  (2017)</SoXB>
    <NgayXB>2017-11-03T00:00:00</NgayXB>
    <ISSN>ISSN 2354-1083</ISSN>
  </NCKH_TapChi>
  <NCKH_TapChi>
    <HoSoId>1761</HoSoId>
    <TapChi>Khoa học công nghệ các trường ĐH kỹ thuật</TapChi>
    <SoXB>No.123  (2017)</SoXB>
    <NgayXB>2017-11-03T00:00:00</NgayXB>
    <ISSN>ISSN 2354-1083</ISSN>
  </NCKH_TapChi>
  <NCKH_TapChi>
    <HoSoId>1795</HoSoId>
    <TapChi>JCSCE</TapChi>
    <SoXB>Vol. 30, No. 1</SoXB>
    <NgayXB>2018-07-04T00:00:00</NgayXB>
    <ISSN>2588-1086</ISSN>
    <DOI>https://doi.org/10.25073/2588-1086/vnucsce.205</DOI>
  </NCKH_TapChi>
  <NCKH_TapChi>
    <HoSoId>1821</HoSoId>
    <TapChi>Tạp chí Nghiên cứu khoa học và Công nghệ Quân sự</TapChi>
    <SoXB>Số đặc san 12-2017</SoXB>
    <NgayXB>2017-12-01T00:00:00</NgayXB>
    <ISSN>1859-1043</ISSN>
  </NCKH_TapChi>
  <NCKH_TapChi>
    <HoSoId>1823</HoSoId>
    <TapChi>Tạp chí Nghiên cứu khoa học và Công nghệ Quân sự</TapChi>
    <SoXB>12-2017</SoXB>
    <NgayXB>2017-12-01T00:00:00</NgayXB>
    <ISSN>1859-1043</ISSN>
  </NCKH_TapChi>
  <NCKH_TapChi>
    <HoSoId>1825</HoSoId>
    <TapChi>Vietnam Journal of Science and Technology</TapChi>
    <SoXB>Volume 56, Number 1, 2018</SoXB>
    <NgayXB>2018-01-01T00:00:00</NgayXB>
    <ISSN>2525-2518</ISSN>
    <DOI>10.15625/2525-2518/55/5/9149</DOI>
  </NCKH_TapChi>
  <NCKH_TapChi>
    <HoSoId>1836</HoSoId>
    <TapChi>JP Journal of Head and Mass Transfer</TapChi>
    <SoXB>Special Volume, Issue I, Advances in Mechanical System and ICI-convergence</SoXB>
    <NgayXB>2018-06-01T00:00:00</NgayXB>
    <ISSN>0973-5763</ISSN>
    <DOI>http://dx.doi.org/10.17654/HMSI118047</DOI>
  </NCKH_TapChi>
  <NCKH_TapChi>
    <HoSoId>1842</HoSoId>
    <TapChi>Advances in Intelligent Systems and Computing</TapChi>
    <SoXB>672</SoXB>
    <NgayXB>2018-03-02T00:00:00</NgayXB>
    <ISSN>2194-5357</ISSN>
    <DOI>https://doi.org/10.1007/978-981-10-7512-4_19</DOI>
    <DeTaiId>659</DeTaiId>
  </NCKH_TapChi>
  <NCKH_TapChi>
    <HoSoId>1846</HoSoId>
    <TapChi>Journal of Communications</TapChi>
    <SoXB>Vol 13, No3</SoXB>
    <NgayXB>2018-03-27T00:00:00</NgayXB>
    <ISSN>1796-2021</ISSN>
  </NCKH_TapChi>
  <NCKH_TapChi>
    <HoSoId>1847</HoSoId>
    <TapChi>International Journal of Advances in Engineering and Technology</TapChi>
    <SoXB>Vol.10, Issue 4</SoXB>
    <NgayXB>2017-08-15T00:00:00</NgayXB>
    <ISSN>2231-1963</ISSN>
  </NCKH_TapChi>
  <NCKH_TapChi>
    <HoSoId>1848</HoSoId>
    <TapChi>Journal of Military Science and Technology</TapChi>
    <SoXB>Issue 50</SoXB>
    <NgayXB>2017-08-01T00:00:00</NgayXB>
    <ISSN>1859-1043</ISSN>
  </NCKH_TapChi>
  <NCKH_TapChi>
    <HoSoId>1849</HoSoId>
    <TapChi>International Journal of Microwave and Optical Technology</TapChi>
    <SoXB>Vol. 13, No 4</SoXB>
    <NgayXB>2018-07-16T00:00:00</NgayXB>
    <ISSN>1553-0396</ISSN>
  </NCKH_TapChi>
  <NCKH_TapChi>
    <HoSoId>1855</HoSoId>
    <TapChi>Tạp Chí khoa học và Công nghệ, ĐH Điện lực</TapChi>
    <SoXB>12</SoXB>
    <NgayXB>2017-05-31T00:00:00</NgayXB>
    <ISSN>1859-4557</ISSN>
  </NCKH_TapChi>
  <NCKH_TapChi>
    <HoSoId>1864</HoSoId>
    <TapChi>VNU Journal of Science: Computer Science and Communication Engineering</TapChi>
    <SoXB>Vol.33, No.1</SoXB>
    <NgayXB>2017-10-02T00:00:00</NgayXB>
    <ISSN>0866-8612</ISSN>
    <DOI>https://doi.org/10.25073/2588-1086/vnucsce.160</DOI>
  </NCKH_TapChi>
  <NCKH_TapChi>
    <HoSoId>1866</HoSoId>
    <TapChi>VNU Journal of Science</TapChi>
    <SoXB>No. 1 (33)</SoXB>
    <NgayXB>2017-10-02T00:00:00</NgayXB>
    <ISSN>2588-1086</ISSN>
  </NCKH_TapChi>
  <NCKH_TapChi>
    <HoSoId>1868</HoSoId>
    <TapChi>EPU Journal of Science and Technology for Energy</TapChi>
    <SoXB>No.12</SoXB>
    <NgayXB>2017-05-31T00:00:00</NgayXB>
    <ISSN>1859-4557</ISSN>
  </NCKH_TapChi>
  <NCKH_TapChi>
    <HoSoId>1869</HoSoId>
    <TapChi>MTA Journal of Science and Technique</TapChi>
    <SoXB>No.186</SoXB>
    <NgayXB>2017-10-01T00:00:00</NgayXB>
    <ISSN>1859-0209</ISSN>
  </NCKH_TapChi>
  <NCKH_TapChi>
    <HoSoId>1871</HoSoId>
    <TapChi>International Journal of Applied Engineering Research</TapChi>
    <SoXB>Volume 12, Number 16, pp:  5961-5965</SoXB>
    <NgayXB>2007-12-31T00:00:00</NgayXB>
    <ISSN>0973-4562</ISSN>
    <DOI>5961-5965</DOI>
  </NCKH_TapChi>
  <NCKH_TapChi>
    <HoSoId>1873</HoSoId>
    <TapChi>International Journal of Engineering and Technology Innovation</TapChi>
    <SoXB>Vol.7, No.1</SoXB>
    <NgayXB>2017-07-01T00:00:00</NgayXB>
    <ISSN>2223-5329</ISSN>
  </NCKH_TapChi>
  <NCKH_TapChi>
    <HoSoId>1875</HoSoId>
    <TapChi>Journal of Communications</TapChi>
    <SoXB>Vol.13</SoXB>
    <NgayXB>2018-08-01T00:00:00</NgayXB>
    <ISSN>1796-2021</ISSN>
  </NCKH_TapChi>
  <NCKH_TapChi>
    <HoSoId>1883</HoSoId>
    <TapChi>IEEE Transactions on Wireless Communications</TapChi>
    <SoXB>Volume: 17, Issue: 1, Jan. 2018</SoXB>
    <NgayXB>2017-10-20T00:00:00</NgayXB>
    <ISSN>1536-1276</ISSN>
    <DOI>10.1109/TWC.2017.2763953</DOI>
  </NCKH_TapChi>
  <NCKH_TapChi>
    <HoSoId>1890</HoSoId>
    <TapChi>Tạp chí khoa học - Chuyên san Khoa học Tự nhiên và Công nghệ- Đại học Quốc gia Hà Nội</TapChi>
    <SoXB>33 (thực đăng 15/3/2017)</SoXB>
    <NgayXB>2017-07-15T00:00:00</NgayXB>
    <ISSN>0866-8612</ISSN>
  </NCKH_TapChi>
  <NCKH_TapChi>
    <HoSoId>1892</HoSoId>
    <TapChi>Lecture Notes of the Institute for Computer Sciences, Social Informatics and Telecommunications Engineering book s</TapChi>
    <SoXB>Vol 221</SoXB>
    <NgayXB>2018-01-13T00:00:00</NgayXB>
    <ISSN>1867-8211</ISSN>
  </NCKH_TapChi>
  <NCKH_TapChi>
    <HoSoId>1894</HoSoId>
    <TapChi>Journal of Science and Technology Technical Universities</TapChi>
    <SoXB>128 (06/2018)</SoXB>
    <NgayXB>2018-06-15T00:00:00</NgayXB>
    <ISSN>chua biet</ISSN>
  </NCKH_TapChi>
  <NCKH_TapChi>
    <HoSoId>1896</HoSoId>
    <TapChi>Khoa học công nghệ các trường ĐH kỹ thuật</TapChi>
    <SoXB>No.123 (2017)</SoXB>
    <NgayXB>2017-11-03T00:00:00</NgayXB>
    <ISSN>2354-1083</ISSN>
  </NCKH_TapChi>
  <NCKH_TapChi>
    <HoSoId>1897</HoSoId>
    <TapChi>Khoa học công nghệ các trường ĐH kỹ thuật</TapChi>
    <SoXB>No.123 (2017)</SoXB>
    <NgayXB>2017-11-03T00:00:00</NgayXB>
    <ISSN>2354-1083</ISSN>
  </NCKH_TapChi>
  <NCKH_TapChi>
    <HoSoId>1903</HoSoId>
    <TapChi>Journal of Science and Technology Technical Universities</TapChi>
    <SoXB>128 (06/2018)</SoXB>
    <NgayXB>2018-06-15T00:00:00</NgayXB>
    <ISSN>2354-1083</ISSN>
  </NCKH_TapChi>
</data>