﻿<?xml version="1.0" encoding="utf-8"?>
<data>
  <NCKH_Luu>
    <HoSoId>20</HoSoId>
    <Nam>2015</Nam>
  </NCKH_Luu>
  <NCKH_Luu>
    <HoSoId>23</HoSoId>
    <Nam>2016</Nam>
  </NCKH_Luu>
  <NCKH_Luu>
    <HoSoId>26</HoSoId>
    <Nam>2016</Nam>
  </NCKH_Luu>
  <NCKH_Luu>
    <HoSoId>27</HoSoId>
    <Nam>2015</Nam>
  </NCKH_Luu>
  <NCKH_Luu>
    <HoSoId>34</HoSoId>
    <Nam>2016</Nam>
  </NCKH_Luu>
  <NCKH_Luu>
    <HoSoId>36</HoSoId>
    <Nam>2016</Nam>
  </NCKH_Luu>
  <NCKH_Luu>
    <HoSoId>38</HoSoId>
    <Nam>2015</Nam>
  </NCKH_Luu>
  <NCKH_Luu>
    <HoSoId>39</HoSoId>
    <Nam>2014</Nam>
  </NCKH_Luu>
  <NCKH_Luu>
    <HoSoId>45</HoSoId>
    <Nam>2016</Nam>
  </NCKH_Luu>
  <NCKH_Luu>
    <HoSoId>50</HoSoId>
    <Nam>2016</Nam>
  </NCKH_Luu>
  <NCKH_Luu>
    <HoSoId>53</HoSoId>
    <Nam>2016</Nam>
  </NCKH_Luu>
  <NCKH_Luu>
    <HoSoId>54</HoSoId>
    <Nam>2017</Nam>
  </NCKH_Luu>
  <NCKH_Luu>
    <HoSoId>55</HoSoId>
    <Nam>2016</Nam>
  </NCKH_Luu>
  <NCKH_Luu>
    <HoSoId>56</HoSoId>
    <Nam>2015</Nam>
  </NCKH_Luu>
  <NCKH_Luu>
    <HoSoId>57</HoSoId>
    <Nam>2015</Nam>
  </NCKH_Luu>
  <NCKH_Luu>
    <HoSoId>58</HoSoId>
    <Nam>2015</Nam>
  </NCKH_Luu>
  <NCKH_Luu>
    <HoSoId>59</HoSoId>
    <Nam>2015</Nam>
  </NCKH_Luu>
  <NCKH_Luu>
    <HoSoId>60</HoSoId>
    <Nam>2016</Nam>
  </NCKH_Luu>
  <NCKH_Luu>
    <HoSoId>61</HoSoId>
    <Nam>2012</Nam>
  </NCKH_Luu>
  <NCKH_Luu>
    <HoSoId>62</HoSoId>
    <Nam>2012</Nam>
  </NCKH_Luu>
  <NCKH_Luu>
    <HoSoId>64</HoSoId>
    <Nam>2015</Nam>
  </NCKH_Luu>
  <NCKH_Luu>
    <HoSoId>65</HoSoId>
    <Nam>2015</Nam>
  </NCKH_Luu>
  <NCKH_Luu>
    <HoSoId>67</HoSoId>
    <Nam>2016</Nam>
  </NCKH_Luu>
  <NCKH_Luu>
    <HoSoId>68</HoSoId>
    <Nam>2016</Nam>
  </NCKH_Luu>
  <NCKH_Luu>
    <HoSoId>69</HoSoId>
    <Nam>2016</Nam>
  </NCKH_Luu>
  <NCKH_Luu>
    <HoSoId>70</HoSoId>
    <Nam>2015</Nam>
  </NCKH_Luu>
  <NCKH_Luu>
    <HoSoId>74</HoSoId>
    <Nam>2016</Nam>
  </NCKH_Luu>
  <NCKH_Luu>
    <HoSoId>75</HoSoId>
    <Nam>2016</Nam>
  </NCKH_Luu>
  <NCKH_Luu>
    <HoSoId>83</HoSoId>
    <Nam>2015</Nam>
  </NCKH_Luu>
  <NCKH_Luu>
    <HoSoId>84</HoSoId>
    <Nam>2016</Nam>
  </NCKH_Luu>
  <NCKH_Luu>
    <HoSoId>86</HoSoId>
    <Nam>2016</Nam>
  </NCKH_Luu>
  <NCKH_Luu>
    <HoSoId>87</HoSoId>
    <Nam>2015</Nam>
  </NCKH_Luu>
  <NCKH_Luu>
    <HoSoId>88</HoSoId>
    <Nam>2016</Nam>
  </NCKH_Luu>
  <NCKH_Luu>
    <HoSoId>89</HoSoId>
    <Nam>2015</Nam>
  </NCKH_Luu>
  <NCKH_Luu>
    <HoSoId>106</HoSoId>
    <Nam>2015</Nam>
  </NCKH_Luu>
  <NCKH_Luu>
    <HoSoId>107</HoSoId>
    <Nam>2015</Nam>
  </NCKH_Luu>
  <NCKH_Luu>
    <HoSoId>108</HoSoId>
    <Nam>2015</Nam>
  </NCKH_Luu>
  <NCKH_Luu>
    <HoSoId>109</HoSoId>
    <Nam>2014</Nam>
  </NCKH_Luu>
  <NCKH_Luu>
    <HoSoId>120</HoSoId>
    <Nam>2016</Nam>
  </NCKH_Luu>
  <NCKH_Luu>
    <HoSoId>121</HoSoId>
    <Nam>2015</Nam>
  </NCKH_Luu>
  <NCKH_Luu>
    <HoSoId>124</HoSoId>
    <Nam>2016</Nam>
  </NCKH_Luu>
  <NCKH_Luu>
    <HoSoId>126</HoSoId>
    <Nam>2015</Nam>
  </NCKH_Luu>
  <NCKH_Luu>
    <HoSoId>127</HoSoId>
    <Nam>2016</Nam>
  </NCKH_Luu>
  <NCKH_Luu>
    <HoSoId>129</HoSoId>
    <Nam>2016</Nam>
  </NCKH_Luu>
  <NCKH_Luu>
    <HoSoId>138</HoSoId>
    <Nam>2016</Nam>
  </NCKH_Luu>
  <NCKH_Luu>
    <HoSoId>141</HoSoId>
    <Nam>2016</Nam>
  </NCKH_Luu>
  <NCKH_Luu>
    <HoSoId>142</HoSoId>
    <Nam>2015</Nam>
  </NCKH_Luu>
  <NCKH_Luu>
    <HoSoId>143</HoSoId>
    <Nam>2016</Nam>
  </NCKH_Luu>
  <NCKH_Luu>
    <HoSoId>148</HoSoId>
    <Nam>2016</Nam>
  </NCKH_Luu>
  <NCKH_Luu>
    <HoSoId>153</HoSoId>
    <Nam>2015</Nam>
  </NCKH_Luu>
  <NCKH_Luu>
    <HoSoId>156</HoSoId>
    <Nam>2016</Nam>
  </NCKH_Luu>
  <NCKH_Luu>
    <HoSoId>160</HoSoId>
    <Nam>2015</Nam>
  </NCKH_Luu>
  <NCKH_Luu>
    <HoSoId>161</HoSoId>
    <Nam>2015</Nam>
  </NCKH_Luu>
  <NCKH_Luu>
    <HoSoId>182</HoSoId>
    <Nam>2015</Nam>
  </NCKH_Luu>
  <NCKH_Luu>
    <HoSoId>183</HoSoId>
    <Nam>2015</Nam>
  </NCKH_Luu>
  <NCKH_Luu>
    <HoSoId>184</HoSoId>
    <Nam>2015</Nam>
  </NCKH_Luu>
  <NCKH_Luu>
    <HoSoId>185</HoSoId>
    <Nam>2015</Nam>
  </NCKH_Luu>
  <NCKH_Luu>
    <HoSoId>186</HoSoId>
    <Nam>2016</Nam>
  </NCKH_Luu>
  <NCKH_Luu>
    <HoSoId>187</HoSoId>
    <Nam>2016</Nam>
  </NCKH_Luu>
  <NCKH_Luu>
    <HoSoId>188</HoSoId>
    <Nam>2016</Nam>
  </NCKH_Luu>
  <NCKH_Luu>
    <HoSoId>189</HoSoId>
    <Nam>2016</Nam>
  </NCKH_Luu>
  <NCKH_Luu>
    <HoSoId>190</HoSoId>
    <Nam>2016</Nam>
  </NCKH_Luu>
  <NCKH_Luu>
    <HoSoId>191</HoSoId>
    <Nam>2016</Nam>
  </NCKH_Luu>
  <NCKH_Luu>
    <HoSoId>192</HoSoId>
    <Nam>2016</Nam>
  </NCKH_Luu>
  <NCKH_Luu>
    <HoSoId>194</HoSoId>
    <Nam>2016</Nam>
  </NCKH_Luu>
  <NCKH_Luu>
    <HoSoId>195</HoSoId>
    <Nam>2016</Nam>
  </NCKH_Luu>
  <NCKH_Luu>
    <HoSoId>196</HoSoId>
    <Nam>2016</Nam>
  </NCKH_Luu>
  <NCKH_Luu>
    <HoSoId>197</HoSoId>
    <Nam>2016</Nam>
  </NCKH_Luu>
  <NCKH_Luu>
    <HoSoId>198</HoSoId>
    <Nam>2016</Nam>
  </NCKH_Luu>
  <NCKH_Luu>
    <HoSoId>203</HoSoId>
    <Nam>2015</Nam>
  </NCKH_Luu>
  <NCKH_Luu>
    <HoSoId>211</HoSoId>
    <Nam>2015</Nam>
  </NCKH_Luu>
  <NCKH_Luu>
    <HoSoId>213</HoSoId>
    <Nam>2016</Nam>
  </NCKH_Luu>
  <NCKH_Luu>
    <HoSoId>214</HoSoId>
    <Nam>2016</Nam>
  </NCKH_Luu>
  <NCKH_Luu>
    <HoSoId>215</HoSoId>
    <Nam>2016</Nam>
  </NCKH_Luu>
  <NCKH_Luu>
    <HoSoId>216</HoSoId>
    <Nam>2016</Nam>
  </NCKH_Luu>
  <NCKH_Luu>
    <HoSoId>217</HoSoId>
    <Nam>2016</Nam>
  </NCKH_Luu>
  <NCKH_Luu>
    <HoSoId>218</HoSoId>
    <Nam>2016</Nam>
  </NCKH_Luu>
  <NCKH_Luu>
    <HoSoId>219</HoSoId>
    <Nam>2016</Nam>
  </NCKH_Luu>
  <NCKH_Luu>
    <HoSoId>220</HoSoId>
    <Nam>2015</Nam>
  </NCKH_Luu>
  <NCKH_Luu>
    <HoSoId>221</HoSoId>
    <Nam>2015</Nam>
  </NCKH_Luu>
  <NCKH_Luu>
    <HoSoId>231</HoSoId>
    <Nam>2016</Nam>
  </NCKH_Luu>
  <NCKH_Luu>
    <HoSoId>240</HoSoId>
    <Nam>2015</Nam>
  </NCKH_Luu>
  <NCKH_Luu>
    <HoSoId>241</HoSoId>
    <Nam>2015</Nam>
  </NCKH_Luu>
  <NCKH_Luu>
    <HoSoId>242</HoSoId>
    <Nam>2013</Nam>
  </NCKH_Luu>
  <NCKH_Luu>
    <HoSoId>243</HoSoId>
    <Nam>2013</Nam>
  </NCKH_Luu>
  <NCKH_Luu>
    <HoSoId>244</HoSoId>
    <Nam>2004</Nam>
  </NCKH_Luu>
  <NCKH_Luu>
    <HoSoId>245</HoSoId>
    <Nam>2007</Nam>
  </NCKH_Luu>
  <NCKH_Luu>
    <HoSoId>261</HoSoId>
    <Nam>2015</Nam>
  </NCKH_Luu>
  <NCKH_Luu>
    <HoSoId>266</HoSoId>
    <Nam>2015</Nam>
  </NCKH_Luu>
  <NCKH_Luu>
    <HoSoId>268</HoSoId>
    <Nam>2014</Nam>
  </NCKH_Luu>
  <NCKH_Luu>
    <HoSoId>269</HoSoId>
    <Nam>2014</Nam>
  </NCKH_Luu>
  <NCKH_Luu>
    <HoSoId>309</HoSoId>
    <Nam>2017</Nam>
  </NCKH_Luu>
  <NCKH_Luu>
    <HoSoId>312</HoSoId>
    <Nam>2017</Nam>
  </NCKH_Luu>
  <NCKH_Luu>
    <HoSoId>361</HoSoId>
    <Nam>2017</Nam>
  </NCKH_Luu>
  <NCKH_Luu>
    <HoSoId>408</HoSoId>
    <Nam>2016</Nam>
  </NCKH_Luu>
  <NCKH_Luu>
    <HoSoId>421</HoSoId>
    <Nam>2017</Nam>
  </NCKH_Luu>
  <NCKH_Luu>
    <HoSoId>449</HoSoId>
    <Nam>2016</Nam>
  </NCKH_Luu>
  <NCKH_Luu>
    <HoSoId>451</HoSoId>
    <Nam>2017</Nam>
  </NCKH_Luu>
  <NCKH_Luu>
    <HoSoId>453</HoSoId>
    <Nam>2017</Nam>
  </NCKH_Luu>
  <NCKH_Luu>
    <HoSoId>455</HoSoId>
    <Nam>2017</Nam>
  </NCKH_Luu>
  <NCKH_Luu>
    <HoSoId>465</HoSoId>
    <Nam>2016</Nam>
  </NCKH_Luu>
  <NCKH_Luu>
    <HoSoId>470</HoSoId>
    <Nam>2017</Nam>
  </NCKH_Luu>
  <NCKH_Luu>
    <HoSoId>472</HoSoId>
    <Nam>2017</Nam>
  </NCKH_Luu>
  <NCKH_Luu>
    <HoSoId>474</HoSoId>
    <Nam>2017</Nam>
  </NCKH_Luu>
  <NCKH_Luu>
    <HoSoId>476</HoSoId>
    <Nam>2016</Nam>
  </NCKH_Luu>
  <NCKH_Luu>
    <HoSoId>533</HoSoId>
    <Nam>2014</Nam>
  </NCKH_Luu>
  <NCKH_Luu>
    <HoSoId>538</HoSoId>
    <Nam>2016</Nam>
  </NCKH_Luu>
  <NCKH_Luu>
    <HoSoId>539</HoSoId>
    <Nam>2016</Nam>
  </NCKH_Luu>
  <NCKH_Luu>
    <HoSoId>551</HoSoId>
    <Nam>2017</Nam>
  </NCKH_Luu>
  <NCKH_Luu>
    <HoSoId>555</HoSoId>
    <Nam>2017</Nam>
  </NCKH_Luu>
  <NCKH_Luu>
    <HoSoId>593</HoSoId>
    <Nam>2016</Nam>
  </NCKH_Luu>
  <NCKH_Luu>
    <HoSoId>598</HoSoId>
    <Nam>2016</Nam>
  </NCKH_Luu>
  <NCKH_Luu>
    <HoSoId>602</HoSoId>
    <Nam>2016</Nam>
  </NCKH_Luu>
  <NCKH_Luu>
    <HoSoId>619</HoSoId>
    <Nam>2016</Nam>
  </NCKH_Luu>
  <NCKH_Luu>
    <HoSoId>633</HoSoId>
    <Nam>2017</Nam>
  </NCKH_Luu>
  <NCKH_Luu>
    <HoSoId>646</HoSoId>
    <Nam>2016</Nam>
  </NCKH_Luu>
  <NCKH_Luu>
    <HoSoId>648</HoSoId>
    <Nam>2017</Nam>
  </NCKH_Luu>
  <NCKH_Luu>
    <HoSoId>652</HoSoId>
    <Nam>2016</Nam>
  </NCKH_Luu>
  <NCKH_Luu>
    <HoSoId>660</HoSoId>
    <Nam>2017</Nam>
  </NCKH_Luu>
  <NCKH_Luu>
    <HoSoId>663</HoSoId>
    <Nam>2017</Nam>
  </NCKH_Luu>
  <NCKH_Luu>
    <HoSoId>677</HoSoId>
    <Nam>2017</Nam>
  </NCKH_Luu>
  <NCKH_Luu>
    <HoSoId>680</HoSoId>
    <Nam>2016</Nam>
  </NCKH_Luu>
  <NCKH_Luu>
    <HoSoId>684</HoSoId>
    <Nam>2014</Nam>
  </NCKH_Luu>
  <NCKH_Luu>
    <HoSoId>694</HoSoId>
    <Nam>2013</Nam>
  </NCKH_Luu>
  <NCKH_Luu>
    <HoSoId>708</HoSoId>
    <Nam>2016</Nam>
  </NCKH_Luu>
  <NCKH_Luu>
    <HoSoId>716</HoSoId>
    <Nam>2016</Nam>
  </NCKH_Luu>
  <NCKH_Luu>
    <HoSoId>720</HoSoId>
    <Nam>2013</Nam>
  </NCKH_Luu>
  <NCKH_Luu>
    <HoSoId>722</HoSoId>
    <Nam>2015</Nam>
  </NCKH_Luu>
  <NCKH_Luu>
    <HoSoId>724</HoSoId>
    <Nam>2013</Nam>
  </NCKH_Luu>
  <NCKH_Luu>
    <HoSoId>726</HoSoId>
    <Nam>2012</Nam>
  </NCKH_Luu>
  <NCKH_Luu>
    <HoSoId>732</HoSoId>
    <Nam>2017</Nam>
  </NCKH_Luu>
  <NCKH_Luu>
    <HoSoId>735</HoSoId>
    <Nam>2016</Nam>
  </NCKH_Luu>
  <NCKH_Luu>
    <HoSoId>740</HoSoId>
    <Nam>2016</Nam>
  </NCKH_Luu>
  <NCKH_Luu>
    <HoSoId>749</HoSoId>
    <Nam>2016</Nam>
  </NCKH_Luu>
  <NCKH_Luu>
    <HoSoId>751</HoSoId>
    <Nam>2016</Nam>
  </NCKH_Luu>
  <NCKH_Luu>
    <HoSoId>766</HoSoId>
    <Nam>2016</Nam>
  </NCKH_Luu>
  <NCKH_Luu>
    <HoSoId>768</HoSoId>
    <Nam>2016</Nam>
  </NCKH_Luu>
  <NCKH_Luu>
    <HoSoId>770</HoSoId>
    <Nam>2016</Nam>
  </NCKH_Luu>
  <NCKH_Luu>
    <HoSoId>772</HoSoId>
    <Nam>2016</Nam>
  </NCKH_Luu>
  <NCKH_Luu>
    <HoSoId>774</HoSoId>
    <Nam>2016</Nam>
  </NCKH_Luu>
  <NCKH_Luu>
    <HoSoId>776</HoSoId>
    <Nam>2016</Nam>
  </NCKH_Luu>
  <NCKH_Luu>
    <HoSoId>778</HoSoId>
    <Nam>2016</Nam>
  </NCKH_Luu>
  <NCKH_Luu>
    <HoSoId>780</HoSoId>
    <Nam>2016</Nam>
  </NCKH_Luu>
  <NCKH_Luu>
    <HoSoId>782</HoSoId>
    <Nam>2016</Nam>
  </NCKH_Luu>
  <NCKH_Luu>
    <HoSoId>784</HoSoId>
    <Nam>2016</Nam>
  </NCKH_Luu>
  <NCKH_Luu>
    <HoSoId>786</HoSoId>
    <Nam>2016</Nam>
  </NCKH_Luu>
  <NCKH_Luu>
    <HoSoId>788</HoSoId>
    <Nam>2016</Nam>
  </NCKH_Luu>
  <NCKH_Luu>
    <HoSoId>790</HoSoId>
    <Nam>2016</Nam>
  </NCKH_Luu>
  <NCKH_Luu>
    <HoSoId>792</HoSoId>
    <Nam>2016</Nam>
  </NCKH_Luu>
  <NCKH_Luu>
    <HoSoId>794</HoSoId>
    <Nam>2017</Nam>
  </NCKH_Luu>
  <NCKH_Luu>
    <HoSoId>796</HoSoId>
    <Nam>2017</Nam>
  </NCKH_Luu>
  <NCKH_Luu>
    <HoSoId>798</HoSoId>
    <Nam>2017</Nam>
  </NCKH_Luu>
  <NCKH_Luu>
    <HoSoId>800</HoSoId>
    <Nam>2017</Nam>
  </NCKH_Luu>
  <NCKH_Luu>
    <HoSoId>802</HoSoId>
    <Nam>2017</Nam>
  </NCKH_Luu>
  <NCKH_Luu>
    <HoSoId>804</HoSoId>
    <Nam>2017</Nam>
  </NCKH_Luu>
  <NCKH_Luu>
    <HoSoId>806</HoSoId>
    <Nam>2017</Nam>
  </NCKH_Luu>
  <NCKH_Luu>
    <HoSoId>808</HoSoId>
    <Nam>2017</Nam>
  </NCKH_Luu>
  <NCKH_Luu>
    <HoSoId>810</HoSoId>
    <Nam>2017</Nam>
  </NCKH_Luu>
  <NCKH_Luu>
    <HoSoId>812</HoSoId>
    <Nam>2017</Nam>
  </NCKH_Luu>
  <NCKH_Luu>
    <HoSoId>814</HoSoId>
    <Nam>2017</Nam>
  </NCKH_Luu>
  <NCKH_Luu>
    <HoSoId>816</HoSoId>
    <Nam>2017</Nam>
  </NCKH_Luu>
  <NCKH_Luu>
    <HoSoId>820</HoSoId>
    <Nam>2017</Nam>
  </NCKH_Luu>
  <NCKH_Luu>
    <HoSoId>822</HoSoId>
    <Nam>2017</Nam>
  </NCKH_Luu>
  <NCKH_Luu>
    <HoSoId>841</HoSoId>
    <Nam>2017</Nam>
  </NCKH_Luu>
  <NCKH_Luu>
    <HoSoId>857</HoSoId>
    <Nam>2016</Nam>
  </NCKH_Luu>
  <NCKH_Luu>
    <HoSoId>883</HoSoId>
    <Nam>2016</Nam>
  </NCKH_Luu>
  <NCKH_Luu>
    <HoSoId>885</HoSoId>
    <Nam>2016</Nam>
  </NCKH_Luu>
  <NCKH_Luu>
    <HoSoId>887</HoSoId>
    <Nam>2017</Nam>
  </NCKH_Luu>
  <NCKH_Luu>
    <HoSoId>904</HoSoId>
    <Nam>2017</Nam>
  </NCKH_Luu>
  <NCKH_Luu>
    <HoSoId>927</HoSoId>
    <Nam>2016</Nam>
  </NCKH_Luu>
  <NCKH_Luu>
    <HoSoId>929</HoSoId>
    <Nam>2017</Nam>
  </NCKH_Luu>
  <NCKH_Luu>
    <HoSoId>931</HoSoId>
    <Nam>2017</Nam>
  </NCKH_Luu>
  <NCKH_Luu>
    <HoSoId>933</HoSoId>
    <Nam>2017</Nam>
  </NCKH_Luu>
  <NCKH_Luu>
    <HoSoId>935</HoSoId>
    <Nam>2017</Nam>
  </NCKH_Luu>
  <NCKH_Luu>
    <HoSoId>937</HoSoId>
    <Nam>2017</Nam>
  </NCKH_Luu>
  <NCKH_Luu>
    <HoSoId>939</HoSoId>
    <Nam>2017</Nam>
  </NCKH_Luu>
  <NCKH_Luu>
    <HoSoId>941</HoSoId>
    <Nam>2017</Nam>
  </NCKH_Luu>
  <NCKH_Luu>
    <HoSoId>943</HoSoId>
    <Nam>2017</Nam>
  </NCKH_Luu>
  <NCKH_Luu>
    <HoSoId>945</HoSoId>
    <Nam>2017</Nam>
  </NCKH_Luu>
  <NCKH_Luu>
    <HoSoId>947</HoSoId>
    <Nam>2017</Nam>
  </NCKH_Luu>
  <NCKH_Luu>
    <HoSoId>948</HoSoId>
    <Nam>2016</Nam>
  </NCKH_Luu>
  <NCKH_Luu>
    <HoSoId>949</HoSoId>
    <Nam>2017</Nam>
  </NCKH_Luu>
  <NCKH_Luu>
    <HoSoId>953</HoSoId>
    <Nam>2016</Nam>
  </NCKH_Luu>
  <NCKH_Luu>
    <HoSoId>978</HoSoId>
    <Nam>2016</Nam>
  </NCKH_Luu>
  <NCKH_Luu>
    <HoSoId>980</HoSoId>
    <Nam>2017</Nam>
  </NCKH_Luu>
  <NCKH_Luu>
    <HoSoId>1031</HoSoId>
    <Nam>2016</Nam>
  </NCKH_Luu>
  <NCKH_Luu>
    <HoSoId>1033</HoSoId>
    <Nam>2017</Nam>
  </NCKH_Luu>
  <NCKH_Luu>
    <HoSoId>1040</HoSoId>
    <Nam>2016</Nam>
  </NCKH_Luu>
  <NCKH_Luu>
    <HoSoId>1050</HoSoId>
    <Nam>2017</Nam>
  </NCKH_Luu>
  <NCKH_Luu>
    <HoSoId>1064</HoSoId>
    <Nam>2017</Nam>
  </NCKH_Luu>
  <NCKH_Luu>
    <HoSoId>1066</HoSoId>
    <Nam>2017</Nam>
  </NCKH_Luu>
  <NCKH_Luu>
    <HoSoId>1068</HoSoId>
    <Nam>2017</Nam>
  </NCKH_Luu>
  <NCKH_Luu>
    <HoSoId>1077</HoSoId>
    <Nam>2017</Nam>
  </NCKH_Luu>
  <NCKH_Luu>
    <HoSoId>1079</HoSoId>
    <Nam>2016</Nam>
  </NCKH_Luu>
  <NCKH_Luu>
    <HoSoId>1081</HoSoId>
    <Nam>2016</Nam>
  </NCKH_Luu>
  <NCKH_Luu>
    <HoSoId>1083</HoSoId>
    <Nam>2016</Nam>
  </NCKH_Luu>
  <NCKH_Luu>
    <HoSoId>1085</HoSoId>
    <Nam>2016</Nam>
  </NCKH_Luu>
  <NCKH_Luu>
    <HoSoId>1122</HoSoId>
    <Nam>2017</Nam>
  </NCKH_Luu>
  <NCKH_Luu>
    <HoSoId>1126</HoSoId>
    <Nam>2017</Nam>
  </NCKH_Luu>
  <NCKH_Luu>
    <HoSoId>1128</HoSoId>
    <Nam>2016</Nam>
  </NCKH_Luu>
  <NCKH_Luu>
    <HoSoId>1132</HoSoId>
    <Nam>2017</Nam>
  </NCKH_Luu>
  <NCKH_Luu>
    <HoSoId>1142</HoSoId>
    <Nam>2017</Nam>
  </NCKH_Luu>
  <NCKH_Luu>
    <HoSoId>1144</HoSoId>
    <Nam>2017</Nam>
  </NCKH_Luu>
  <NCKH_Luu>
    <HoSoId>1146</HoSoId>
    <Nam>2017</Nam>
  </NCKH_Luu>
  <NCKH_Luu>
    <HoSoId>1153</HoSoId>
    <Nam>2017</Nam>
  </NCKH_Luu>
  <NCKH_Luu>
    <HoSoId>1176</HoSoId>
    <Nam>2016</Nam>
  </NCKH_Luu>
  <NCKH_Luu>
    <HoSoId>1184</HoSoId>
    <Nam>2016</Nam>
  </NCKH_Luu>
  <NCKH_Luu>
    <HoSoId>1186</HoSoId>
    <Nam>2016</Nam>
  </NCKH_Luu>
  <NCKH_Luu>
    <HoSoId>1188</HoSoId>
    <Nam>2017</Nam>
  </NCKH_Luu>
  <NCKH_Luu>
    <HoSoId>1198</HoSoId>
    <Nam>2016</Nam>
  </NCKH_Luu>
  <NCKH_Luu>
    <HoSoId>1855</HoSoId>
    <Nam>2017</Nam>
  </NCKH_Luu>
  <NCKH_Luu>
    <HoSoId>1868</HoSoId>
    <Nam>2017</Nam>
  </NCKH_Luu>
  <NCKH_Luu>
    <HoSoId>1871</HoSoId>
    <Nam>2007</Nam>
  </NCKH_Luu>
  <NCKH_Luu>
    <HoSoId>25</HoSoId>
    <Nam>2016</Nam>
  </NCKH_Luu>
  <NCKH_Luu>
    <HoSoId>29</HoSoId>
    <Nam>2015</Nam>
  </NCKH_Luu>
  <NCKH_Luu>
    <HoSoId>35</HoSoId>
    <Nam>2015</Nam>
  </NCKH_Luu>
  <NCKH_Luu>
    <HoSoId>42</HoSoId>
    <Nam>2015</Nam>
  </NCKH_Luu>
  <NCKH_Luu>
    <HoSoId>43</HoSoId>
    <Nam>2015</Nam>
  </NCKH_Luu>
  <NCKH_Luu>
    <HoSoId>44</HoSoId>
    <Nam>2015</Nam>
  </NCKH_Luu>
  <NCKH_Luu>
    <HoSoId>48</HoSoId>
    <Nam>2015</Nam>
  </NCKH_Luu>
  <NCKH_Luu>
    <HoSoId>49</HoSoId>
    <Nam>2015</Nam>
  </NCKH_Luu>
  <NCKH_Luu>
    <HoSoId>51</HoSoId>
    <Nam>2015</Nam>
  </NCKH_Luu>
  <NCKH_Luu>
    <HoSoId>52</HoSoId>
    <Nam>2015</Nam>
  </NCKH_Luu>
  <NCKH_Luu>
    <HoSoId>63</HoSoId>
    <Nam>2015</Nam>
  </NCKH_Luu>
  <NCKH_Luu>
    <HoSoId>71</HoSoId>
    <Nam>2015</Nam>
  </NCKH_Luu>
  <NCKH_Luu>
    <HoSoId>72</HoSoId>
    <Nam>2016</Nam>
  </NCKH_Luu>
  <NCKH_Luu>
    <HoSoId>81</HoSoId>
    <Nam>2015</Nam>
  </NCKH_Luu>
  <NCKH_Luu>
    <HoSoId>91</HoSoId>
    <Nam>2016</Nam>
  </NCKH_Luu>
  <NCKH_Luu>
    <HoSoId>92</HoSoId>
    <Nam>2016</Nam>
  </NCKH_Luu>
  <NCKH_Luu>
    <HoSoId>93</HoSoId>
    <Nam>2015</Nam>
  </NCKH_Luu>
  <NCKH_Luu>
    <HoSoId>94</HoSoId>
    <Nam>2015</Nam>
  </NCKH_Luu>
  <NCKH_Luu>
    <HoSoId>95</HoSoId>
    <Nam>2015</Nam>
  </NCKH_Luu>
  <NCKH_Luu>
    <HoSoId>96</HoSoId>
    <Nam>2015</Nam>
  </NCKH_Luu>
  <NCKH_Luu>
    <HoSoId>97</HoSoId>
    <Nam>2015</Nam>
  </NCKH_Luu>
  <NCKH_Luu>
    <HoSoId>98</HoSoId>
    <Nam>2015</Nam>
  </NCKH_Luu>
  <NCKH_Luu>
    <HoSoId>99</HoSoId>
    <Nam>2015</Nam>
  </NCKH_Luu>
  <NCKH_Luu>
    <HoSoId>100</HoSoId>
    <Nam>2015</Nam>
  </NCKH_Luu>
  <NCKH_Luu>
    <HoSoId>102</HoSoId>
    <Nam>2015</Nam>
  </NCKH_Luu>
  <NCKH_Luu>
    <HoSoId>103</HoSoId>
    <Nam>2015</Nam>
  </NCKH_Luu>
  <NCKH_Luu>
    <HoSoId>112</HoSoId>
    <Nam>2016</Nam>
  </NCKH_Luu>
  <NCKH_Luu>
    <HoSoId>119</HoSoId>
    <Nam>2016</Nam>
  </NCKH_Luu>
  <NCKH_Luu>
    <HoSoId>125</HoSoId>
    <Nam>2016</Nam>
  </NCKH_Luu>
  <NCKH_Luu>
    <HoSoId>130</HoSoId>
    <Nam>2016</Nam>
  </NCKH_Luu>
  <NCKH_Luu>
    <HoSoId>131</HoSoId>
    <Nam>2016</Nam>
  </NCKH_Luu>
  <NCKH_Luu>
    <HoSoId>132</HoSoId>
    <Nam>2015</Nam>
  </NCKH_Luu>
  <NCKH_Luu>
    <HoSoId>133</HoSoId>
    <Nam>2015</Nam>
  </NCKH_Luu>
  <NCKH_Luu>
    <HoSoId>135</HoSoId>
    <Nam>2016</Nam>
  </NCKH_Luu>
  <NCKH_Luu>
    <HoSoId>136</HoSoId>
    <Nam>2015</Nam>
  </NCKH_Luu>
  <NCKH_Luu>
    <HoSoId>137</HoSoId>
    <Nam>2015</Nam>
  </NCKH_Luu>
  <NCKH_Luu>
    <HoSoId>140</HoSoId>
    <Nam>2015</Nam>
  </NCKH_Luu>
  <NCKH_Luu>
    <HoSoId>145</HoSoId>
    <Nam>2016</Nam>
  </NCKH_Luu>
  <NCKH_Luu>
    <HoSoId>146</HoSoId>
    <Nam>2016</Nam>
  </NCKH_Luu>
  <NCKH_Luu>
    <HoSoId>149</HoSoId>
    <Nam>2015</Nam>
  </NCKH_Luu>
  <NCKH_Luu>
    <HoSoId>151</HoSoId>
    <Nam>2015</Nam>
  </NCKH_Luu>
  <NCKH_Luu>
    <HoSoId>154</HoSoId>
    <Nam>2015</Nam>
  </NCKH_Luu>
  <NCKH_Luu>
    <HoSoId>157</HoSoId>
    <Nam>2016</Nam>
  </NCKH_Luu>
  <NCKH_Luu>
    <HoSoId>158</HoSoId>
    <Nam>2015</Nam>
  </NCKH_Luu>
  <NCKH_Luu>
    <HoSoId>159</HoSoId>
    <Nam>2016</Nam>
  </NCKH_Luu>
  <NCKH_Luu>
    <HoSoId>201</HoSoId>
    <Nam>2016</Nam>
  </NCKH_Luu>
  <NCKH_Luu>
    <HoSoId>202</HoSoId>
    <Nam>2016</Nam>
  </NCKH_Luu>
  <NCKH_Luu>
    <HoSoId>209</HoSoId>
    <Nam>2016</Nam>
  </NCKH_Luu>
  <NCKH_Luu>
    <HoSoId>225</HoSoId>
    <Nam>2016</Nam>
  </NCKH_Luu>
  <NCKH_Luu>
    <HoSoId>228</HoSoId>
    <Nam>2015</Nam>
  </NCKH_Luu>
  <NCKH_Luu>
    <HoSoId>229</HoSoId>
    <Nam>2015</Nam>
  </NCKH_Luu>
  <NCKH_Luu>
    <HoSoId>230</HoSoId>
    <Nam>2015</Nam>
  </NCKH_Luu>
  <NCKH_Luu>
    <HoSoId>232</HoSoId>
    <Nam>2015</Nam>
  </NCKH_Luu>
  <NCKH_Luu>
    <HoSoId>234</HoSoId>
    <Nam>2015</Nam>
  </NCKH_Luu>
  <NCKH_Luu>
    <HoSoId>247</HoSoId>
    <Nam>2016</Nam>
  </NCKH_Luu>
  <NCKH_Luu>
    <HoSoId>248</HoSoId>
    <Nam>2016</Nam>
  </NCKH_Luu>
  <NCKH_Luu>
    <HoSoId>249</HoSoId>
    <Nam>2014</Nam>
  </NCKH_Luu>
  <NCKH_Luu>
    <HoSoId>250</HoSoId>
    <Nam>2014</Nam>
  </NCKH_Luu>
  <NCKH_Luu>
    <HoSoId>251</HoSoId>
    <Nam>2006</Nam>
  </NCKH_Luu>
  <NCKH_Luu>
    <HoSoId>252</HoSoId>
    <Nam>2013</Nam>
  </NCKH_Luu>
  <NCKH_Luu>
    <HoSoId>256</HoSoId>
    <Nam>2015</Nam>
  </NCKH_Luu>
  <NCKH_Luu>
    <HoSoId>257</HoSoId>
    <Nam>2015</Nam>
  </NCKH_Luu>
  <NCKH_Luu>
    <HoSoId>258</HoSoId>
    <Nam>2015</Nam>
  </NCKH_Luu>
  <NCKH_Luu>
    <HoSoId>262</HoSoId>
    <Nam>2014</Nam>
  </NCKH_Luu>
  <NCKH_Luu>
    <HoSoId>263</HoSoId>
    <Nam>2015</Nam>
  </NCKH_Luu>
  <NCKH_Luu>
    <HoSoId>277</HoSoId>
    <Nam>2016</Nam>
  </NCKH_Luu>
  <NCKH_Luu>
    <HoSoId>311</HoSoId>
    <Nam>2016</Nam>
  </NCKH_Luu>
  <NCKH_Luu>
    <HoSoId>338</HoSoId>
    <Nam>2016</Nam>
  </NCKH_Luu>
  <NCKH_Luu>
    <HoSoId>340</HoSoId>
    <Nam>2016</Nam>
  </NCKH_Luu>
  <NCKH_Luu>
    <HoSoId>376</HoSoId>
    <Nam>2016</Nam>
  </NCKH_Luu>
  <NCKH_Luu>
    <HoSoId>382</HoSoId>
    <Nam>2016</Nam>
  </NCKH_Luu>
  <NCKH_Luu>
    <HoSoId>424</HoSoId>
    <Nam>2016</Nam>
  </NCKH_Luu>
  <NCKH_Luu>
    <HoSoId>430</HoSoId>
    <Nam>2016</Nam>
  </NCKH_Luu>
  <NCKH_Luu>
    <HoSoId>433</HoSoId>
    <Nam>2016</Nam>
  </NCKH_Luu>
  <NCKH_Luu>
    <HoSoId>442</HoSoId>
    <Nam>2016</Nam>
  </NCKH_Luu>
  <NCKH_Luu>
    <HoSoId>447</HoSoId>
    <Nam>2016</Nam>
  </NCKH_Luu>
  <NCKH_Luu>
    <HoSoId>468</HoSoId>
    <Nam>2017</Nam>
  </NCKH_Luu>
  <NCKH_Luu>
    <HoSoId>479</HoSoId>
    <Nam>2016</Nam>
  </NCKH_Luu>
  <NCKH_Luu>
    <HoSoId>482</HoSoId>
    <Nam>2016</Nam>
  </NCKH_Luu>
  <NCKH_Luu>
    <HoSoId>485</HoSoId>
    <Nam>2016</Nam>
  </NCKH_Luu>
  <NCKH_Luu>
    <HoSoId>488</HoSoId>
    <Nam>2016</Nam>
  </NCKH_Luu>
  <NCKH_Luu>
    <HoSoId>493</HoSoId>
    <Nam>2016</Nam>
  </NCKH_Luu>
  <NCKH_Luu>
    <HoSoId>496</HoSoId>
    <Nam>2016</Nam>
  </NCKH_Luu>
  <NCKH_Luu>
    <HoSoId>499</HoSoId>
    <Nam>2016</Nam>
  </NCKH_Luu>
  <NCKH_Luu>
    <HoSoId>502</HoSoId>
    <Nam>2016</Nam>
  </NCKH_Luu>
  <NCKH_Luu>
    <HoSoId>505</HoSoId>
    <Nam>2016</Nam>
  </NCKH_Luu>
  <NCKH_Luu>
    <HoSoId>508</HoSoId>
    <Nam>2016</Nam>
  </NCKH_Luu>
  <NCKH_Luu>
    <HoSoId>525</HoSoId>
    <Nam>2016</Nam>
  </NCKH_Luu>
  <NCKH_Luu>
    <HoSoId>526</HoSoId>
    <Nam>2014</Nam>
  </NCKH_Luu>
  <NCKH_Luu>
    <HoSoId>529</HoSoId>
    <Nam>2015</Nam>
  </NCKH_Luu>
  <NCKH_Luu>
    <HoSoId>542</HoSoId>
    <Nam>2016</Nam>
  </NCKH_Luu>
  <NCKH_Luu>
    <HoSoId>547</HoSoId>
    <Nam>2016</Nam>
  </NCKH_Luu>
  <NCKH_Luu>
    <HoSoId>548</HoSoId>
    <Nam>2016</Nam>
  </NCKH_Luu>
  <NCKH_Luu>
    <HoSoId>552</HoSoId>
    <Nam>2016</Nam>
  </NCKH_Luu>
  <NCKH_Luu>
    <HoSoId>570</HoSoId>
    <Nam>2016</Nam>
  </NCKH_Luu>
  <NCKH_Luu>
    <HoSoId>588</HoSoId>
    <Nam>2016</Nam>
  </NCKH_Luu>
  <NCKH_Luu>
    <HoSoId>605</HoSoId>
    <Nam>2016</Nam>
  </NCKH_Luu>
  <NCKH_Luu>
    <HoSoId>608</HoSoId>
    <Nam>2016</Nam>
  </NCKH_Luu>
  <NCKH_Luu>
    <HoSoId>612</HoSoId>
    <Nam>2016</Nam>
  </NCKH_Luu>
  <NCKH_Luu>
    <HoSoId>617</HoSoId>
    <Nam>2016</Nam>
  </NCKH_Luu>
  <NCKH_Luu>
    <HoSoId>625</HoSoId>
    <Nam>2016</Nam>
  </NCKH_Luu>
  <NCKH_Luu>
    <HoSoId>628</HoSoId>
    <Nam>2016</Nam>
  </NCKH_Luu>
  <NCKH_Luu>
    <HoSoId>631</HoSoId>
    <Nam>2016</Nam>
  </NCKH_Luu>
  <NCKH_Luu>
    <HoSoId>636</HoSoId>
    <Nam>2016</Nam>
  </NCKH_Luu>
  <NCKH_Luu>
    <HoSoId>644</HoSoId>
    <Nam>2016</Nam>
  </NCKH_Luu>
  <NCKH_Luu>
    <HoSoId>655</HoSoId>
    <Nam>2016</Nam>
  </NCKH_Luu>
  <NCKH_Luu>
    <HoSoId>670</HoSoId>
    <Nam>2016</Nam>
  </NCKH_Luu>
  <NCKH_Luu>
    <HoSoId>687</HoSoId>
    <Nam>2014</Nam>
  </NCKH_Luu>
  <NCKH_Luu>
    <HoSoId>690</HoSoId>
    <Nam>2014</Nam>
  </NCKH_Luu>
  <NCKH_Luu>
    <HoSoId>697</HoSoId>
    <Nam>2013</Nam>
  </NCKH_Luu>
  <NCKH_Luu>
    <HoSoId>700</HoSoId>
    <Nam>2012</Nam>
  </NCKH_Luu>
  <NCKH_Luu>
    <HoSoId>703</HoSoId>
    <Nam>2012</Nam>
  </NCKH_Luu>
  <NCKH_Luu>
    <HoSoId>706</HoSoId>
    <Nam>2016</Nam>
  </NCKH_Luu>
  <NCKH_Luu>
    <HoSoId>730</HoSoId>
    <Nam>2017</Nam>
  </NCKH_Luu>
  <NCKH_Luu>
    <HoSoId>764</HoSoId>
    <Nam>2017</Nam>
  </NCKH_Luu>
  <NCKH_Luu>
    <HoSoId>849</HoSoId>
    <Nam>2016</Nam>
  </NCKH_Luu>
  <NCKH_Luu>
    <HoSoId>852</HoSoId>
    <Nam>2017</Nam>
  </NCKH_Luu>
  <NCKH_Luu>
    <HoSoId>860</HoSoId>
    <Nam>2016</Nam>
  </NCKH_Luu>
  <NCKH_Luu>
    <HoSoId>872</HoSoId>
    <Nam>2016</Nam>
  </NCKH_Luu>
  <NCKH_Luu>
    <HoSoId>875</HoSoId>
    <Nam>2016</Nam>
  </NCKH_Luu>
  <NCKH_Luu>
    <HoSoId>878</HoSoId>
    <Nam>2016</Nam>
  </NCKH_Luu>
  <NCKH_Luu>
    <HoSoId>881</HoSoId>
    <Nam>2016</Nam>
  </NCKH_Luu>
  <NCKH_Luu>
    <HoSoId>890</HoSoId>
    <Nam>2016</Nam>
  </NCKH_Luu>
  <NCKH_Luu>
    <HoSoId>893</HoSoId>
    <Nam>2017</Nam>
  </NCKH_Luu>
  <NCKH_Luu>
    <HoSoId>896</HoSoId>
    <Nam>2017</Nam>
  </NCKH_Luu>
  <NCKH_Luu>
    <HoSoId>899</HoSoId>
    <Nam>2017</Nam>
  </NCKH_Luu>
  <NCKH_Luu>
    <HoSoId>902</HoSoId>
    <Nam>2017</Nam>
  </NCKH_Luu>
  <NCKH_Luu>
    <HoSoId>969</HoSoId>
    <Nam>2017</Nam>
  </NCKH_Luu>
  <NCKH_Luu>
    <HoSoId>975</HoSoId>
    <Nam>2017</Nam>
  </NCKH_Luu>
  <NCKH_Luu>
    <HoSoId>986</HoSoId>
    <Nam>2016</Nam>
  </NCKH_Luu>
  <NCKH_Luu>
    <HoSoId>989</HoSoId>
    <Nam>2017</Nam>
  </NCKH_Luu>
  <NCKH_Luu>
    <HoSoId>992</HoSoId>
    <Nam>2017</Nam>
  </NCKH_Luu>
  <NCKH_Luu>
    <HoSoId>1014</HoSoId>
    <Nam>2016</Nam>
  </NCKH_Luu>
  <NCKH_Luu>
    <HoSoId>1036</HoSoId>
    <Nam>2016</Nam>
  </NCKH_Luu>
  <NCKH_Luu>
    <HoSoId>1044</HoSoId>
    <Nam>2017</Nam>
  </NCKH_Luu>
  <NCKH_Luu>
    <HoSoId>1047</HoSoId>
    <Nam>2017</Nam>
  </NCKH_Luu>
  <NCKH_Luu>
    <HoSoId>1054</HoSoId>
    <Nam>2016</Nam>
  </NCKH_Luu>
  <NCKH_Luu>
    <HoSoId>1059</HoSoId>
    <Nam>2016</Nam>
  </NCKH_Luu>
  <NCKH_Luu>
    <HoSoId>1073</HoSoId>
    <Nam>2017</Nam>
  </NCKH_Luu>
  <NCKH_Luu>
    <HoSoId>1086</HoSoId>
    <Nam>2016</Nam>
  </NCKH_Luu>
  <NCKH_Luu>
    <HoSoId>1089</HoSoId>
    <Nam>2016</Nam>
  </NCKH_Luu>
  <NCKH_Luu>
    <HoSoId>1092</HoSoId>
    <Nam>2017</Nam>
  </NCKH_Luu>
  <NCKH_Luu>
    <HoSoId>1095</HoSoId>
    <Nam>2017</Nam>
  </NCKH_Luu>
  <NCKH_Luu>
    <HoSoId>1110</HoSoId>
    <Nam>2016</Nam>
  </NCKH_Luu>
  <NCKH_Luu>
    <HoSoId>1115</HoSoId>
    <Nam>2016</Nam>
  </NCKH_Luu>
  <NCKH_Luu>
    <HoSoId>1151</HoSoId>
    <Nam>2016</Nam>
  </NCKH_Luu>
  <NCKH_Luu>
    <HoSoId>1171</HoSoId>
    <Nam>2016</Nam>
  </NCKH_Luu>
  <NCKH_Luu>
    <HoSoId>1182</HoSoId>
    <Nam>2016</Nam>
  </NCKH_Luu>
  <NCKH_Luu>
    <HoSoId>1813</HoSoId>
    <Nam>2017</Nam>
  </NCKH_Luu>
  <NCKH_Luu>
    <HoSoId>41</HoSoId>
    <Nam>2016</Nam>
  </NCKH_Luu>
  <NCKH_Luu>
    <HoSoId>73</HoSoId>
    <Nam>2016</Nam>
  </NCKH_Luu>
  <NCKH_Luu>
    <HoSoId>80</HoSoId>
    <Nam>2015</Nam>
  </NCKH_Luu>
  <NCKH_Luu>
    <HoSoId>90</HoSoId>
    <Nam>2016</Nam>
  </NCKH_Luu>
  <NCKH_Luu>
    <HoSoId>101</HoSoId>
    <Nam>2016</Nam>
  </NCKH_Luu>
  <NCKH_Luu>
    <HoSoId>104</HoSoId>
    <Nam>2015</Nam>
  </NCKH_Luu>
  <NCKH_Luu>
    <HoSoId>105</HoSoId>
    <Nam>2015</Nam>
  </NCKH_Luu>
  <NCKH_Luu>
    <HoSoId>113</HoSoId>
    <Nam>2015</Nam>
  </NCKH_Luu>
  <NCKH_Luu>
    <HoSoId>123</HoSoId>
    <Nam>2016</Nam>
  </NCKH_Luu>
  <NCKH_Luu>
    <HoSoId>139</HoSoId>
    <Nam>2016</Nam>
  </NCKH_Luu>
  <NCKH_Luu>
    <HoSoId>150</HoSoId>
    <Nam>2015</Nam>
  </NCKH_Luu>
  <NCKH_Luu>
    <HoSoId>152</HoSoId>
    <Nam>2015</Nam>
  </NCKH_Luu>
  <NCKH_Luu>
    <HoSoId>193</HoSoId>
    <Nam>2016</Nam>
  </NCKH_Luu>
  <NCKH_Luu>
    <HoSoId>206</HoSoId>
    <Nam>2016</Nam>
  </NCKH_Luu>
  <NCKH_Luu>
    <HoSoId>207</HoSoId>
    <Nam>2016</Nam>
  </NCKH_Luu>
  <NCKH_Luu>
    <HoSoId>226</HoSoId>
    <Nam>2016</Nam>
  </NCKH_Luu>
  <NCKH_Luu>
    <HoSoId>233</HoSoId>
    <Nam>2016</Nam>
  </NCKH_Luu>
  <NCKH_Luu>
    <HoSoId>253</HoSoId>
    <Nam>2015</Nam>
  </NCKH_Luu>
  <NCKH_Luu>
    <HoSoId>264</HoSoId>
    <Nam>2015</Nam>
  </NCKH_Luu>
  <NCKH_Luu>
    <HoSoId>265</HoSoId>
    <Nam>2014</Nam>
  </NCKH_Luu>
  <NCKH_Luu>
    <HoSoId>267</HoSoId>
    <Nam>2016</Nam>
  </NCKH_Luu>
  <NCKH_Luu>
    <HoSoId>520</HoSoId>
    <Nam>2016</Nam>
  </NCKH_Luu>
  <NCKH_Luu>
    <HoSoId>967</HoSoId>
    <Nam>2017</Nam>
  </NCKH_Luu>
  <NCKH_Luu>
    <HoSoId>1161</HoSoId>
    <Nam>2017</Nam>
  </NCKH_Luu>
  <NCKH_Luu>
    <HoSoId>1167</HoSoId>
    <Nam>2016</Nam>
  </NCKH_Luu>
  <NCKH_Luu>
    <HoSoId>1174</HoSoId>
    <Nam>2017</Nam>
  </NCKH_Luu>
  <NCKH_Luu>
    <HoSoId>28</HoSoId>
    <Nam>2015</Nam>
  </NCKH_Luu>
  <NCKH_Luu>
    <HoSoId>33</HoSoId>
    <Nam>2012</Nam>
  </NCKH_Luu>
  <NCKH_Luu>
    <HoSoId>147</HoSoId>
    <Nam>2015</Nam>
  </NCKH_Luu>
  <NCKH_Luu>
    <HoSoId>227</HoSoId>
    <Nam>2015</Nam>
  </NCKH_Luu>
  <NCKH_Luu>
    <HoSoId>738</HoSoId>
    <Nam>2016</Nam>
  </NCKH_Luu>
  <NCKH_Luu>
    <HoSoId>743</HoSoId>
    <Nam>2016</Nam>
  </NCKH_Luu>
</data>