﻿<?xml version="1.0" encoding="utf-8"?>
<data>
  <NCKH_PhanCap>
    <Id>1</Id>
    <Ten>Tạp chí ISI</Ten>
    <KhoiLuong>900</KhoiLuong>
    <KieuTinh>2</KieuTinh>
    <BangChiTiet>TapChi</BangChiTiet>
  </NCKH_PhanCap>
  <NCKH_PhanCap>
    <Id>2</Id>
    <Ten>Tạp chí quốc tế (không thuộc ISI)</Ten>
    <KhoiLuong>900</KhoiLuong>
    <KieuTinh>2</KieuTinh>
    <BangChiTiet>TapChi</BangChiTiet>
  </NCKH_PhanCap>
  <NCKH_PhanCap>
    <Id>3</Id>
    <Ten>Tạp chí trong nước</Ten>
    <KhoiLuong>600</KhoiLuong>
    <KieuTinh>2</KieuTinh>
    <BangChiTiet>TapChi</BangChiTiet>
  </NCKH_PhanCap>
  <NCKH_PhanCap>
    <Id>4</Id>
    <Ten>Kỷ yếu hội nghị quốc tế</Ten>
    <KhoiLuong>600</KhoiLuong>
    <KieuTinh>2</KieuTinh>
    <BangChiTiet>HoiNghi</BangChiTiet>
  </NCKH_PhanCap>
  <NCKH_PhanCap>
    <Id>5</Id>
    <Ten>Kỷ yếu hội nghị trong nước</Ten>
    <KhoiLuong>400</KhoiLuong>
    <KieuTinh>2</KieuTinh>
    <BangChiTiet>HoiNghi</BangChiTiet>
  </NCKH_PhanCap>
  <NCKH_PhanCap>
    <Id>7</Id>
    <Ten>Đề tài cấp Trường</Ten>
    <KhoiLuong>500</KhoiLuong>
    <KieuTinh>1</KieuTinh>
    <BangChiTiet>DeTai</BangChiTiet>
  </NCKH_PhanCap>
  <NCKH_PhanCap>
    <Id>8</Id>
    <Ten>Đề tài cấp Bộ</Ten>
    <KhoiLuong>1000</KhoiLuong>
    <KieuTinh>0</KieuTinh>
    <BangChiTiet>DeTai</BangChiTiet>
  </NCKH_PhanCap>
  <NCKH_PhanCap>
    <Id>9</Id>
    <Ten>Đề tài cấp Nhà nước</Ten>
    <KhoiLuong>1300</KhoiLuong>
    <KieuTinh>0</KieuTinh>
    <BangChiTiet>DeTai</BangChiTiet>
  </NCKH_PhanCap>
  <NCKH_PhanCap>
    <Id>10</Id>
    <Ten>Tạp chí SCOPUS</Ten>
    <KhoiLuong>900</KhoiLuong>
    <KieuTinh>2</KieuTinh>
    <BangChiTiet>TapChi</BangChiTiet>
  </NCKH_PhanCap>
  <NCKH_PhanCap>
    <Id>11</Id>
    <Ten>Phát minh sáng chế</Ten>
    <KhoiLuong>1000</KhoiLuong>
    <KieuTinh>2</KieuTinh>
    <BangChiTiet>PMSC</BangChiTiet>
  </NCKH_PhanCap>
  <NCKH_PhanCap>
    <Id>12</Id>
    <Ten>Giải pháp hữu ích</Ten>
    <KhoiLuong>1000</KhoiLuong>
    <KieuTinh>2</KieuTinh>
    <BangChiTiet>PMSC</BangChiTiet>
  </NCKH_PhanCap>
  <NCKH_PhanCap>
    <Id>13</Id>
    <Ten>Kiểu dáng công nghiệp</Ten>
    <KhoiLuong>600</KhoiLuong>
    <KieuTinh>2</KieuTinh>
    <BangChiTiet>PMSC</BangChiTiet>
  </NCKH_PhanCap>
</data>