﻿<?xml version="1.0" encoding="utf-8"?>
<data>
  <NCKH_KeKhai>
    <HoSoId>26</HoSoId>
    <GiangVienId>47</GiangVienId>
    <Ngay>2017-01-03T16:48:29.8840783</Ngay>
  </NCKH_KeKhai>
  <NCKH_KeKhai>
    <HoSoId>36</HoSoId>
    <GiangVienId>47</GiangVienId>
    <Ngay>2017-01-03T16:48:35.2816878</Ngay>
  </NCKH_KeKhai>
  <NCKH_KeKhai>
    <HoSoId>20</HoSoId>
    <GiangVienId>47</GiangVienId>
    <Ngay>2017-02-26T23:19:30.3946546</Ngay>
  </NCKH_KeKhai>
  <NCKH_KeKhai>
    <HoSoId>52</HoSoId>
    <GiangVienId>47</GiangVienId>
    <Ngay>2017-02-26T23:20:39.4247758</Ngay>
  </NCKH_KeKhai>
  <NCKH_KeKhai>
    <HoSoId>468</HoSoId>
    <GiangVienId>47</GiangVienId>
    <Ngay>2017-03-29T22:32:09.6663151</Ngay>
  </NCKH_KeKhai>
  <NCKH_KeKhai>
    <HoSoId>476</HoSoId>
    <GiangVienId>47</GiangVienId>
    <Ngay>2017-03-30T08:53:51.0555781</Ngay>
  </NCKH_KeKhai>
  <NCKH_KeKhai>
    <HoSoId>479</HoSoId>
    <GiangVienId>47</GiangVienId>
    <Ngay>2017-03-30T08:56:47.4948882</Ngay>
  </NCKH_KeKhai>
  <NCKH_KeKhai>
    <HoSoId>421</HoSoId>
    <GiangVienId>47</GiangVienId>
    <Ngay>2017-03-30T10:11:30.8063759</Ngay>
  </NCKH_KeKhai>
  <NCKH_KeKhai>
    <HoSoId>430</HoSoId>
    <GiangVienId>47</GiangVienId>
    <Ngay>2017-03-30T10:13:30.1173856</Ngay>
  </NCKH_KeKhai>
  <NCKH_KeKhai>
    <HoSoId>539</HoSoId>
    <GiangVienId>47</GiangVienId>
    <Ngay>2017-03-30T10:18:02.5592642</Ngay>
  </NCKH_KeKhai>
  <NCKH_KeKhai>
    <HoSoId>75</HoSoId>
    <GiangVienId>47</GiangVienId>
    <Ngay>2017-03-30T10:22:58.0589835</Ngay>
  </NCKH_KeKhai>
  <NCKH_KeKhai>
    <HoSoId>555</HoSoId>
    <GiangVienId>47</GiangVienId>
    <Ngay>2017-03-30T10:25:06.0436084</Ngay>
  </NCKH_KeKhai>
  <NCKH_KeKhai>
    <HoSoId>538</HoSoId>
    <GiangVienId>47</GiangVienId>
    <Ngay>2017-03-30T10:26:20.378739</Ngay>
  </NCKH_KeKhai>
  <NCKH_KeKhai>
    <HoSoId>547</HoSoId>
    <GiangVienId>47</GiangVienId>
    <Ngay>2017-03-30T10:29:12.3554412</Ngay>
  </NCKH_KeKhai>
  <NCKH_KeKhai>
    <HoSoId>548</HoSoId>
    <GiangVienId>47</GiangVienId>
    <Ngay>2017-03-30T10:36:02.1653634</Ngay>
  </NCKH_KeKhai>
  <NCKH_KeKhai>
    <HoSoId>533</HoSoId>
    <GiangVienId>47</GiangVienId>
    <Ngay>2017-03-30T14:36:44.7211773</Ngay>
  </NCKH_KeKhai>
  <NCKH_KeKhai>
    <HoSoId>542</HoSoId>
    <GiangVienId>47</GiangVienId>
    <Ngay>2017-03-30T14:38:37.4801755</Ngay>
  </NCKH_KeKhai>
  <NCKH_KeKhai>
    <HoSoId>455</HoSoId>
    <GiangVienId>47</GiangVienId>
    <Ngay>2017-03-30T14:42:15.3063582</Ngay>
  </NCKH_KeKhai>
  <NCKH_KeKhai>
    <HoSoId>447</HoSoId>
    <GiangVienId>47</GiangVienId>
    <Ngay>2017-03-30T14:47:01.4128609</Ngay>
  </NCKH_KeKhai>
  <NCKH_KeKhai>
    <HoSoId>157</HoSoId>
    <GiangVienId>47</GiangVienId>
    <Ngay>2017-03-30T19:23:45.339272</Ngay>
  </NCKH_KeKhai>
  <NCKH_KeKhai>
    <HoSoId>570</HoSoId>
    <GiangVienId>47</GiangVienId>
    <Ngay>2017-03-30T19:31:21.4346738</Ngay>
  </NCKH_KeKhai>
  <NCKH_KeKhai>
    <HoSoId>593</HoSoId>
    <GiangVienId>47</GiangVienId>
    <Ngay>2017-03-30T19:34:24.7525959</Ngay>
  </NCKH_KeKhai>
  <NCKH_KeKhai>
    <HoSoId>140</HoSoId>
    <GiangVienId>47</GiangVienId>
    <Ngay>2017-03-30T19:48:14.4548558</Ngay>
  </NCKH_KeKhai>
  <NCKH_KeKhai>
    <HoSoId>552</HoSoId>
    <GiangVienId>47</GiangVienId>
    <Ngay>2017-03-30T19:49:17.9479673</Ngay>
  </NCKH_KeKhai>
  <NCKH_KeKhai>
    <HoSoId>526</HoSoId>
    <GiangVienId>47</GiangVienId>
    <Ngay>2017-03-30T19:51:08.9909625</Ngay>
  </NCKH_KeKhai>
  <NCKH_KeKhai>
    <HoSoId>485</HoSoId>
    <GiangVienId>47</GiangVienId>
    <Ngay>2017-03-30T19:51:27.1493944</Ngay>
  </NCKH_KeKhai>
  <NCKH_KeKhai>
    <HoSoId>493</HoSoId>
    <GiangVienId>47</GiangVienId>
    <Ngay>2017-03-30T19:51:50.5026354</Ngay>
  </NCKH_KeKhai>
  <NCKH_KeKhai>
    <HoSoId>496</HoSoId>
    <GiangVienId>47</GiangVienId>
    <Ngay>2017-03-30T19:51:58.4430494</Ngay>
  </NCKH_KeKhai>
  <NCKH_KeKhai>
    <HoSoId>508</HoSoId>
    <GiangVienId>47</GiangVienId>
    <Ngay>2017-03-30T19:58:35.8421476</Ngay>
  </NCKH_KeKhai>
  <NCKH_KeKhai>
    <HoSoId>502</HoSoId>
    <GiangVienId>47</GiangVienId>
    <Ngay>2017-03-30T20:02:31.1593621</Ngay>
  </NCKH_KeKhai>
  <NCKH_KeKhai>
    <HoSoId>499</HoSoId>
    <GiangVienId>47</GiangVienId>
    <Ngay>2017-03-30T20:02:48.1019919</Ngay>
  </NCKH_KeKhai>
  <NCKH_KeKhai>
    <HoSoId>488</HoSoId>
    <GiangVienId>47</GiangVienId>
    <Ngay>2017-03-30T20:02:59.7396124</Ngay>
  </NCKH_KeKhai>
  <NCKH_KeKhai>
    <HoSoId>505</HoSoId>
    <GiangVienId>47</GiangVienId>
    <Ngay>2017-03-30T20:03:08.3352275</Ngay>
  </NCKH_KeKhai>
  <NCKH_KeKhai>
    <HoSoId>472</HoSoId>
    <GiangVienId>47</GiangVienId>
    <Ngay>2017-03-30T20:03:27.2892607</Ngay>
  </NCKH_KeKhai>
  <NCKH_KeKhai>
    <HoSoId>474</HoSoId>
    <GiangVienId>47</GiangVienId>
    <Ngay>2017-03-30T20:03:33.9816725</Ngay>
  </NCKH_KeKhai>
  <NCKH_KeKhai>
    <HoSoId>470</HoSoId>
    <GiangVienId>47</GiangVienId>
    <Ngay>2017-03-30T20:03:41.7660862</Ngay>
  </NCKH_KeKhai>
  <NCKH_KeKhai>
    <HoSoId>482</HoSoId>
    <GiangVienId>47</GiangVienId>
    <Ngay>2017-03-30T20:04:01.3607206</Ngay>
  </NCKH_KeKhai>
  <NCKH_KeKhai>
    <HoSoId>465</HoSoId>
    <GiangVienId>47</GiangVienId>
    <Ngay>2017-03-30T20:05:49.5351126</Ngay>
  </NCKH_KeKhai>
  <NCKH_KeKhai>
    <HoSoId>525</HoSoId>
    <GiangVienId>47</GiangVienId>
    <Ngay>2017-03-30T20:06:55.5754297</Ngay>
  </NCKH_KeKhai>
  <NCKH_KeKhai>
    <HoSoId>312</HoSoId>
    <GiangVienId>47</GiangVienId>
    <Ngay>2017-03-30T20:07:22.6102772</Ngay>
  </NCKH_KeKhai>
  <NCKH_KeKhai>
    <HoSoId>558</HoSoId>
    <GiangVienId>47</GiangVienId>
    <Ngay>2017-03-30T20:09:21.9202868</Ngay>
  </NCKH_KeKhai>
  <NCKH_KeKhai>
    <HoSoId>408</HoSoId>
    <GiangVienId>47</GiangVienId>
    <Ngay>2017-03-30T20:14:01.9749789</Ngay>
  </NCKH_KeKhai>
  <NCKH_KeKhai>
    <HoSoId>48</HoSoId>
    <GiangVienId>47</GiangVienId>
    <Ngay>2017-03-30T20:14:13.0977984</Ngay>
  </NCKH_KeKhai>
  <NCKH_KeKhai>
    <HoSoId>520</HoSoId>
    <GiangVienId>47</GiangVienId>
    <Ngay>2017-03-30T20:16:07.6965998</Ngay>
  </NCKH_KeKhai>
  <NCKH_KeKhai>
    <HoSoId>449</HoSoId>
    <GiangVienId>47</GiangVienId>
    <Ngay>2017-03-30T20:19:54.7735988</Ngay>
  </NCKH_KeKhai>
  <NCKH_KeKhai>
    <HoSoId>311</HoSoId>
    <GiangVienId>47</GiangVienId>
    <Ngay>2017-03-30T20:20:38.7968761</Ngay>
  </NCKH_KeKhai>
  <NCKH_KeKhai>
    <HoSoId>340</HoSoId>
    <GiangVienId>47</GiangVienId>
    <Ngay>2017-03-30T20:23:55.7638221</Ngay>
  </NCKH_KeKhai>
  <NCKH_KeKhai>
    <HoSoId>338</HoSoId>
    <GiangVienId>47</GiangVienId>
    <Ngay>2017-03-30T20:26:16.3844692</Ngay>
  </NCKH_KeKhai>
  <NCKH_KeKhai>
    <HoSoId>376</HoSoId>
    <GiangVienId>47</GiangVienId>
    <Ngay>2017-03-30T20:28:20.9984881</Ngay>
  </NCKH_KeKhai>
  <NCKH_KeKhai>
    <HoSoId>277</HoSoId>
    <GiangVienId>47</GiangVienId>
    <Ngay>2017-03-30T20:36:08.8919118</Ngay>
  </NCKH_KeKhai>
  <NCKH_KeKhai>
    <HoSoId>433</HoSoId>
    <GiangVienId>47</GiangVienId>
    <Ngay>2017-03-30T20:36:42.8219714</Ngay>
  </NCKH_KeKhai>
  <NCKH_KeKhai>
    <HoSoId>598</HoSoId>
    <GiangVienId>47</GiangVienId>
    <Ngay>2017-03-30T21:03:39.3112122</Ngay>
  </NCKH_KeKhai>
  <NCKH_KeKhai>
    <HoSoId>605</HoSoId>
    <GiangVienId>47</GiangVienId>
    <Ngay>2017-03-30T21:06:31.2907163</Ngay>
  </NCKH_KeKhai>
  <NCKH_KeKhai>
    <HoSoId>361</HoSoId>
    <GiangVienId>47</GiangVienId>
    <Ngay>2017-03-30T21:11:45.1974678</Ngay>
  </NCKH_KeKhai>
  <NCKH_KeKhai>
    <HoSoId>42</HoSoId>
    <GiangVienId>47</GiangVienId>
    <Ngay>2017-03-30T21:21:50.3519332</Ngay>
  </NCKH_KeKhai>
  <NCKH_KeKhai>
    <HoSoId>43</HoSoId>
    <GiangVienId>47</GiangVienId>
    <Ngay>2017-03-30T21:22:32.0820065</Ngay>
  </NCKH_KeKhai>
  <NCKH_KeKhai>
    <HoSoId>309</HoSoId>
    <GiangVienId>47</GiangVienId>
    <Ngay>2017-03-30T21:23:10.1616734</Ngay>
  </NCKH_KeKhai>
  <NCKH_KeKhai>
    <HoSoId>34</HoSoId>
    <GiangVienId>47</GiangVienId>
    <Ngay>2017-03-30T21:25:45.4453462</Ngay>
  </NCKH_KeKhai>
  <NCKH_KeKhai>
    <HoSoId>39</HoSoId>
    <GiangVienId>47</GiangVienId>
    <Ngay>2017-03-30T21:35:46.3826099</Ngay>
  </NCKH_KeKhai>
  <NCKH_KeKhai>
    <HoSoId>602</HoSoId>
    <GiangVienId>47</GiangVienId>
    <Ngay>2017-03-30T21:36:37.4414996</Ngay>
  </NCKH_KeKhai>
  <NCKH_KeKhai>
    <HoSoId>608</HoSoId>
    <GiangVienId>47</GiangVienId>
    <Ngay>2017-03-30T21:39:06.6577618</Ngay>
  </NCKH_KeKhai>
  <NCKH_KeKhai>
    <HoSoId>50</HoSoId>
    <GiangVienId>47</GiangVienId>
    <Ngay>2017-03-30T21:41:13.8135852</Ngay>
  </NCKH_KeKhai>
  <NCKH_KeKhai>
    <HoSoId>189</HoSoId>
    <GiangVienId>47</GiangVienId>
    <Ngay>2017-03-30T21:44:35.5395396</Ngay>
  </NCKH_KeKhai>
  <NCKH_KeKhai>
    <HoSoId>54</HoSoId>
    <GiangVienId>47</GiangVienId>
    <Ngay>2017-03-30T21:47:13.9276178</Ngay>
  </NCKH_KeKhai>
  <NCKH_KeKhai>
    <HoSoId>202</HoSoId>
    <GiangVienId>47</GiangVienId>
    <Ngay>2017-03-30T21:51:20.6430512</Ngay>
  </NCKH_KeKhai>
  <NCKH_KeKhai>
    <HoSoId>612</HoSoId>
    <GiangVienId>47</GiangVienId>
    <Ngay>2017-03-30T21:55:08.0612507</Ngay>
  </NCKH_KeKhai>
  <NCKH_KeKhai>
    <HoSoId>154</HoSoId>
    <GiangVienId>47</GiangVienId>
    <Ngay>2017-03-30T22:04:35.6192492</Ngay>
  </NCKH_KeKhai>
  <NCKH_KeKhai>
    <HoSoId>28</HoSoId>
    <GiangVienId>47</GiangVienId>
    <Ngay>2017-03-30T22:07:03.528911</Ngay>
  </NCKH_KeKhai>
  <NCKH_KeKhai>
    <HoSoId>625</HoSoId>
    <GiangVienId>47</GiangVienId>
    <Ngay>2017-03-30T22:17:05.4619686</Ngay>
  </NCKH_KeKhai>
  <NCKH_KeKhai>
    <HoSoId>628</HoSoId>
    <GiangVienId>47</GiangVienId>
    <Ngay>2017-03-30T22:18:00.5310654</Ngay>
  </NCKH_KeKhai>
  <NCKH_KeKhai>
    <HoSoId>201</HoSoId>
    <GiangVienId>47</GiangVienId>
    <Ngay>2017-03-30T22:18:36.3799283</Ngay>
  </NCKH_KeKhai>
  <NCKH_KeKhai>
    <HoSoId>120</HoSoId>
    <GiangVienId>47</GiangVienId>
    <Ngay>2017-03-30T22:23:42.8766668</Ngay>
  </NCKH_KeKhai>
  <NCKH_KeKhai>
    <HoSoId>631</HoSoId>
    <GiangVienId>47</GiangVienId>
    <Ngay>2017-03-30T22:24:12.594719</Ngay>
  </NCKH_KeKhai>
  <NCKH_KeKhai>
    <HoSoId>216</HoSoId>
    <GiangVienId>47</GiangVienId>
    <Ngay>2017-03-30T22:29:12.2188459</Ngay>
  </NCKH_KeKhai>
  <NCKH_KeKhai>
    <HoSoId>25</HoSoId>
    <GiangVienId>47</GiangVienId>
    <Ngay>2017-03-30T22:29:32.795282</Ngay>
  </NCKH_KeKhai>
  <NCKH_KeKhai>
    <HoSoId>221</HoSoId>
    <GiangVienId>47</GiangVienId>
    <Ngay>2017-03-30T22:29:47.9117085</Ngay>
  </NCKH_KeKhai>
  <NCKH_KeKhai>
    <HoSoId>49</HoSoId>
    <GiangVienId>47</GiangVienId>
    <Ngay>2017-03-30T22:30:15.1961565</Ngay>
  </NCKH_KeKhai>
  <NCKH_KeKhai>
    <HoSoId>51</HoSoId>
    <GiangVienId>47</GiangVienId>
    <Ngay>2017-03-30T22:30:19.2053635</Ngay>
  </NCKH_KeKhai>
  <NCKH_KeKhai>
    <HoSoId>45</HoSoId>
    <GiangVienId>47</GiangVienId>
    <Ngay>2017-03-30T22:30:30.1721828</Ngay>
  </NCKH_KeKhai>
  <NCKH_KeKhai>
    <HoSoId>53</HoSoId>
    <GiangVienId>47</GiangVienId>
    <Ngay>2017-03-30T22:30:45.7878102</Ngay>
  </NCKH_KeKhai>
  <NCKH_KeKhai>
    <HoSoId>55</HoSoId>
    <GiangVienId>47</GiangVienId>
    <Ngay>2017-03-30T22:30:53.5098238</Ngay>
  </NCKH_KeKhai>
  <NCKH_KeKhai>
    <HoSoId>156</HoSoId>
    <GiangVienId>47</GiangVienId>
    <Ngay>2017-03-30T22:31:21.7950744</Ngay>
  </NCKH_KeKhai>
  <NCKH_KeKhai>
    <HoSoId>617</HoSoId>
    <GiangVienId>47</GiangVienId>
    <Ngay>2017-03-30T22:33:37.2989125</Ngay>
  </NCKH_KeKhai>
  <NCKH_KeKhai>
    <HoSoId>636</HoSoId>
    <GiangVienId>47</GiangVienId>
    <Ngay>2017-03-30T22:35:02.5820639</Ngay>
  </NCKH_KeKhai>
  <NCKH_KeKhai>
    <HoSoId>23</HoSoId>
    <GiangVienId>47</GiangVienId>
    <Ngay>2017-03-30T22:35:42.8311347</Ngay>
  </NCKH_KeKhai>
  <NCKH_KeKhai>
    <HoSoId>27</HoSoId>
    <GiangVienId>47</GiangVienId>
    <Ngay>2017-03-30T22:35:51.6919503</Ngay>
  </NCKH_KeKhai>
  <NCKH_KeKhai>
    <HoSoId>29</HoSoId>
    <GiangVienId>47</GiangVienId>
    <Ngay>2017-03-30T22:35:58.1659616</Ngay>
  </NCKH_KeKhai>
  <NCKH_KeKhai>
    <HoSoId>44</HoSoId>
    <GiangVienId>47</GiangVienId>
    <Ngay>2017-03-30T22:36:10.9735841</Ngay>
  </NCKH_KeKhai>
  <NCKH_KeKhai>
    <HoSoId>56</HoSoId>
    <GiangVienId>47</GiangVienId>
    <Ngay>2017-03-30T22:36:16.1995933</Ngay>
  </NCKH_KeKhai>
  <NCKH_KeKhai>
    <HoSoId>209</HoSoId>
    <GiangVienId>47</GiangVienId>
    <Ngay>2017-03-30T22:40:29.2652379</Ngay>
  </NCKH_KeKhai>
  <NCKH_KeKhai>
    <HoSoId>148</HoSoId>
    <GiangVienId>47</GiangVienId>
    <Ngay>2017-03-30T22:40:56.081685</Ngay>
  </NCKH_KeKhai>
  <NCKH_KeKhai>
    <HoSoId>194</HoSoId>
    <GiangVienId>47</GiangVienId>
    <Ngay>2017-03-30T22:41:19.7157265</Ngay>
  </NCKH_KeKhai>
  <NCKH_KeKhai>
    <HoSoId>218</HoSoId>
    <GiangVienId>47</GiangVienId>
    <Ngay>2017-03-30T22:44:47.8366921</Ngay>
  </NCKH_KeKhai>
  <NCKH_KeKhai>
    <HoSoId>61</HoSoId>
    <GiangVienId>47</GiangVienId>
    <Ngay>2017-03-30T22:44:55.6835059</Ngay>
  </NCKH_KeKhai>
  <NCKH_KeKhai>
    <HoSoId>62</HoSoId>
    <GiangVienId>47</GiangVienId>
    <Ngay>2017-03-30T22:45:02.2199174</Ngay>
  </NCKH_KeKhai>
  <NCKH_KeKhai>
    <HoSoId>60</HoSoId>
    <GiangVienId>47</GiangVienId>
    <Ngay>2017-03-30T22:45:12.4067353</Ngay>
  </NCKH_KeKhai>
  <NCKH_KeKhai>
    <HoSoId>64</HoSoId>
    <GiangVienId>47</GiangVienId>
    <Ngay>2017-03-30T22:45:20.0205487</Ngay>
  </NCKH_KeKhai>
  <NCKH_KeKhai>
    <HoSoId>65</HoSoId>
    <GiangVienId>47</GiangVienId>
    <Ngay>2017-03-30T22:45:29.1309647</Ngay>
  </NCKH_KeKhai>
  <NCKH_KeKhai>
    <HoSoId>68</HoSoId>
    <GiangVienId>47</GiangVienId>
    <Ngay>2017-03-30T22:45:44.699792</Ngay>
  </NCKH_KeKhai>
  <NCKH_KeKhai>
    <HoSoId>67</HoSoId>
    <GiangVienId>47</GiangVienId>
    <Ngay>2017-03-30T22:45:50.2846019</Ngay>
  </NCKH_KeKhai>
  <NCKH_KeKhai>
    <HoSoId>198</HoSoId>
    <GiangVienId>47</GiangVienId>
    <Ngay>2017-03-30T22:46:14.2150439</Ngay>
  </NCKH_KeKhai>
  <NCKH_KeKhai>
    <HoSoId>211</HoSoId>
    <GiangVienId>47</GiangVienId>
    <Ngay>2017-03-30T22:47:54.5252202</Ngay>
  </NCKH_KeKhai>
  <NCKH_KeKhai>
    <HoSoId>207</HoSoId>
    <GiangVienId>47</GiangVienId>
    <Ngay>2017-03-30T22:48:41.4657026</Ngay>
  </NCKH_KeKhai>
  <NCKH_KeKhai>
    <HoSoId>250</HoSoId>
    <GiangVienId>47</GiangVienId>
    <Ngay>2017-03-30T22:49:07.9243492</Ngay>
  </NCKH_KeKhai>
  <NCKH_KeKhai>
    <HoSoId>57</HoSoId>
    <GiangVienId>47</GiangVienId>
    <Ngay>2017-03-30T22:49:12.6355574</Ngay>
  </NCKH_KeKhai>
  <NCKH_KeKhai>
    <HoSoId>58</HoSoId>
    <GiangVienId>47</GiangVienId>
    <Ngay>2017-03-30T22:49:15.7243629</Ngay>
  </NCKH_KeKhai>
  <NCKH_KeKhai>
    <HoSoId>217</HoSoId>
    <GiangVienId>47</GiangVienId>
    <Ngay>2017-03-30T22:49:32.322792</Ngay>
  </NCKH_KeKhai>
  <NCKH_KeKhai>
    <HoSoId>213</HoSoId>
    <GiangVienId>47</GiangVienId>
    <Ngay>2017-03-30T22:51:21.6945841</Ngay>
  </NCKH_KeKhai>
  <NCKH_KeKhai>
    <HoSoId>215</HoSoId>
    <GiangVienId>47</GiangVienId>
    <Ngay>2017-03-30T22:53:34.8428181</Ngay>
  </NCKH_KeKhai>
  <NCKH_KeKhai>
    <HoSoId>219</HoSoId>
    <GiangVienId>47</GiangVienId>
    <Ngay>2017-03-30T22:53:41.3324295</Ngay>
  </NCKH_KeKhai>
  <NCKH_KeKhai>
    <HoSoId>644</HoSoId>
    <GiangVienId>47</GiangVienId>
    <Ngay>2017-03-30T22:59:52.9748824</Ngay>
  </NCKH_KeKhai>
  <NCKH_KeKhai>
    <HoSoId>197</HoSoId>
    <GiangVienId>47</GiangVienId>
    <Ngay>2017-03-30T23:01:03.1594057</Ngay>
  </NCKH_KeKhai>
  <NCKH_KeKhai>
    <HoSoId>196</HoSoId>
    <GiangVienId>47</GiangVienId>
    <Ngay>2017-03-30T23:01:19.5790358</Ngay>
  </NCKH_KeKhai>
  <NCKH_KeKhai>
    <HoSoId>88</HoSoId>
    <GiangVienId>47</GiangVienId>
    <Ngay>2017-03-30T23:01:27.65985</Ngay>
  </NCKH_KeKhai>
  <NCKH_KeKhai>
    <HoSoId>214</HoSoId>
    <GiangVienId>47</GiangVienId>
    <Ngay>2017-03-30T23:02:03.7739135</Ngay>
  </NCKH_KeKhai>
  <NCKH_KeKhai>
    <HoSoId>220</HoSoId>
    <GiangVienId>47</GiangVienId>
    <Ngay>2017-03-30T23:02:19.1253405</Ngay>
  </NCKH_KeKhai>
  <NCKH_KeKhai>
    <HoSoId>59</HoSoId>
    <GiangVienId>47</GiangVienId>
    <Ngay>2017-03-30T23:02:22.9941473</Ngay>
  </NCKH_KeKhai>
  <NCKH_KeKhai>
    <HoSoId>63</HoSoId>
    <GiangVienId>47</GiangVienId>
    <Ngay>2017-03-30T23:02:28.8129575</Ngay>
  </NCKH_KeKhai>
  <NCKH_KeKhai>
    <HoSoId>69</HoSoId>
    <GiangVienId>47</GiangVienId>
    <Ngay>2017-03-30T23:02:38.6097747</Ngay>
  </NCKH_KeKhai>
  <NCKH_KeKhai>
    <HoSoId>70</HoSoId>
    <GiangVienId>47</GiangVienId>
    <Ngay>2017-03-30T23:02:54.5374027</Ngay>
  </NCKH_KeKhai>
  <NCKH_KeKhai>
    <HoSoId>225</HoSoId>
    <GiangVienId>47</GiangVienId>
    <Ngay>2017-03-30T23:03:11.213832</Ngay>
  </NCKH_KeKhai>
  <NCKH_KeKhai>
    <HoSoId>226</HoSoId>
    <GiangVienId>47</GiangVienId>
    <Ngay>2017-03-30T23:03:20.3234505</Ngay>
  </NCKH_KeKhai>
  <NCKH_KeKhai>
    <HoSoId>227</HoSoId>
    <GiangVienId>47</GiangVienId>
    <Ngay>2017-03-30T23:03:28.8410655</Ngay>
  </NCKH_KeKhai>
  <NCKH_KeKhai>
    <HoSoId>228</HoSoId>
    <GiangVienId>47</GiangVienId>
    <Ngay>2017-03-30T23:03:33.7404742</Ngay>
  </NCKH_KeKhai>
  <NCKH_KeKhai>
    <HoSoId>230</HoSoId>
    <GiangVienId>47</GiangVienId>
    <Ngay>2017-03-30T23:03:37.7340812</Ngay>
  </NCKH_KeKhai>
  <NCKH_KeKhai>
    <HoSoId>231</HoSoId>
    <GiangVienId>47</GiangVienId>
    <Ngay>2017-03-30T23:03:44.6136932</Ngay>
  </NCKH_KeKhai>
  <NCKH_KeKhai>
    <HoSoId>232</HoSoId>
    <GiangVienId>47</GiangVienId>
    <Ngay>2017-03-30T23:03:50.6665039</Ngay>
  </NCKH_KeKhai>
  <NCKH_KeKhai>
    <HoSoId>233</HoSoId>
    <GiangVienId>47</GiangVienId>
    <Ngay>2017-03-30T23:03:55.9549132</Ngay>
  </NCKH_KeKhai>
  <NCKH_KeKhai>
    <HoSoId>619</HoSoId>
    <GiangVienId>47</GiangVienId>
    <Ngay>2017-03-30T23:04:48.6060057</Ngay>
  </NCKH_KeKhai>
  <NCKH_KeKhai>
    <HoSoId>240</HoSoId>
    <GiangVienId>47</GiangVienId>
    <Ngay>2017-03-30T23:04:59.8848255</Ngay>
  </NCKH_KeKhai>
  <NCKH_KeKhai>
    <HoSoId>80</HoSoId>
    <GiangVienId>47</GiangVienId>
    <Ngay>2017-03-30T23:05:17.7468569</Ngay>
  </NCKH_KeKhai>
  <NCKH_KeKhai>
    <HoSoId>81</HoSoId>
    <GiangVienId>47</GiangVienId>
    <Ngay>2017-03-30T23:05:30.8352799</Ngay>
  </NCKH_KeKhai>
  <NCKH_KeKhai>
    <HoSoId>83</HoSoId>
    <GiangVienId>47</GiangVienId>
    <Ngay>2017-03-30T23:05:37.2936912</Ngay>
  </NCKH_KeKhai>
  <NCKH_KeKhai>
    <HoSoId>85</HoSoId>
    <GiangVienId>47</GiangVienId>
    <Ngay>2017-03-30T23:05:49.4149125</Ngay>
  </NCKH_KeKhai>
  <NCKH_KeKhai>
    <HoSoId>84</HoSoId>
    <GiangVienId>47</GiangVienId>
    <Ngay>2017-03-30T23:06:08.7901465</Ngay>
  </NCKH_KeKhai>
  <NCKH_KeKhai>
    <HoSoId>253</HoSoId>
    <GiangVienId>47</GiangVienId>
    <Ngay>2017-03-30T23:06:23.0485716</Ngay>
  </NCKH_KeKhai>
  <NCKH_KeKhai>
    <HoSoId>251</HoSoId>
    <GiangVienId>47</GiangVienId>
    <Ngay>2017-03-30T23:06:43.8434081</Ngay>
  </NCKH_KeKhai>
  <NCKH_KeKhai>
    <HoSoId>245</HoSoId>
    <GiangVienId>47</GiangVienId>
    <Ngay>2017-03-30T23:06:49.1006173</Ngay>
  </NCKH_KeKhai>
  <NCKH_KeKhai>
    <HoSoId>242</HoSoId>
    <GiangVienId>47</GiangVienId>
    <Ngay>2017-03-30T23:10:35.5842161</Ngay>
  </NCKH_KeKhai>
  <NCKH_KeKhai>
    <HoSoId>244</HoSoId>
    <GiangVienId>47</GiangVienId>
    <Ngay>2017-03-30T23:12:21.3066019</Ngay>
  </NCKH_KeKhai>
  <NCKH_KeKhai>
    <HoSoId>248</HoSoId>
    <GiangVienId>47</GiangVienId>
    <Ngay>2017-03-30T23:12:33.5214233</Ngay>
  </NCKH_KeKhai>
  <NCKH_KeKhai>
    <HoSoId>102</HoSoId>
    <GiangVienId>47</GiangVienId>
    <Ngay>2017-03-30T23:12:59.8386696</Ngay>
  </NCKH_KeKhai>
  <NCKH_KeKhai>
    <HoSoId>90</HoSoId>
    <GiangVienId>47</GiangVienId>
    <Ngay>2017-03-30T23:13:06.4998813</Ngay>
  </NCKH_KeKhai>
  <NCKH_KeKhai>
    <HoSoId>265</HoSoId>
    <GiangVienId>47</GiangVienId>
    <Ngay>2017-03-30T23:13:21.4145075</Ngay>
  </NCKH_KeKhai>
  <NCKH_KeKhai>
    <HoSoId>86</HoSoId>
    <GiangVienId>47</GiangVienId>
    <Ngay>2017-03-30T23:13:29.8229223</Ngay>
  </NCKH_KeKhai>
  <NCKH_KeKhai>
    <HoSoId>89</HoSoId>
    <GiangVienId>47</GiangVienId>
    <Ngay>2017-03-30T23:13:36.2657336</Ngay>
  </NCKH_KeKhai>
  <NCKH_KeKhai>
    <HoSoId>646</HoSoId>
    <GiangVienId>47</GiangVienId>
    <Ngay>2017-03-30T23:15:03.6268871</Ngay>
  </NCKH_KeKhai>
  <NCKH_KeKhai>
    <HoSoId>243</HoSoId>
    <GiangVienId>47</GiangVienId>
    <Ngay>2017-03-30T23:15:12.8933034</Ngay>
  </NCKH_KeKhai>
  <NCKH_KeKhai>
    <HoSoId>249</HoSoId>
    <GiangVienId>47</GiangVienId>
    <Ngay>2017-03-30T23:15:22.8305208</Ngay>
  </NCKH_KeKhai>
  <NCKH_KeKhai>
    <HoSoId>252</HoSoId>
    <GiangVienId>47</GiangVienId>
    <Ngay>2017-03-30T23:15:34.7021417</Ngay>
  </NCKH_KeKhai>
  <NCKH_KeKhai>
    <HoSoId>130</HoSoId>
    <GiangVienId>47</GiangVienId>
    <Ngay>2017-03-30T23:16:00.8331876</Ngay>
  </NCKH_KeKhai>
  <NCKH_KeKhai>
    <HoSoId>247</HoSoId>
    <GiangVienId>47</GiangVienId>
    <Ngay>2017-03-30T23:16:14.155611</Ngay>
  </NCKH_KeKhai>
  <NCKH_KeKhai>
    <HoSoId>262</HoSoId>
    <GiangVienId>47</GiangVienId>
    <Ngay>2017-03-30T23:16:31.768042</Ngay>
  </NCKH_KeKhai>
  <NCKH_KeKhai>
    <HoSoId>268</HoSoId>
    <GiangVienId>47</GiangVienId>
    <Ngay>2017-03-30T23:16:45.5116661</Ngay>
  </NCKH_KeKhai>
  <NCKH_KeKhai>
    <HoSoId>269</HoSoId>
    <GiangVienId>47</GiangVienId>
    <Ngay>2017-03-30T23:16:56.807086</Ngay>
  </NCKH_KeKhai>
  <NCKH_KeKhai>
    <HoSoId>256</HoSoId>
    <GiangVienId>47</GiangVienId>
    <Ngay>2017-03-30T23:17:07.1343041</Ngay>
  </NCKH_KeKhai>
  <NCKH_KeKhai>
    <HoSoId>257</HoSoId>
    <GiangVienId>47</GiangVienId>
    <Ngay>2017-03-30T23:17:14.9343178</Ngay>
  </NCKH_KeKhai>
  <NCKH_KeKhai>
    <HoSoId>92</HoSoId>
    <GiangVienId>47</GiangVienId>
    <Ngay>2017-03-30T23:18:18.9578303</Ngay>
  </NCKH_KeKhai>
  <NCKH_KeKhai>
    <HoSoId>73</HoSoId>
    <GiangVienId>47</GiangVienId>
    <Ngay>2017-03-30T23:18:29.3006485</Ngay>
  </NCKH_KeKhai>
  <NCKH_KeKhai>
    <HoSoId>258</HoSoId>
    <GiangVienId>47</GiangVienId>
    <Ngay>2017-03-30T23:18:37.4282628</Ngay>
  </NCKH_KeKhai>
  <NCKH_KeKhai>
    <HoSoId>91</HoSoId>
    <GiangVienId>47</GiangVienId>
    <Ngay>2017-03-30T23:18:44.1986747</Ngay>
  </NCKH_KeKhai>
  <NCKH_KeKhai>
    <HoSoId>261</HoSoId>
    <GiangVienId>47</GiangVienId>
    <Ngay>2017-03-30T23:18:49.518284</Ngay>
  </NCKH_KeKhai>
  <NCKH_KeKhai>
    <HoSoId>264</HoSoId>
    <GiangVienId>47</GiangVienId>
    <Ngay>2017-03-30T23:18:55.8986952</Ngay>
  </NCKH_KeKhai>
  <NCKH_KeKhai>
    <HoSoId>103</HoSoId>
    <GiangVienId>47</GiangVienId>
    <Ngay>2017-03-30T23:19:02.4507067</Ngay>
  </NCKH_KeKhai>
  <NCKH_KeKhai>
    <HoSoId>267</HoSoId>
    <GiangVienId>47</GiangVienId>
    <Ngay>2017-03-30T23:19:10.7343213</Ngay>
  </NCKH_KeKhai>
  <NCKH_KeKhai>
    <HoSoId>71</HoSoId>
    <GiangVienId>47</GiangVienId>
    <Ngay>2017-03-30T23:19:18.2545345</Ngay>
  </NCKH_KeKhai>
  <NCKH_KeKhai>
    <HoSoId>93</HoSoId>
    <GiangVienId>47</GiangVienId>
    <Ngay>2017-03-30T23:19:21.5773404</Ngay>
  </NCKH_KeKhai>
  <NCKH_KeKhai>
    <HoSoId>94</HoSoId>
    <GiangVienId>47</GiangVienId>
    <Ngay>2017-03-30T23:19:24.6973459</Ngay>
  </NCKH_KeKhai>
  <NCKH_KeKhai>
    <HoSoId>87</HoSoId>
    <GiangVienId>47</GiangVienId>
    <Ngay>2017-03-30T23:19:28.7221529</Ngay>
  </NCKH_KeKhai>
  <NCKH_KeKhai>
    <HoSoId>74</HoSoId>
    <GiangVienId>47</GiangVienId>
    <Ngay>2017-03-30T23:19:40.2817732</Ngay>
  </NCKH_KeKhai>
  <NCKH_KeKhai>
    <HoSoId>72</HoSoId>
    <GiangVienId>47</GiangVienId>
    <Ngay>2017-03-30T23:21:17.0643432</Ngay>
  </NCKH_KeKhai>
  <NCKH_KeKhai>
    <HoSoId>95</HoSoId>
    <GiangVienId>47</GiangVienId>
    <Ngay>2017-03-30T23:21:23.4135544</Ngay>
  </NCKH_KeKhai>
  <NCKH_KeKhai>
    <HoSoId>241</HoSoId>
    <GiangVienId>47</GiangVienId>
    <Ngay>2017-03-30T23:21:48.7011988</Ngay>
  </NCKH_KeKhai>
  <NCKH_KeKhai>
    <HoSoId>263</HoSoId>
    <GiangVienId>47</GiangVienId>
    <Ngay>2017-03-30T23:21:55.9552115</Ngay>
  </NCKH_KeKhai>
  <NCKH_KeKhai>
    <HoSoId>266</HoSoId>
    <GiangVienId>47</GiangVienId>
    <Ngay>2017-03-30T23:22:07.9828327</Ngay>
  </NCKH_KeKhai>
  <NCKH_KeKhai>
    <HoSoId>96</HoSoId>
    <GiangVienId>47</GiangVienId>
    <Ngay>2017-03-30T23:22:30.8368728</Ngay>
  </NCKH_KeKhai>
  <NCKH_KeKhai>
    <HoSoId>97</HoSoId>
    <GiangVienId>47</GiangVienId>
    <Ngay>2017-03-30T23:22:38.1532856</Ngay>
  </NCKH_KeKhai>
  <NCKH_KeKhai>
    <HoSoId>105</HoSoId>
    <GiangVienId>47</GiangVienId>
    <Ngay>2017-03-30T23:22:47.9033028</Ngay>
  </NCKH_KeKhai>
  <NCKH_KeKhai>
    <HoSoId>100</HoSoId>
    <GiangVienId>47</GiangVienId>
    <Ngay>2017-03-30T23:22:57.4827197</Ngay>
  </NCKH_KeKhai>
  <NCKH_KeKhai>
    <HoSoId>98</HoSoId>
    <GiangVienId>47</GiangVienId>
    <Ngay>2017-03-30T23:23:18.9483574</Ngay>
  </NCKH_KeKhai>
  <NCKH_KeKhai>
    <HoSoId>106</HoSoId>
    <GiangVienId>47</GiangVienId>
    <Ngay>2017-03-30T23:23:30.6171779</Ngay>
  </NCKH_KeKhai>
  <NCKH_KeKhai>
    <HoSoId>108</HoSoId>
    <GiangVienId>47</GiangVienId>
    <Ngay>2017-03-30T23:23:39.5091935</Ngay>
  </NCKH_KeKhai>
  <NCKH_KeKhai>
    <HoSoId>107</HoSoId>
    <GiangVienId>47</GiangVienId>
    <Ngay>2017-03-30T23:23:46.8100063</Ngay>
  </NCKH_KeKhai>
  <NCKH_KeKhai>
    <HoSoId>109</HoSoId>
    <GiangVienId>47</GiangVienId>
    <Ngay>2017-03-30T23:23:53.0968173</Ngay>
  </NCKH_KeKhai>
  <NCKH_KeKhai>
    <HoSoId>121</HoSoId>
    <GiangVienId>47</GiangVienId>
    <Ngay>2017-03-30T23:24:03.9232364</Ngay>
  </NCKH_KeKhai>
  <NCKH_KeKhai>
    <HoSoId>119</HoSoId>
    <GiangVienId>47</GiangVienId>
    <Ngay>2017-03-30T23:25:27.4009831</Ngay>
  </NCKH_KeKhai>
  <NCKH_KeKhai>
    <HoSoId>234</HoSoId>
    <GiangVienId>47</GiangVienId>
    <Ngay>2017-03-30T23:25:37.1198002</Ngay>
  </NCKH_KeKhai>
  <NCKH_KeKhai>
    <HoSoId>254</HoSoId>
    <GiangVienId>47</GiangVienId>
    <Ngay>2017-03-30T23:25:44.2178126</Ngay>
  </NCKH_KeKhai>
  <NCKH_KeKhai>
    <HoSoId>99</HoSoId>
    <GiangVienId>47</GiangVienId>
    <Ngay>2017-03-30T23:25:57.0254351</Ngay>
  </NCKH_KeKhai>
  <NCKH_KeKhai>
    <HoSoId>112</HoSoId>
    <GiangVienId>47</GiangVienId>
    <Ngay>2017-03-30T23:27:11.0485652</Ngay>
  </NCKH_KeKhai>
  <NCKH_KeKhai>
    <HoSoId>113</HoSoId>
    <GiangVienId>47</GiangVienId>
    <Ngay>2017-03-30T23:27:25.2445901</Ngay>
  </NCKH_KeKhai>
  <NCKH_KeKhai>
    <HoSoId>124</HoSoId>
    <GiangVienId>47</GiangVienId>
    <Ngay>2017-03-30T23:27:32.576603</Ngay>
  </NCKH_KeKhai>
  <NCKH_KeKhai>
    <HoSoId>123</HoSoId>
    <GiangVienId>47</GiangVienId>
    <Ngay>2017-03-30T23:27:42.6074206</Ngay>
  </NCKH_KeKhai>
  <NCKH_KeKhai>
    <HoSoId>104</HoSoId>
    <GiangVienId>47</GiangVienId>
    <Ngay>2017-03-30T23:27:54.0734408</Ngay>
  </NCKH_KeKhai>
  <NCKH_KeKhai>
    <HoSoId>125</HoSoId>
    <GiangVienId>47</GiangVienId>
    <Ngay>2017-03-30T23:28:15.7730789</Ngay>
  </NCKH_KeKhai>
  <NCKH_KeKhai>
    <HoSoId>126</HoSoId>
    <GiangVienId>47</GiangVienId>
    <Ngay>2017-03-30T23:28:22.8866914</Ngay>
  </NCKH_KeKhai>
  <NCKH_KeKhai>
    <HoSoId>127</HoSoId>
    <GiangVienId>47</GiangVienId>
    <Ngay>2017-03-30T23:28:39.6255208</Ngay>
  </NCKH_KeKhai>
  <NCKH_KeKhai>
    <HoSoId>129</HoSoId>
    <GiangVienId>47</GiangVienId>
    <Ngay>2017-03-30T23:28:47.0199337</Ngay>
  </NCKH_KeKhai>
  <NCKH_KeKhai>
    <HoSoId>131</HoSoId>
    <GiangVienId>47</GiangVienId>
    <Ngay>2017-03-30T23:30:41.6031351</Ngay>
  </NCKH_KeKhai>
  <NCKH_KeKhai>
    <HoSoId>132</HoSoId>
    <GiangVienId>47</GiangVienId>
    <Ngay>2017-03-30T23:30:47.2971451</Ngay>
  </NCKH_KeKhai>
  <NCKH_KeKhai>
    <HoSoId>133</HoSoId>
    <GiangVienId>47</GiangVienId>
    <Ngay>2017-03-30T23:30:51.6495527</Ngay>
  </NCKH_KeKhai>
  <NCKH_KeKhai>
    <HoSoId>135</HoSoId>
    <GiangVienId>47</GiangVienId>
    <Ngay>2017-03-30T23:32:28.5561255</Ngay>
  </NCKH_KeKhai>
  <NCKH_KeKhai>
    <HoSoId>136</HoSoId>
    <GiangVienId>47</GiangVienId>
    <Ngay>2017-03-30T23:32:35.1549371</Ngay>
  </NCKH_KeKhai>
  <NCKH_KeKhai>
    <HoSoId>137</HoSoId>
    <GiangVienId>47</GiangVienId>
    <Ngay>2017-03-30T23:32:43.080751</Ngay>
  </NCKH_KeKhai>
  <NCKH_KeKhai>
    <HoSoId>138</HoSoId>
    <GiangVienId>47</GiangVienId>
    <Ngay>2017-03-30T23:32:56.5591747</Ngay>
  </NCKH_KeKhai>
  <NCKH_KeKhai>
    <HoSoId>139</HoSoId>
    <GiangVienId>47</GiangVienId>
    <Ngay>2017-03-30T23:33:01.5823835</Ngay>
  </NCKH_KeKhai>
  <NCKH_KeKhai>
    <HoSoId>141</HoSoId>
    <GiangVienId>47</GiangVienId>
    <Ngay>2017-03-30T23:33:05.9191911</Ngay>
  </NCKH_KeKhai>
  <NCKH_KeKhai>
    <HoSoId>142</HoSoId>
    <GiangVienId>47</GiangVienId>
    <Ngay>2017-03-30T23:33:09.5383975</Ngay>
  </NCKH_KeKhai>
  <NCKH_KeKhai>
    <HoSoId>143</HoSoId>
    <GiangVienId>47</GiangVienId>
    <Ngay>2017-03-30T23:33:21.3008182</Ngay>
  </NCKH_KeKhai>
  <NCKH_KeKhai>
    <HoSoId>151</HoSoId>
    <GiangVienId>47</GiangVienId>
    <Ngay>2017-03-30T23:33:25.778026</Ngay>
  </NCKH_KeKhai>
  <NCKH_KeKhai>
    <HoSoId>145</HoSoId>
    <GiangVienId>47</GiangVienId>
    <Ngay>2017-03-30T23:34:26.3695325</Ngay>
  </NCKH_KeKhai>
  <NCKH_KeKhai>
    <HoSoId>146</HoSoId>
    <GiangVienId>47</GiangVienId>
    <Ngay>2017-03-30T23:34:58.3495887</Ngay>
  </NCKH_KeKhai>
  <NCKH_KeKhai>
    <HoSoId>147</HoSoId>
    <GiangVienId>47</GiangVienId>
    <Ngay>2017-03-30T23:35:09.0980076</Ngay>
  </NCKH_KeKhai>
  <NCKH_KeKhai>
    <HoSoId>159</HoSoId>
    <GiangVienId>47</GiangVienId>
    <Ngay>2017-03-30T23:35:15.041618</Ngay>
  </NCKH_KeKhai>
  <NCKH_KeKhai>
    <HoSoId>149</HoSoId>
    <GiangVienId>47</GiangVienId>
    <Ngay>2017-03-30T23:35:20.2444276</Ngay>
  </NCKH_KeKhai>
  <NCKH_KeKhai>
    <HoSoId>150</HoSoId>
    <GiangVienId>47</GiangVienId>
    <Ngay>2017-03-30T23:35:24.5032351</Ngay>
  </NCKH_KeKhai>
  <NCKH_KeKhai>
    <HoSoId>152</HoSoId>
    <GiangVienId>47</GiangVienId>
    <Ngay>2017-03-30T23:35:28.8088426</Ngay>
  </NCKH_KeKhai>
  <NCKH_KeKhai>
    <HoSoId>158</HoSoId>
    <GiangVienId>47</GiangVienId>
    <Ngay>2017-03-30T23:35:35.7040547</Ngay>
  </NCKH_KeKhai>
  <NCKH_KeKhai>
    <HoSoId>160</HoSoId>
    <GiangVienId>47</GiangVienId>
    <Ngay>2017-03-30T23:35:41.7412653</Ngay>
  </NCKH_KeKhai>
  <NCKH_KeKhai>
    <HoSoId>153</HoSoId>
    <GiangVienId>47</GiangVienId>
    <Ngay>2017-03-30T23:35:46.2340732</Ngay>
  </NCKH_KeKhai>
  <NCKH_KeKhai>
    <HoSoId>182</HoSoId>
    <GiangVienId>47</GiangVienId>
    <Ngay>2017-03-30T23:35:50.1340801</Ngay>
  </NCKH_KeKhai>
  <NCKH_KeKhai>
    <HoSoId>183</HoSoId>
    <GiangVienId>47</GiangVienId>
    <Ngay>2017-03-30T23:35:55.5940897</Ngay>
  </NCKH_KeKhai>
  <NCKH_KeKhai>
    <HoSoId>184</HoSoId>
    <GiangVienId>47</GiangVienId>
    <Ngay>2017-03-30T23:36:00.9604991</Ngay>
  </NCKH_KeKhai>
  <NCKH_KeKhai>
    <HoSoId>185</HoSoId>
    <GiangVienId>47</GiangVienId>
    <Ngay>2017-03-30T23:36:04.4549052</Ngay>
  </NCKH_KeKhai>
  <NCKH_KeKhai>
    <HoSoId>186</HoSoId>
    <GiangVienId>47</GiangVienId>
    <Ngay>2017-03-30T23:36:09.2285136</Ngay>
  </NCKH_KeKhai>
  <NCKH_KeKhai>
    <HoSoId>187</HoSoId>
    <GiangVienId>47</GiangVienId>
    <Ngay>2017-03-30T23:36:17.1065274</Ngay>
  </NCKH_KeKhai>
  <NCKH_KeKhai>
    <HoSoId>188</HoSoId>
    <GiangVienId>47</GiangVienId>
    <Ngay>2017-03-30T23:36:21.8655359</Ngay>
  </NCKH_KeKhai>
  <NCKH_KeKhai>
    <HoSoId>190</HoSoId>
    <GiangVienId>47</GiangVienId>
    <Ngay>2017-03-30T23:36:26.483144</Ngay>
  </NCKH_KeKhai>
  <NCKH_KeKhai>
    <HoSoId>192</HoSoId>
    <GiangVienId>47</GiangVienId>
    <Ngay>2017-03-30T23:36:32.3955544</Ngay>
  </NCKH_KeKhai>
  <NCKH_KeKhai>
    <HoSoId>191</HoSoId>
    <GiangVienId>47</GiangVienId>
    <Ngay>2017-03-30T23:36:39.5559669</Ngay>
  </NCKH_KeKhai>
  <NCKH_KeKhai>
    <HoSoId>193</HoSoId>
    <GiangVienId>47</GiangVienId>
    <Ngay>2017-03-30T23:36:45.1407767</Ngay>
  </NCKH_KeKhai>
  <NCKH_KeKhai>
    <HoSoId>195</HoSoId>
    <GiangVienId>47</GiangVienId>
    <Ngay>2017-03-30T23:36:55.7019953</Ngay>
  </NCKH_KeKhai>
  <NCKH_KeKhai>
    <HoSoId>648</HoSoId>
    <GiangVienId>47</GiangVienId>
    <Ngay>2017-03-30T23:37:41.0990751</Ngay>
  </NCKH_KeKhai>
  <NCKH_KeKhai>
    <HoSoId>633</HoSoId>
    <GiangVienId>47</GiangVienId>
    <Ngay>2017-03-30T23:38:11.0667277</Ngay>
  </NCKH_KeKhai>
  <NCKH_KeKhai>
    <HoSoId>161</HoSoId>
    <GiangVienId>47</GiangVienId>
    <Ngay>2017-03-30T23:38:17.0103382</Ngay>
  </NCKH_KeKhai>
  <NCKH_KeKhai>
    <HoSoId>652</HoSoId>
    <GiangVienId>47</GiangVienId>
    <Ngay>2017-03-31T00:02:43.7453163</Ngay>
  </NCKH_KeKhai>
  <NCKH_KeKhai>
    <HoSoId>424</HoSoId>
    <GiangVienId>47</GiangVienId>
    <Ngay>2017-03-31T06:25:03.4382679</Ngay>
  </NCKH_KeKhai>
  <NCKH_KeKhai>
    <HoSoId>655</HoSoId>
    <GiangVienId>47</GiangVienId>
    <Ngay>2017-03-31T06:33:05.4853175</Ngay>
  </NCKH_KeKhai>
  <NCKH_KeKhai>
    <HoSoId>382</HoSoId>
    <GiangVienId>47</GiangVienId>
    <Ngay>2017-03-31T12:45:23.6326173</Ngay>
  </NCKH_KeKhai>
  <NCKH_KeKhai>
    <HoSoId>659</HoSoId>
    <GiangVienId>47</GiangVienId>
    <Ngay>2017-03-31T12:49:17.5876292</Ngay>
  </NCKH_KeKhai>
  <NCKH_KeKhai>
    <HoSoId>663</HoSoId>
    <GiangVienId>47</GiangVienId>
    <Ngay>2017-03-31T12:55:21.6952688</Ngay>
  </NCKH_KeKhai>
  <NCKH_KeKhai>
    <HoSoId>670</HoSoId>
    <GiangVienId>47</GiangVienId>
    <Ngay>2017-03-31T13:04:15.7322095</Ngay>
  </NCKH_KeKhai>
  <NCKH_KeKhai>
    <HoSoId>529</HoSoId>
    <GiangVienId>47</GiangVienId>
    <Ngay>2017-03-31T22:26:25.4691373</Ngay>
  </NCKH_KeKhai>
  <NCKH_KeKhai>
    <HoSoId>35</HoSoId>
    <GiangVienId>47</GiangVienId>
    <Ngay>2017-03-31T22:26:33.1755508</Ngay>
  </NCKH_KeKhai>
  <NCKH_KeKhai>
    <HoSoId>38</HoSoId>
    <GiangVienId>47</GiangVienId>
    <Ngay>2017-03-31T22:26:39.2283614</Ngay>
  </NCKH_KeKhai>
  <NCKH_KeKhai>
    <HoSoId>33</HoSoId>
    <GiangVienId>47</GiangVienId>
    <Ngay>2017-03-31T22:26:47.2311755</Ngay>
  </NCKH_KeKhai>
  <NCKH_KeKhai>
    <HoSoId>706</HoSoId>
    <GiangVienId>47</GiangVienId>
    <Ngay>2017-03-31T22:29:25.3540533</Ngay>
  </NCKH_KeKhai>
  <NCKH_KeKhai>
    <HoSoId>708</HoSoId>
    <GiangVienId>47</GiangVienId>
    <Ngay>2017-03-31T22:31:53.0569145</Ngay>
  </NCKH_KeKhai>
  <NCKH_KeKhai>
    <HoSoId>703</HoSoId>
    <GiangVienId>47</GiangVienId>
    <Ngay>2017-03-31T22:42:43.8912603</Ngay>
  </NCKH_KeKhai>
  <NCKH_KeKhai>
    <HoSoId>700</HoSoId>
    <GiangVienId>47</GiangVienId>
    <Ngay>2017-03-31T22:42:52.5492755</Ngay>
  </NCKH_KeKhai>
  <NCKH_KeKhai>
    <HoSoId>697</HoSoId>
    <GiangVienId>47</GiangVienId>
    <Ngay>2017-03-31T22:43:03.8592954</Ngay>
  </NCKH_KeKhai>
  <NCKH_KeKhai>
    <HoSoId>684</HoSoId>
    <GiangVienId>47</GiangVienId>
    <Ngay>2017-03-31T22:43:35.3401507</Ngay>
  </NCKH_KeKhai>
  <NCKH_KeKhai>
    <HoSoId>690</HoSoId>
    <GiangVienId>47</GiangVienId>
    <Ngay>2017-03-31T22:43:45.199368</Ngay>
  </NCKH_KeKhai>
  <NCKH_KeKhai>
    <HoSoId>687</HoSoId>
    <GiangVienId>47</GiangVienId>
    <Ngay>2017-03-31T22:43:55.6513863</Ngay>
  </NCKH_KeKhai>
  <NCKH_KeKhai>
    <HoSoId>677</HoSoId>
    <GiangVienId>47</GiangVienId>
    <Ngay>2017-03-31T22:44:58.5506968</Ngay>
  </NCKH_KeKhai>
  <NCKH_KeKhai>
    <HoSoId>680</HoSoId>
    <GiangVienId>47</GiangVienId>
    <Ngay>2017-03-31T22:45:45.0709786</Ngay>
  </NCKH_KeKhai>
  <NCKH_KeKhai>
    <HoSoId>694</HoSoId>
    <GiangVienId>47</GiangVienId>
    <Ngay>2017-03-31T22:45:55.6789972</Ngay>
  </NCKH_KeKhai>
  <NCKH_KeKhai>
    <HoSoId>726</HoSoId>
    <GiangVienId>47</GiangVienId>
    <Ngay>2017-04-03T14:01:29.4757377</Ngay>
  </NCKH_KeKhai>
  <NCKH_KeKhai>
    <HoSoId>724</HoSoId>
    <GiangVienId>47</GiangVienId>
    <Ngay>2017-04-03T14:01:53.031779</Ngay>
  </NCKH_KeKhai>
  <NCKH_KeKhai>
    <HoSoId>722</HoSoId>
    <GiangVienId>47</GiangVienId>
    <Ngay>2017-04-03T14:02:05.7614014</Ngay>
  </NCKH_KeKhai>
  <NCKH_KeKhai>
    <HoSoId>720</HoSoId>
    <GiangVienId>47</GiangVienId>
    <Ngay>2017-04-03T14:02:21.9230298</Ngay>
  </NCKH_KeKhai>
  <NCKH_KeKhai>
    <HoSoId>743</HoSoId>
    <GiangVienId>47</GiangVienId>
    <Ngay>2017-04-04T07:23:46.1871181</Ngay>
  </NCKH_KeKhai>
  <NCKH_KeKhai>
    <HoSoId>738</HoSoId>
    <GiangVienId>47</GiangVienId>
    <Ngay>2017-04-04T07:24:19.0719759</Ngay>
  </NCKH_KeKhai>
  <NCKH_KeKhai>
    <HoSoId>730</HoSoId>
    <GiangVienId>47</GiangVienId>
    <Ngay>2017-04-04T07:24:54.9520389</Ngay>
  </NCKH_KeKhai>
  <NCKH_KeKhai>
    <HoSoId>732</HoSoId>
    <GiangVienId>47</GiangVienId>
    <Ngay>2017-04-04T07:26:02.0089571</Ngay>
  </NCKH_KeKhai>
  <NCKH_KeKhai>
    <HoSoId>716</HoSoId>
    <GiangVienId>47</GiangVienId>
    <Ngay>2017-04-04T07:34:02.8400021</Ngay>
  </NCKH_KeKhai>
  <NCKH_KeKhai>
    <HoSoId>588</HoSoId>
    <GiangVienId>47</GiangVienId>
    <Ngay>2017-04-04T07:34:45.9428778</Ngay>
  </NCKH_KeKhai>
  <NCKH_KeKhai>
    <HoSoId>751</HoSoId>
    <GiangVienId>47</GiangVienId>
    <Ngay>2017-04-04T22:36:27.0522196</Ngay>
  </NCKH_KeKhai>
  <NCKH_KeKhai>
    <HoSoId>761</HoSoId>
    <GiangVienId>47</GiangVienId>
    <Ngay>2017-04-10T09:59:16.5722025</Ngay>
  </NCKH_KeKhai>
  <NCKH_KeKhai>
    <HoSoId>660</HoSoId>
    <GiangVienId>47</GiangVienId>
    <Ngay>2017-06-05T17:02:33.178569</Ngay>
  </NCKH_KeKhai>
  <NCKH_KeKhai>
    <HoSoId>764</HoSoId>
    <GiangVienId>47</GiangVienId>
    <Ngay>2017-06-05T17:06:31.0789869</Ngay>
  </NCKH_KeKhai>
  <NCKH_KeKhai>
    <HoSoId>822</HoSoId>
    <GiangVienId>47</GiangVienId>
    <Ngay>2017-06-25T21:09:13.3152027</Ngay>
  </NCKH_KeKhai>
  <NCKH_KeKhai>
    <HoSoId>820</HoSoId>
    <GiangVienId>47</GiangVienId>
    <Ngay>2017-06-25T21:10:00.7552869</Ngay>
  </NCKH_KeKhai>
  <NCKH_KeKhai>
    <HoSoId>814</HoSoId>
    <GiangVienId>47</GiangVienId>
    <Ngay>2017-06-25T21:26:17.2564038</Ngay>
  </NCKH_KeKhai>
  <NCKH_KeKhai>
    <HoSoId>812</HoSoId>
    <GiangVienId>47</GiangVienId>
    <Ngay>2017-06-25T21:27:32.0897353</Ngay>
  </NCKH_KeKhai>
  <NCKH_KeKhai>
    <HoSoId>816</HoSoId>
    <GiangVienId>47</GiangVienId>
    <Ngay>2017-06-25T21:28:14.2566093</Ngay>
  </NCKH_KeKhai>
  <NCKH_KeKhai>
    <HoSoId>810</HoSoId>
    <GiangVienId>47</GiangVienId>
    <Ngay>2017-06-25T21:29:14.8159157</Ngay>
  </NCKH_KeKhai>
  <NCKH_KeKhai>
    <HoSoId>808</HoSoId>
    <GiangVienId>47</GiangVienId>
    <Ngay>2017-06-25T21:30:31.6928507</Ngay>
  </NCKH_KeKhai>
  <NCKH_KeKhai>
    <HoSoId>806</HoSoId>
    <GiangVienId>47</GiangVienId>
    <Ngay>2017-06-25T21:31:15.7317281</Ngay>
  </NCKH_KeKhai>
  <NCKH_KeKhai>
    <HoSoId>804</HoSoId>
    <GiangVienId>47</GiangVienId>
    <Ngay>2017-06-25T21:37:42.3170071</Ngay>
  </NCKH_KeKhai>
  <NCKH_KeKhai>
    <HoSoId>802</HoSoId>
    <GiangVienId>47</GiangVienId>
    <Ngay>2017-06-25T21:39:50.9452334</Ngay>
  </NCKH_KeKhai>
  <NCKH_KeKhai>
    <HoSoId>800</HoSoId>
    <GiangVienId>47</GiangVienId>
    <Ngay>2017-06-25T21:42:12.6090822</Ngay>
  </NCKH_KeKhai>
  <NCKH_KeKhai>
    <HoSoId>798</HoSoId>
    <GiangVienId>47</GiangVienId>
    <Ngay>2017-06-25T21:44:23.8989128</Ngay>
  </NCKH_KeKhai>
  <NCKH_KeKhai>
    <HoSoId>796</HoSoId>
    <GiangVienId>47</GiangVienId>
    <Ngay>2017-06-25T21:48:53.6295895</Ngay>
  </NCKH_KeKhai>
  <NCKH_KeKhai>
    <HoSoId>794</HoSoId>
    <GiangVienId>47</GiangVienId>
    <Ngay>2017-06-25T21:55:18.0850661</Ngay>
  </NCKH_KeKhai>
  <NCKH_KeKhai>
    <HoSoId>792</HoSoId>
    <GiangVienId>47</GiangVienId>
    <Ngay>2017-06-25T21:57:13.026068</Ngay>
  </NCKH_KeKhai>
  <NCKH_KeKhai>
    <HoSoId>790</HoSoId>
    <GiangVienId>47</GiangVienId>
    <Ngay>2017-06-25T21:59:44.2849337</Ngay>
  </NCKH_KeKhai>
  <NCKH_KeKhai>
    <HoSoId>788</HoSoId>
    <GiangVienId>47</GiangVienId>
    <Ngay>2017-06-25T22:01:41.2539391</Ngay>
  </NCKH_KeKhai>
  <NCKH_KeKhai>
    <HoSoId>786</HoSoId>
    <GiangVienId>47</GiangVienId>
    <Ngay>2017-06-25T22:36:29.8474127</Ngay>
  </NCKH_KeKhai>
  <NCKH_KeKhai>
    <HoSoId>784</HoSoId>
    <GiangVienId>47</GiangVienId>
    <Ngay>2017-06-25T22:36:54.4174559</Ngay>
  </NCKH_KeKhai>
  <NCKH_KeKhai>
    <HoSoId>780</HoSoId>
    <GiangVienId>47</GiangVienId>
    <Ngay>2017-06-25T22:40:08.0519964</Ngay>
  </NCKH_KeKhai>
  <NCKH_KeKhai>
    <HoSoId>778</HoSoId>
    <GiangVienId>47</GiangVienId>
    <Ngay>2017-06-25T22:41:19.016521</Ngay>
  </NCKH_KeKhai>
  <NCKH_KeKhai>
    <HoSoId>776</HoSoId>
    <GiangVienId>47</GiangVienId>
    <Ngay>2017-06-25T22:46:30.2692678</Ngay>
  </NCKH_KeKhai>
  <NCKH_KeKhai>
    <HoSoId>774</HoSoId>
    <GiangVienId>47</GiangVienId>
    <Ngay>2017-06-25T22:47:14.1989449</Ngay>
  </NCKH_KeKhai>
  <NCKH_KeKhai>
    <HoSoId>772</HoSoId>
    <GiangVienId>47</GiangVienId>
    <Ngay>2017-06-25T22:47:41.6705932</Ngay>
  </NCKH_KeKhai>
  <NCKH_KeKhai>
    <HoSoId>770</HoSoId>
    <GiangVienId>47</GiangVienId>
    <Ngay>2017-06-25T22:48:22.542665</Ngay>
  </NCKH_KeKhai>
  <NCKH_KeKhai>
    <HoSoId>766</HoSoId>
    <GiangVienId>47</GiangVienId>
    <Ngay>2017-06-25T22:48:48.1267099</Ngay>
  </NCKH_KeKhai>
  <NCKH_KeKhai>
    <HoSoId>768</HoSoId>
    <GiangVienId>47</GiangVienId>
    <Ngay>2017-06-25T22:49:11.6993513</Ngay>
  </NCKH_KeKhai>
  <NCKH_KeKhai>
    <HoSoId>453</HoSoId>
    <GiangVienId>47</GiangVienId>
    <Ngay>2017-06-27T09:57:00.9639492</Ngay>
  </NCKH_KeKhai>
  <NCKH_KeKhai>
    <HoSoId>451</HoSoId>
    <GiangVienId>47</GiangVienId>
    <Ngay>2017-06-27T10:01:03.3571749</Ngay>
  </NCKH_KeKhai>
  <NCKH_KeKhai>
    <HoSoId>849</HoSoId>
    <GiangVienId>47</GiangVienId>
    <Ngay>2017-06-27T10:06:32.0185522</Ngay>
  </NCKH_KeKhai>
  <NCKH_KeKhai>
    <HoSoId>902</HoSoId>
    <GiangVienId>47</GiangVienId>
    <Ngay>2017-06-27T21:42:37.4482039</Ngay>
  </NCKH_KeKhai>
  <NCKH_KeKhai>
    <HoSoId>899</HoSoId>
    <GiangVienId>47</GiangVienId>
    <Ngay>2017-06-27T21:43:28.7722941</Ngay>
  </NCKH_KeKhai>
  <NCKH_KeKhai>
    <HoSoId>896</HoSoId>
    <GiangVienId>47</GiangVienId>
    <Ngay>2017-06-27T21:43:50.955533</Ngay>
  </NCKH_KeKhai>
  <NCKH_KeKhai>
    <HoSoId>893</HoSoId>
    <GiangVienId>47</GiangVienId>
    <Ngay>2017-06-27T21:44:52.6848414</Ngay>
  </NCKH_KeKhai>
  <NCKH_KeKhai>
    <HoSoId>890</HoSoId>
    <GiangVienId>47</GiangVienId>
    <Ngay>2017-06-27T21:45:19.1268879</Ngay>
  </NCKH_KeKhai>
  <NCKH_KeKhai>
    <HoSoId>887</HoSoId>
    <GiangVienId>47</GiangVienId>
    <Ngay>2017-06-27T21:47:34.920527</Ngay>
  </NCKH_KeKhai>
  <NCKH_KeKhai>
    <HoSoId>875</HoSoId>
    <GiangVienId>47</GiangVienId>
    <Ngay>2017-06-27T21:48:15.6989986</Ngay>
  </NCKH_KeKhai>
  <NCKH_KeKhai>
    <HoSoId>881</HoSoId>
    <GiangVienId>47</GiangVienId>
    <Ngay>2017-06-27T21:48:57.6630723</Ngay>
  </NCKH_KeKhai>
  <NCKH_KeKhai>
    <HoSoId>852</HoSoId>
    <GiangVienId>47</GiangVienId>
    <Ngay>2017-06-27T21:50:18.7364147</Ngay>
  </NCKH_KeKhai>
  <NCKH_KeKhai>
    <HoSoId>878</HoSoId>
    <GiangVienId>47</GiangVienId>
    <Ngay>2017-06-27T21:53:19.7279326</Ngay>
  </NCKH_KeKhai>
  <NCKH_KeKhai>
    <HoSoId>860</HoSoId>
    <GiangVienId>47</GiangVienId>
    <Ngay>2017-06-27T21:54:21.8316417</Ngay>
  </NCKH_KeKhai>
  <NCKH_KeKhai>
    <HoSoId>904</HoSoId>
    <GiangVienId>47</GiangVienId>
    <Ngay>2017-06-27T21:54:45.6528835</Ngay>
  </NCKH_KeKhai>
  <NCKH_KeKhai>
    <HoSoId>927</HoSoId>
    <GiangVienId>47</GiangVienId>
    <Ngay>2017-06-27T21:56:25.5876591</Ngay>
  </NCKH_KeKhai>
  <NCKH_KeKhai>
    <HoSoId>841</HoSoId>
    <GiangVienId>47</GiangVienId>
    <Ngay>2017-06-27T21:57:54.0242145</Ngay>
  </NCKH_KeKhai>
  <NCKH_KeKhai>
    <HoSoId>818</HoSoId>
    <GiangVienId>47</GiangVienId>
    <Ngay>2017-06-27T21:58:25.3958696</Ngay>
  </NCKH_KeKhai>
  <NCKH_KeKhai>
    <HoSoId>872</HoSoId>
    <GiangVienId>47</GiangVienId>
    <Ngay>2017-06-27T22:01:08.462956</Ngay>
  </NCKH_KeKhai>
  <NCKH_KeKhai>
    <HoSoId>749</HoSoId>
    <GiangVienId>47</GiangVienId>
    <Ngay>2017-06-27T22:01:35.809804</Ngay>
  </NCKH_KeKhai>
  <NCKH_KeKhai>
    <HoSoId>857</HoSoId>
    <GiangVienId>47</GiangVienId>
    <Ngay>2017-06-27T22:02:01.1598485</Ngay>
  </NCKH_KeKhai>
  <NCKH_KeKhai>
    <HoSoId>945</HoSoId>
    <GiangVienId>47</GiangVienId>
    <Ngay>2017-06-29T08:28:50.1750923</Ngay>
  </NCKH_KeKhai>
  <NCKH_KeKhai>
    <HoSoId>883</HoSoId>
    <GiangVienId>47</GiangVienId>
    <Ngay>2017-06-29T08:30:23.4476561</Ngay>
  </NCKH_KeKhai>
  <NCKH_KeKhai>
    <HoSoId>929</HoSoId>
    <GiangVienId>47</GiangVienId>
    <Ngay>2017-06-29T09:08:55.3043207</Ngay>
  </NCKH_KeKhai>
  <NCKH_KeKhai>
    <HoSoId>931</HoSoId>
    <GiangVienId>47</GiangVienId>
    <Ngay>2017-06-29T09:09:29.6927814</Ngay>
  </NCKH_KeKhai>
  <NCKH_KeKhai>
    <HoSoId>933</HoSoId>
    <GiangVienId>47</GiangVienId>
    <Ngay>2017-06-29T09:10:54.1825298</Ngay>
  </NCKH_KeKhai>
  <NCKH_KeKhai>
    <HoSoId>937</HoSoId>
    <GiangVienId>47</GiangVienId>
    <Ngay>2017-06-29T09:11:37.3946057</Ngay>
  </NCKH_KeKhai>
  <NCKH_KeKhai>
    <HoSoId>941</HoSoId>
    <GiangVienId>47</GiangVienId>
    <Ngay>2017-06-29T09:12:01.7774486</Ngay>
  </NCKH_KeKhai>
  <NCKH_KeKhai>
    <HoSoId>939</HoSoId>
    <GiangVienId>47</GiangVienId>
    <Ngay>2017-06-29T09:12:21.2150827</Ngay>
  </NCKH_KeKhai>
  <NCKH_KeKhai>
    <HoSoId>782</HoSoId>
    <GiangVienId>47</GiangVienId>
    <Ngay>2017-07-02T20:49:22.2606209</Ngay>
  </NCKH_KeKhai>
  <NCKH_KeKhai>
    <HoSoId>1000</HoSoId>
    <GiangVienId>47</GiangVienId>
    <Ngay>2017-07-02T20:49:49.4046686</Ngay>
  </NCKH_KeKhai>
  <NCKH_KeKhai>
    <HoSoId>935</HoSoId>
    <GiangVienId>47</GiangVienId>
    <Ngay>2017-07-02T20:52:23.89274</Ngay>
  </NCKH_KeKhai>
  <NCKH_KeKhai>
    <HoSoId>885</HoSoId>
    <GiangVienId>47</GiangVienId>
    <Ngay>2017-07-02T20:58:10.5253488</Ngay>
  </NCKH_KeKhai>
  <NCKH_KeKhai>
    <HoSoId>943</HoSoId>
    <GiangVienId>47</GiangVienId>
    <Ngay>2017-07-02T20:58:30.4777839</Ngay>
  </NCKH_KeKhai>
  <NCKH_KeKhai>
    <HoSoId>947</HoSoId>
    <GiangVienId>47</GiangVienId>
    <Ngay>2017-07-02T20:59:09.4934524</Ngay>
  </NCKH_KeKhai>
  <NCKH_KeKhai>
    <HoSoId>948</HoSoId>
    <GiangVienId>47</GiangVienId>
    <Ngay>2017-07-02T20:59:32.9870936</Ngay>
  </NCKH_KeKhai>
  <NCKH_KeKhai>
    <HoSoId>949</HoSoId>
    <GiangVienId>47</GiangVienId>
    <Ngay>2017-07-02T21:01:23.0774871</Ngay>
  </NCKH_KeKhai>
  <NCKH_KeKhai>
    <HoSoId>203</HoSoId>
    <GiangVienId>47</GiangVienId>
    <Ngay>2017-07-02T21:02:29.9080044</Ngay>
  </NCKH_KeKhai>
  <NCKH_KeKhai>
    <HoSoId>953</HoSoId>
    <GiangVienId>47</GiangVienId>
    <Ngay>2017-07-02T21:03:19.7032919</Ngay>
  </NCKH_KeKhai>
  <NCKH_KeKhai>
    <HoSoId>978</HoSoId>
    <GiangVienId>47</GiangVienId>
    <Ngay>2017-07-02T21:04:52.4610548</Ngay>
  </NCKH_KeKhai>
  <NCKH_KeKhai>
    <HoSoId>212</HoSoId>
    <GiangVienId>47</GiangVienId>
    <Ngay>2017-07-02T21:06:15.1734002</Ngay>
  </NCKH_KeKhai>
  <NCKH_KeKhai>
    <HoSoId>41</HoSoId>
    <GiangVienId>47</GiangVienId>
    <Ngay>2017-07-02T21:07:39.8815489</Ngay>
  </NCKH_KeKhai>
  <NCKH_KeKhai>
    <HoSoId>967</HoSoId>
    <GiangVienId>47</GiangVienId>
    <Ngay>2017-07-02T21:11:52.1993923</Ngay>
  </NCKH_KeKhai>
  <NCKH_KeKhai>
    <HoSoId>969</HoSoId>
    <GiangVienId>47</GiangVienId>
    <Ngay>2017-07-02T21:12:32.2290626</Ngay>
  </NCKH_KeKhai>
  <NCKH_KeKhai>
    <HoSoId>972</HoSoId>
    <GiangVienId>47</GiangVienId>
    <Ngay>2017-07-02T21:13:05.457121</Ngay>
  </NCKH_KeKhai>
  <NCKH_KeKhai>
    <HoSoId>980</HoSoId>
    <GiangVienId>47</GiangVienId>
    <Ngay>2017-07-02T21:22:06.1274743</Ngay>
  </NCKH_KeKhai>
  <NCKH_KeKhai>
    <HoSoId>983</HoSoId>
    <GiangVienId>47</GiangVienId>
    <Ngay>2017-07-02T21:22:41.3055361</Ngay>
  </NCKH_KeKhai>
  <NCKH_KeKhai>
    <HoSoId>986</HoSoId>
    <GiangVienId>47</GiangVienId>
    <Ngay>2017-07-02T21:23:46.2016501</Ngay>
  </NCKH_KeKhai>
  <NCKH_KeKhai>
    <HoSoId>989</HoSoId>
    <GiangVienId>47</GiangVienId>
    <Ngay>2017-07-02T21:24:40.4273453</Ngay>
  </NCKH_KeKhai>
  <NCKH_KeKhai>
    <HoSoId>992</HoSoId>
    <GiangVienId>47</GiangVienId>
    <Ngay>2017-07-02T21:28:23.341538</Ngay>
  </NCKH_KeKhai>
  <NCKH_KeKhai>
    <HoSoId>995</HoSoId>
    <GiangVienId>47</GiangVienId>
    <Ngay>2017-07-02T21:28:32.6859544</Ngay>
  </NCKH_KeKhai>
  <NCKH_KeKhai>
    <HoSoId>206</HoSoId>
    <GiangVienId>47</GiangVienId>
    <Ngay>2017-07-03T23:05:37.8605303</Ngay>
  </NCKH_KeKhai>
  <NCKH_KeKhai>
    <HoSoId>975</HoSoId>
    <GiangVienId>47</GiangVienId>
    <Ngay>2017-07-03T23:06:34.5042298</Ngay>
  </NCKH_KeKhai>
  <NCKH_KeKhai>
    <HoSoId>1014</HoSoId>
    <GiangVienId>47</GiangVienId>
    <Ngay>2017-07-03T23:07:21.1951118</Ngay>
  </NCKH_KeKhai>
  <NCKH_KeKhai>
    <HoSoId>1031</HoSoId>
    <GiangVienId>47</GiangVienId>
    <Ngay>2017-07-04T10:29:38.7698978</Ngay>
  </NCKH_KeKhai>
  <NCKH_KeKhai>
    <HoSoId>1033</HoSoId>
    <GiangVienId>47</GiangVienId>
    <Ngay>2017-07-04T10:30:07.8483489</Ngay>
  </NCKH_KeKhai>
  <NCKH_KeKhai>
    <HoSoId>551</HoSoId>
    <GiangVienId>47</GiangVienId>
    <Ngay>2017-07-04T10:31:19.8892754</Ngay>
  </NCKH_KeKhai>
  <NCKH_KeKhai>
    <HoSoId>1089</HoSoId>
    <GiangVienId>47</GiangVienId>
    <Ngay>2017-07-07T10:24:23.7476173</Ngay>
  </NCKH_KeKhai>
  <NCKH_KeKhai>
    <HoSoId>1086</HoSoId>
    <GiangVienId>47</GiangVienId>
    <Ngay>2017-07-07T10:24:58.0988777</Ngay>
  </NCKH_KeKhai>
  <NCKH_KeKhai>
    <HoSoId>1077</HoSoId>
    <GiangVienId>47</GiangVienId>
    <Ngay>2017-07-07T10:29:55.5374014</Ngay>
  </NCKH_KeKhai>
  <NCKH_KeKhai>
    <HoSoId>1040</HoSoId>
    <GiangVienId>47</GiangVienId>
    <Ngay>2017-07-07T10:30:59.6691141</Ngay>
  </NCKH_KeKhai>
  <NCKH_KeKhai>
    <HoSoId>1050</HoSoId>
    <GiangVienId>47</GiangVienId>
    <Ngay>2017-07-07T10:34:52.0793223</Ngay>
  </NCKH_KeKhai>
  <NCKH_KeKhai>
    <HoSoId>442</HoSoId>
    <GiangVienId>47</GiangVienId>
    <Ngay>2017-07-07T10:36:04.3074492</Ngay>
  </NCKH_KeKhai>
  <NCKH_KeKhai>
    <HoSoId>1036</HoSoId>
    <GiangVienId>47</GiangVienId>
    <Ngay>2017-07-07T10:37:00.8107484</Ngay>
  </NCKH_KeKhai>
  <NCKH_KeKhai>
    <HoSoId>1044</HoSoId>
    <GiangVienId>47</GiangVienId>
    <Ngay>2017-07-07T10:37:53.9912418</Ngay>
  </NCKH_KeKhai>
  <NCKH_KeKhai>
    <HoSoId>1047</HoSoId>
    <GiangVienId>47</GiangVienId>
    <Ngay>2017-07-07T10:38:16.0496806</Ngay>
  </NCKH_KeKhai>
  <NCKH_KeKhai>
    <HoSoId>1054</HoSoId>
    <GiangVienId>47</GiangVienId>
    <Ngay>2017-07-07T10:39:41.7738313</Ngay>
  </NCKH_KeKhai>
  <NCKH_KeKhai>
    <HoSoId>1059</HoSoId>
    <GiangVienId>47</GiangVienId>
    <Ngay>2017-07-07T10:47:36.8770669</Ngay>
  </NCKH_KeKhai>
  <NCKH_KeKhai>
    <HoSoId>101</HoSoId>
    <GiangVienId>47</GiangVienId>
    <Ngay>2017-07-07T10:48:04.3643151</Ngay>
  </NCKH_KeKhai>
  <NCKH_KeKhai>
    <HoSoId>1073</HoSoId>
    <GiangVienId>47</GiangVienId>
    <Ngay>2017-07-07T10:48:24.0203497</Ngay>
  </NCKH_KeKhai>
  <NCKH_KeKhai>
    <HoSoId>1068</HoSoId>
    <GiangVienId>47</GiangVienId>
    <Ngay>2017-07-07T10:49:08.074827</Ngay>
  </NCKH_KeKhai>
  <NCKH_KeKhai>
    <HoSoId>1066</HoSoId>
    <GiangVienId>47</GiangVienId>
    <Ngay>2017-07-07T10:49:38.24528</Ngay>
  </NCKH_KeKhai>
  <NCKH_KeKhai>
    <HoSoId>1081</HoSoId>
    <GiangVienId>47</GiangVienId>
    <Ngay>2017-07-07T11:30:50.0834284</Ngay>
  </NCKH_KeKhai>
  <NCKH_KeKhai>
    <HoSoId>1079</HoSoId>
    <GiangVienId>47</GiangVienId>
    <Ngay>2017-07-07T11:30:55.0130371</Ngay>
  </NCKH_KeKhai>
  <NCKH_KeKhai>
    <HoSoId>1085</HoSoId>
    <GiangVienId>47</GiangVienId>
    <Ngay>2017-07-07T11:30:59.9738458</Ngay>
  </NCKH_KeKhai>
  <NCKH_KeKhai>
    <HoSoId>1092</HoSoId>
    <GiangVienId>47</GiangVienId>
    <Ngay>2017-07-07T11:31:07.1030583</Ngay>
  </NCKH_KeKhai>
  <NCKH_KeKhai>
    <HoSoId>1083</HoSoId>
    <GiangVienId>47</GiangVienId>
    <Ngay>2017-07-07T11:31:10.363464</Ngay>
  </NCKH_KeKhai>
  <NCKH_KeKhai>
    <HoSoId>1064</HoSoId>
    <GiangVienId>47</GiangVienId>
    <Ngay>2017-07-07T12:20:08.4608308</Ngay>
  </NCKH_KeKhai>
  <NCKH_KeKhai>
    <HoSoId>229</HoSoId>
    <GiangVienId>47</GiangVienId>
    <Ngay>2017-07-07T12:21:04.1217285</Ngay>
  </NCKH_KeKhai>
  <NCKH_KeKhai>
    <HoSoId>1095</HoSoId>
    <GiangVienId>47</GiangVienId>
    <Ngay>2017-07-07T12:21:29.7993736</Ngay>
  </NCKH_KeKhai>
  <NCKH_KeKhai>
    <HoSoId>1110</HoSoId>
    <GiangVienId>47</GiangVienId>
    <Ngay>2017-07-10T10:59:09.62932</Ngay>
  </NCKH_KeKhai>
  <NCKH_KeKhai>
    <HoSoId>1115</HoSoId>
    <GiangVienId>47</GiangVienId>
    <Ngay>2017-07-10T11:00:14.9622347</Ngay>
  </NCKH_KeKhai>
  <NCKH_KeKhai>
    <HoSoId>1122</HoSoId>
    <GiangVienId>47</GiangVienId>
    <Ngay>2017-07-10T11:00:52.0278998</Ngay>
  </NCKH_KeKhai>
  <NCKH_KeKhai>
    <HoSoId>1135</HoSoId>
    <GiangVienId>106</GiangVienId>
    <Ngay>2017-07-10T23:59:03.3750081</Ngay>
  </NCKH_KeKhai>
  <NCKH_KeKhai>
    <HoSoId>1171</HoSoId>
    <GiangVienId>47</GiangVienId>
    <Ngay>2017-08-13T23:42:49.0718035</Ngay>
  </NCKH_KeKhai>
  <NCKH_KeKhai>
    <HoSoId>1164</HoSoId>
    <GiangVienId>47</GiangVienId>
    <Ngay>2017-08-13T23:45:03.5128396</Ngay>
  </NCKH_KeKhai>
  <NCKH_KeKhai>
    <HoSoId>1161</HoSoId>
    <GiangVienId>47</GiangVienId>
    <Ngay>2017-08-13T23:50:13.2201836</Ngay>
  </NCKH_KeKhai>
  <NCKH_KeKhai>
    <HoSoId>1153</HoSoId>
    <GiangVienId>47</GiangVienId>
    <Ngay>2017-08-13T23:55:01.2278894</Ngay>
  </NCKH_KeKhai>
  <NCKH_KeKhai>
    <HoSoId>1151</HoSoId>
    <GiangVienId>47</GiangVienId>
    <Ngay>2017-08-13T23:59:31.4827641</Ngay>
  </NCKH_KeKhai>
  <NCKH_KeKhai>
    <HoSoId>735</HoSoId>
    <GiangVienId>47</GiangVienId>
    <Ngay>2017-08-14T00:06:39.8439165</Ngay>
  </NCKH_KeKhai>
  <NCKH_KeKhai>
    <HoSoId>740</HoSoId>
    <GiangVienId>47</GiangVienId>
    <Ngay>2017-08-14T00:13:04.9305928</Ngay>
  </NCKH_KeKhai>
  <NCKH_KeKhai>
    <HoSoId>1142</HoSoId>
    <GiangVienId>47</GiangVienId>
    <Ngay>2017-08-14T00:18:06.5571226</Ngay>
  </NCKH_KeKhai>
  <NCKH_KeKhai>
    <HoSoId>1144</HoSoId>
    <GiangVienId>47</GiangVienId>
    <Ngay>2017-08-14T00:20:29.1881731</Ngay>
  </NCKH_KeKhai>
  <NCKH_KeKhai>
    <HoSoId>1140</HoSoId>
    <GiangVienId>47</GiangVienId>
    <Ngay>2017-08-14T00:21:26.596274</Ngay>
  </NCKH_KeKhai>
  <NCKH_KeKhai>
    <HoSoId>1174</HoSoId>
    <GiangVienId>47</GiangVienId>
    <Ngay>2017-08-14T00:54:42.5885798</Ngay>
  </NCKH_KeKhai>
  <NCKH_KeKhai>
    <HoSoId>1176</HoSoId>
    <GiangVienId>47</GiangVienId>
    <Ngay>2017-08-14T06:47:17.8793371</Ngay>
  </NCKH_KeKhai>
  <NCKH_KeKhai>
    <HoSoId>1167</HoSoId>
    <GiangVienId>47</GiangVienId>
    <Ngay>2017-08-14T10:54:56.7182352</Ngay>
  </NCKH_KeKhai>
  <NCKH_KeKhai>
    <HoSoId>1126</HoSoId>
    <GiangVienId>47</GiangVienId>
    <Ngay>2017-08-14T11:16:46.2937354</Ngay>
  </NCKH_KeKhai>
  <NCKH_KeKhai>
    <HoSoId>1128</HoSoId>
    <GiangVienId>47</GiangVienId>
    <Ngay>2017-08-14T11:17:10.4269778</Ngay>
  </NCKH_KeKhai>
  <NCKH_KeKhai>
    <HoSoId>1146</HoSoId>
    <GiangVienId>47</GiangVienId>
    <Ngay>2017-08-14T13:07:47.5210352</Ngay>
  </NCKH_KeKhai>
  <NCKH_KeKhai>
    <HoSoId>1132</HoSoId>
    <GiangVienId>47</GiangVienId>
    <Ngay>2017-08-15T14:10:28.4209724</Ngay>
  </NCKH_KeKhai>
  <NCKH_KeKhai>
    <HoSoId>1184</HoSoId>
    <GiangVienId>47</GiangVienId>
    <Ngay>2017-08-15T14:11:16.9682576</Ngay>
  </NCKH_KeKhai>
  <NCKH_KeKhai>
    <HoSoId>1182</HoSoId>
    <GiangVienId>47</GiangVienId>
    <Ngay>2017-08-15T14:12:00.7107345</Ngay>
  </NCKH_KeKhai>
  <NCKH_KeKhai>
    <HoSoId>1186</HoSoId>
    <GiangVienId>47</GiangVienId>
    <Ngay>2017-08-15T14:49:36.8958972</Ngay>
  </NCKH_KeKhai>
  <NCKH_KeKhai>
    <HoSoId>1188</HoSoId>
    <GiangVienId>47</GiangVienId>
    <Ngay>2017-08-15T15:05:15.1283452</Ngay>
  </NCKH_KeKhai>
  <NCKH_KeKhai>
    <HoSoId>1191</HoSoId>
    <GiangVienId>47</GiangVienId>
    <Ngay>2017-08-15T15:11:19.8881858</Ngay>
  </NCKH_KeKhai>
  <NCKH_KeKhai>
    <HoSoId>1198</HoSoId>
    <GiangVienId>47</GiangVienId>
    <Ngay>2017-08-15T19:44:34.5341815</Ngay>
  </NCKH_KeKhai>
  <NCKH_KeKhai>
    <HoSoId>1199</HoSoId>
    <GiangVienId>47</GiangVienId>
    <Ngay>2018-07-10T00:36:43.3770715</Ngay>
  </NCKH_KeKhai>
  <NCKH_KeKhai>
    <HoSoId>1217</HoSoId>
    <GiangVienId>47</GiangVienId>
    <Ngay>2018-07-10T00:40:19.9210518</Ngay>
  </NCKH_KeKhai>
  <NCKH_KeKhai>
    <HoSoId>1211</HoSoId>
    <GiangVienId>47</GiangVienId>
    <Ngay>2018-07-10T00:40:34.7410778</Ngay>
  </NCKH_KeKhai>
  <NCKH_KeKhai>
    <HoSoId>1214</HoSoId>
    <GiangVienId>47</GiangVienId>
    <Ngay>2018-07-10T00:41:10.5431407</Ngay>
  </NCKH_KeKhai>
  <NCKH_KeKhai>
    <HoSoId>1202</HoSoId>
    <GiangVienId>47</GiangVienId>
    <Ngay>2018-07-10T00:43:51.816224</Ngay>
  </NCKH_KeKhai>
  <NCKH_KeKhai>
    <HoSoId>1207</HoSoId>
    <GiangVienId>47</GiangVienId>
    <Ngay>2018-07-10T00:44:05.6066482</Ngay>
  </NCKH_KeKhai>
  <NCKH_KeKhai>
    <HoSoId>1223</HoSoId>
    <GiangVienId>47</GiangVienId>
    <Ngay>2018-07-10T00:54:49.2637787</Ngay>
  </NCKH_KeKhai>
  <NCKH_KeKhai>
    <HoSoId>1222</HoSoId>
    <GiangVienId>47</GiangVienId>
    <Ngay>2018-07-10T03:06:48.8360887</Ngay>
  </NCKH_KeKhai>
  <NCKH_KeKhai>
    <HoSoId>1210</HoSoId>
    <GiangVienId>47</GiangVienId>
    <Ngay>2018-07-10T03:07:01.1913104</Ngay>
  </NCKH_KeKhai>
  <NCKH_KeKhai>
    <HoSoId>1519</HoSoId>
    <GiangVienId>47</GiangVienId>
    <Ngay>2018-07-10T20:06:28.0095443</Ngay>
  </NCKH_KeKhai>
  <NCKH_KeKhai>
    <HoSoId>1485</HoSoId>
    <GiangVienId>47</GiangVienId>
    <Ngay>2018-07-10T20:17:57.2811549</Ngay>
  </NCKH_KeKhai>
  <NCKH_KeKhai>
    <HoSoId>1473</HoSoId>
    <GiangVienId>47</GiangVienId>
    <Ngay>2018-07-10T20:23:11.8557074</Ngay>
  </NCKH_KeKhai>
  <NCKH_KeKhai>
    <HoSoId>1470</HoSoId>
    <GiangVienId>47</GiangVienId>
    <Ngay>2018-07-10T20:24:32.9290498</Ngay>
  </NCKH_KeKhai>
  <NCKH_KeKhai>
    <HoSoId>1449</HoSoId>
    <GiangVienId>47</GiangVienId>
    <Ngay>2018-07-10T20:28:05.4638231</Ngay>
  </NCKH_KeKhai>
  <NCKH_KeKhai>
    <HoSoId>1484</HoSoId>
    <GiangVienId>47</GiangVienId>
    <Ngay>2018-07-10T20:28:35.4002757</Ngay>
  </NCKH_KeKhai>
  <NCKH_KeKhai>
    <HoSoId>1226</HoSoId>
    <GiangVienId>47</GiangVienId>
    <Ngay>2018-07-10T20:44:10.0135173</Ngay>
  </NCKH_KeKhai>
  <NCKH_KeKhai>
    <HoSoId>1232</HoSoId>
    <GiangVienId>47</GiangVienId>
    <Ngay>2018-07-10T20:44:34.4899603</Ngay>
  </NCKH_KeKhai>
  <NCKH_KeKhai>
    <HoSoId>1229</HoSoId>
    <GiangVienId>47</GiangVienId>
    <Ngay>2018-07-10T20:44:55.2691968</Ngay>
  </NCKH_KeKhai>
  <NCKH_KeKhai>
    <HoSoId>1235</HoSoId>
    <GiangVienId>47</GiangVienId>
    <Ngay>2018-07-10T20:45:25.7984504</Ngay>
  </NCKH_KeKhai>
  <NCKH_KeKhai>
    <HoSoId>1430</HoSoId>
    <GiangVienId>47</GiangVienId>
    <Ngay>2018-07-10T20:47:52.2671076</Ngay>
  </NCKH_KeKhai>
  <NCKH_KeKhai>
    <HoSoId>1465</HoSoId>
    <GiangVienId>47</GiangVienId>
    <Ngay>2018-07-10T20:50:26.3329782</Ngay>
  </NCKH_KeKhai>
  <NCKH_KeKhai>
    <HoSoId>1455</HoSoId>
    <GiangVienId>47</GiangVienId>
    <Ngay>2018-07-10T20:51:54.8787338</Ngay>
  </NCKH_KeKhai>
  <NCKH_KeKhai>
    <HoSoId>1447</HoSoId>
    <GiangVienId>47</GiangVienId>
    <Ngay>2018-07-10T20:53:23.0500886</Ngay>
  </NCKH_KeKhai>
  <NCKH_KeKhai>
    <HoSoId>1444</HoSoId>
    <GiangVienId>47</GiangVienId>
    <Ngay>2018-07-10T20:54:19.3817876</Ngay>
  </NCKH_KeKhai>
  <NCKH_KeKhai>
    <HoSoId>1393</HoSoId>
    <GiangVienId>47</GiangVienId>
    <Ngay>2018-07-10T20:56:47.6912481</Ngay>
  </NCKH_KeKhai>
  <NCKH_KeKhai>
    <HoSoId>1388</HoSoId>
    <GiangVienId>47</GiangVienId>
    <Ngay>2018-07-10T20:57:13.6028936</Ngay>
  </NCKH_KeKhai>
  <NCKH_KeKhai>
    <HoSoId>1399</HoSoId>
    <GiangVienId>47</GiangVienId>
    <Ngay>2018-07-10T20:58:09.4509917</Ngay>
  </NCKH_KeKhai>
  <NCKH_KeKhai>
    <HoSoId>1385</HoSoId>
    <GiangVienId>47</GiangVienId>
    <Ngay>2018-07-10T20:58:43.8802521</Ngay>
  </NCKH_KeKhai>
  <NCKH_KeKhai>
    <HoSoId>1382</HoSoId>
    <GiangVienId>47</GiangVienId>
    <Ngay>2018-07-10T20:59:13.0679034</Ngay>
  </NCKH_KeKhai>
  <NCKH_KeKhai>
    <HoSoId>1377</HoSoId>
    <GiangVienId>47</GiangVienId>
    <Ngay>2018-07-10T20:59:38.7143484</Ngay>
  </NCKH_KeKhai>
  <NCKH_KeKhai>
    <HoSoId>1322</HoSoId>
    <GiangVienId>47</GiangVienId>
    <Ngay>2018-07-10T21:01:10.7233101</Ngay>
  </NCKH_KeKhai>
  <NCKH_KeKhai>
    <HoSoId>1241</HoSoId>
    <GiangVienId>47</GiangVienId>
    <Ngay>2018-07-10T21:01:36.9469561</Ngay>
  </NCKH_KeKhai>
  <NCKH_KeKhai>
    <HoSoId>1238</HoSoId>
    <GiangVienId>47</GiangVienId>
    <Ngay>2018-07-10T21:02:02.9054017</Ngay>
  </NCKH_KeKhai>
  <NCKH_KeKhai>
    <HoSoId>1250</HoSoId>
    <GiangVienId>47</GiangVienId>
    <Ngay>2018-07-10T21:02:59.0031002</Ngay>
  </NCKH_KeKhai>
  <NCKH_KeKhai>
    <HoSoId>1253</HoSoId>
    <GiangVienId>47</GiangVienId>
    <Ngay>2018-07-10T21:03:23.931944</Ngay>
  </NCKH_KeKhai>
  <NCKH_KeKhai>
    <HoSoId>1255</HoSoId>
    <GiangVienId>47</GiangVienId>
    <Ngay>2018-07-10T21:04:01.9648108</Ngay>
  </NCKH_KeKhai>
  <NCKH_KeKhai>
    <HoSoId>1281</HoSoId>
    <GiangVienId>47</GiangVienId>
    <Ngay>2018-07-10T21:04:57.9845092</Ngay>
  </NCKH_KeKhai>
  <NCKH_KeKhai>
    <HoSoId>1308</HoSoId>
    <GiangVienId>47</GiangVienId>
    <Ngay>2018-07-10T21:08:11.9240499</Ngay>
  </NCKH_KeKhai>
  <NCKH_KeKhai>
    <HoSoId>1353</HoSoId>
    <GiangVienId>47</GiangVienId>
    <Ngay>2018-07-10T21:13:55.4210532</Ngay>
  </NCKH_KeKhai>
  <NCKH_KeKhai>
    <HoSoId>1247</HoSoId>
    <GiangVienId>47</GiangVienId>
    <Ngay>2018-07-10T21:16:21.8585104</Ngay>
  </NCKH_KeKhai>
  <NCKH_KeKhai>
    <HoSoId>1243</HoSoId>
    <GiangVienId>47</GiangVienId>
    <Ngay>2018-07-10T21:17:23.7906192</Ngay>
  </NCKH_KeKhai>
  <NCKH_KeKhai>
    <HoSoId>1280</HoSoId>
    <GiangVienId>47</GiangVienId>
    <Ngay>2018-07-10T21:18:19.7323174</Ngay>
  </NCKH_KeKhai>
  <NCKH_KeKhai>
    <HoSoId>1265</HoSoId>
    <GiangVienId>47</GiangVienId>
    <Ngay>2018-07-10T21:27:13.2064544</Ngay>
  </NCKH_KeKhai>
  <NCKH_KeKhai>
    <HoSoId>1263</HoSoId>
    <GiangVienId>47</GiangVienId>
    <Ngay>2018-07-10T21:28:09.350953</Ngay>
  </NCKH_KeKhai>
  <NCKH_KeKhai>
    <HoSoId>1277</HoSoId>
    <GiangVienId>47</GiangVienId>
    <Ngay>2018-07-11T00:26:40.423366</Ngay>
  </NCKH_KeKhai>
  <NCKH_KeKhai>
    <HoSoId>1371</HoSoId>
    <GiangVienId>47</GiangVienId>
    <Ngay>2018-07-11T00:30:19.6661511</Ngay>
  </NCKH_KeKhai>
  <NCKH_KeKhai>
    <HoSoId>1498</HoSoId>
    <GiangVienId>47</GiangVienId>
    <Ngay>2018-07-11T00:31:15.4674491</Ngay>
  </NCKH_KeKhai>
  <NCKH_KeKhai>
    <HoSoId>1443</HoSoId>
    <GiangVienId>47</GiangVienId>
    <Ngay>2018-07-11T00:33:00.2372331</Ngay>
  </NCKH_KeKhai>
  <NCKH_KeKhai>
    <HoSoId>1433</HoSoId>
    <GiangVienId>47</GiangVienId>
    <Ngay>2018-07-11T00:34:31.1541928</Ngay>
  </NCKH_KeKhai>
  <NCKH_KeKhai>
    <HoSoId>1315</HoSoId>
    <GiangVienId>47</GiangVienId>
    <Ngay>2018-07-11T00:39:28.5531152</Ngay>
  </NCKH_KeKhai>
  <NCKH_KeKhai>
    <HoSoId>1314</HoSoId>
    <GiangVienId>47</GiangVienId>
    <Ngay>2018-07-11T00:40:04.8075789</Ngay>
  </NCKH_KeKhai>
  <NCKH_KeKhai>
    <HoSoId>1302</HoSoId>
    <GiangVienId>47</GiangVienId>
    <Ngay>2018-07-11T00:45:31.128952</Ngay>
  </NCKH_KeKhai>
  <NCKH_KeKhai>
    <HoSoId>1295</HoSoId>
    <GiangVienId>47</GiangVienId>
    <Ngay>2018-07-11T00:46:29.8006551</Ngay>
  </NCKH_KeKhai>
  <NCKH_KeKhai>
    <HoSoId>1289</HoSoId>
    <GiangVienId>47</GiangVienId>
    <Ngay>2018-07-11T00:55:21.6523892</Ngay>
  </NCKH_KeKhai>
  <NCKH_KeKhai>
    <HoSoId>1282</HoSoId>
    <GiangVienId>47</GiangVienId>
    <Ngay>2018-07-11T00:55:56.3312501</Ngay>
  </NCKH_KeKhai>
  <NCKH_KeKhai>
    <HoSoId>1512</HoSoId>
    <GiangVienId>47</GiangVienId>
    <Ngay>2018-07-11T00:58:04.6882756</Ngay>
  </NCKH_KeKhai>
  <NCKH_KeKhai>
    <HoSoId>1510</HoSoId>
    <GiangVienId>47</GiangVienId>
    <Ngay>2018-07-11T00:59:22.7820127</Ngay>
  </NCKH_KeKhai>
  <NCKH_KeKhai>
    <HoSoId>1507</HoSoId>
    <GiangVienId>47</GiangVienId>
    <Ngay>2018-07-11T01:00:02.8272831</Ngay>
  </NCKH_KeKhai>
  <NCKH_KeKhai>
    <HoSoId>1423</HoSoId>
    <GiangVienId>47</GiangVienId>
    <Ngay>2018-07-11T01:04:07.5293129</Ngay>
  </NCKH_KeKhai>
  <NCKH_KeKhai>
    <HoSoId>1419</HoSoId>
    <GiangVienId>47</GiangVienId>
    <Ngay>2018-07-11T01:05:00.8034064</Ngay>
  </NCKH_KeKhai>
  <NCKH_KeKhai>
    <HoSoId>1411</HoSoId>
    <GiangVienId>47</GiangVienId>
    <Ngay>2018-07-11T01:06:22.5787501</Ngay>
  </NCKH_KeKhai>
  <NCKH_KeKhai>
    <HoSoId>1413</HoSoId>
    <GiangVienId>47</GiangVienId>
    <Ngay>2018-07-11T01:15:33.1505171</Ngay>
  </NCKH_KeKhai>
  <NCKH_KeKhai>
    <HoSoId>1404</HoSoId>
    <GiangVienId>47</GiangVienId>
    <Ngay>2018-07-11T01:16:19.2485981</Ngay>
  </NCKH_KeKhai>
  <NCKH_KeKhai>
    <HoSoId>1323</HoSoId>
    <GiangVienId>47</GiangVienId>
    <Ngay>2018-07-11T01:16:56.797864</Ngay>
  </NCKH_KeKhai>
  <NCKH_KeKhai>
    <HoSoId>1329</HoSoId>
    <GiangVienId>47</GiangVienId>
    <Ngay>2018-07-11T01:17:23.9731117</Ngay>
  </NCKH_KeKhai>
  <NCKH_KeKhai>
    <HoSoId>1334</HoSoId>
    <GiangVienId>47</GiangVienId>
    <Ngay>2018-07-11T01:18:29.2280264</Ngay>
  </NCKH_KeKhai>
  <NCKH_KeKhai>
    <HoSoId>1337</HoSoId>
    <GiangVienId>47</GiangVienId>
    <Ngay>2018-07-11T01:18:59.3516793</Ngay>
  </NCKH_KeKhai>
  <NCKH_KeKhai>
    <HoSoId>1417</HoSoId>
    <GiangVienId>47</GiangVienId>
    <Ngay>2018-07-11T01:20:04.107393</Ngay>
  </NCKH_KeKhai>
  <NCKH_KeKhai>
    <HoSoId>1407</HoSoId>
    <GiangVienId>47</GiangVienId>
    <Ngay>2018-07-11T01:21:10.4075094</Ngay>
  </NCKH_KeKhai>
  <NCKH_KeKhai>
    <HoSoId>1402</HoSoId>
    <GiangVienId>47</GiangVienId>
    <Ngay>2018-07-11T01:21:51.3263813</Ngay>
  </NCKH_KeKhai>
  <NCKH_KeKhai>
    <HoSoId>1343</HoSoId>
    <GiangVienId>47</GiangVienId>
    <Ngay>2018-07-11T01:23:01.8385052</Ngay>
  </NCKH_KeKhai>
  <NCKH_KeKhai>
    <HoSoId>1400</HoSoId>
    <GiangVienId>47</GiangVienId>
    <Ngay>2018-07-11T01:24:09.8390246</Ngay>
  </NCKH_KeKhai>
  <NCKH_KeKhai>
    <HoSoId>1397</HoSoId>
    <GiangVienId>47</GiangVienId>
    <Ngay>2018-07-11T01:25:14.7195386</Ngay>
  </NCKH_KeKhai>
  <NCKH_KeKhai>
    <HoSoId>1395</HoSoId>
    <GiangVienId>47</GiangVienId>
    <Ngay>2018-07-11T01:25:57.9940146</Ngay>
  </NCKH_KeKhai>
  <NCKH_KeKhai>
    <HoSoId>1347</HoSoId>
    <GiangVienId>47</GiangVienId>
    <Ngay>2018-07-11T01:26:22.0804569</Ngay>
  </NCKH_KeKhai>
  <NCKH_KeKhai>
    <HoSoId>1351</HoSoId>
    <GiangVienId>47</GiangVienId>
    <Ngay>2018-07-11T01:27:11.0021428</Ngay>
  </NCKH_KeKhai>
  <NCKH_KeKhai>
    <HoSoId>1532</HoSoId>
    <GiangVienId>47</GiangVienId>
    <Ngay>2018-07-11T01:36:30.4347254</Ngay>
  </NCKH_KeKhai>
  <NCKH_KeKhai>
    <HoSoId>1409</HoSoId>
    <GiangVienId>47</GiangVienId>
    <Ngay>2018-07-11T14:53:22.4751028</Ngay>
  </NCKH_KeKhai>
  <NCKH_KeKhai>
    <HoSoId>1428</HoSoId>
    <GiangVienId>47</GiangVienId>
    <Ngay>2018-07-11T15:03:52.3418091</Ngay>
  </NCKH_KeKhai>
  <NCKH_KeKhai>
    <HoSoId>1573</HoSoId>
    <GiangVienId>47</GiangVienId>
    <Ngay>2018-07-11T19:13:56.1517619</Ngay>
  </NCKH_KeKhai>
  <NCKH_KeKhai>
    <HoSoId>1564</HoSoId>
    <GiangVienId>47</GiangVienId>
    <Ngay>2018-07-11T19:15:28.3167238</Ngay>
  </NCKH_KeKhai>
  <NCKH_KeKhai>
    <HoSoId>1554</HoSoId>
    <GiangVienId>47</GiangVienId>
    <Ngay>2018-07-11T19:21:22.8429465</Ngay>
  </NCKH_KeKhai>
  <NCKH_KeKhai>
    <HoSoId>1559</HoSoId>
    <GiangVienId>47</GiangVienId>
    <Ngay>2018-07-11T19:22:26.366258</Ngay>
  </NCKH_KeKhai>
  <NCKH_KeKhai>
    <HoSoId>1424</HoSoId>
    <GiangVienId>47</GiangVienId>
    <Ngay>2018-07-11T19:26:26.8406804</Ngay>
  </NCKH_KeKhai>
  <NCKH_KeKhai>
    <HoSoId>1606</HoSoId>
    <GiangVienId>47</GiangVienId>
    <Ngay>2018-07-11T23:38:03.4707962</Ngay>
  </NCKH_KeKhai>
  <NCKH_KeKhai>
    <HoSoId>1609</HoSoId>
    <GiangVienId>47</GiangVienId>
    <Ngay>2018-07-11T23:38:59.3188943</Ngay>
  </NCKH_KeKhai>
  <NCKH_KeKhai>
    <HoSoId>1613</HoSoId>
    <GiangVienId>47</GiangVienId>
    <Ngay>2018-07-11T23:39:30.7685496</Ngay>
  </NCKH_KeKhai>
  <NCKH_KeKhai>
    <HoSoId>1625</HoSoId>
    <GiangVienId>47</GiangVienId>
    <Ngay>2018-07-11T23:59:12.5642253</Ngay>
  </NCKH_KeKhai>
  <NCKH_KeKhai>
    <HoSoId>1669</HoSoId>
    <GiangVienId>47</GiangVienId>
    <Ngay>2018-07-12T00:00:38.5671764</Ngay>
  </NCKH_KeKhai>
  <NCKH_KeKhai>
    <HoSoId>1670</HoSoId>
    <GiangVienId>47</GiangVienId>
    <Ngay>2018-07-12T00:01:54.9605105</Ngay>
  </NCKH_KeKhai>
  <NCKH_KeKhai>
    <HoSoId>1631</HoSoId>
    <GiangVienId>47</GiangVienId>
    <Ngay>2018-07-12T00:22:42.9471025</Ngay>
  </NCKH_KeKhai>
  <NCKH_KeKhai>
    <HoSoId>1650</HoSoId>
    <GiangVienId>47</GiangVienId>
    <Ngay>2018-07-12T00:36:38.1569695</Ngay>
  </NCKH_KeKhai>
  <NCKH_KeKhai>
    <HoSoId>1644</HoSoId>
    <GiangVienId>47</GiangVienId>
    <Ngay>2018-07-12T00:45:08.7614663</Ngay>
  </NCKH_KeKhai>
  <NCKH_KeKhai>
    <HoSoId>1690</HoSoId>
    <GiangVienId>47</GiangVienId>
    <Ngay>2018-07-12T00:49:16.4743014</Ngay>
  </NCKH_KeKhai>
  <NCKH_KeKhai>
    <HoSoId>1642</HoSoId>
    <GiangVienId>47</GiangVienId>
    <Ngay>2018-07-12T00:50:03.508384</Ngay>
  </NCKH_KeKhai>
  <NCKH_KeKhai>
    <HoSoId>1651</HoSoId>
    <GiangVienId>47</GiangVienId>
    <Ngay>2018-07-12T00:58:17.3272513</Ngay>
  </NCKH_KeKhai>
  <NCKH_KeKhai>
    <HoSoId>1658</HoSoId>
    <GiangVienId>47</GiangVienId>
    <Ngay>2018-07-12T01:32:02.2108079</Ngay>
  </NCKH_KeKhai>
  <NCKH_KeKhai>
    <HoSoId>1664</HoSoId>
    <GiangVienId>47</GiangVienId>
    <Ngay>2018-07-12T01:33:35.9669725</Ngay>
  </NCKH_KeKhai>
  <NCKH_KeKhai>
    <HoSoId>1593</HoSoId>
    <GiangVienId>47</GiangVienId>
    <Ngay>2018-07-12T01:36:05.6024354</Ngay>
  </NCKH_KeKhai>
  <NCKH_KeKhai>
    <HoSoId>1575</HoSoId>
    <GiangVienId>47</GiangVienId>
    <Ngay>2018-07-12T01:37:08.2833454</Ngay>
  </NCKH_KeKhai>
  <NCKH_KeKhai>
    <HoSoId>1679</HoSoId>
    <GiangVienId>47</GiangVienId>
    <Ngay>2018-07-12T01:40:29.0556981</Ngay>
  </NCKH_KeKhai>
  <NCKH_KeKhai>
    <HoSoId>1683</HoSoId>
    <GiangVienId>47</GiangVienId>
    <Ngay>2018-07-12T01:41:09.1009684</Ngay>
  </NCKH_KeKhai>
  <NCKH_KeKhai>
    <HoSoId>1681</HoSoId>
    <GiangVienId>47</GiangVienId>
    <Ngay>2018-07-12T01:41:42.6722274</Ngay>
  </NCKH_KeKhai>
  <NCKH_KeKhai>
    <HoSoId>1687</HoSoId>
    <GiangVienId>47</GiangVienId>
    <Ngay>2018-07-12T01:43:25.0864073</Ngay>
  </NCKH_KeKhai>
  <NCKH_KeKhai>
    <HoSoId>1685</HoSoId>
    <GiangVienId>47</GiangVienId>
    <Ngay>2018-07-12T01:44:48.3749536</Ngay>
  </NCKH_KeKhai>
  <NCKH_KeKhai>
    <HoSoId>1693</HoSoId>
    <GiangVienId>47</GiangVienId>
    <Ngay>2018-07-12T03:58:34.9790515</Ngay>
  </NCKH_KeKhai>
  <NCKH_KeKhai>
    <HoSoId>1696</HoSoId>
    <GiangVienId>47</GiangVienId>
    <Ngay>2018-07-12T04:00:18.5632335</Ngay>
  </NCKH_KeKhai>
  <NCKH_KeKhai>
    <HoSoId>1634</HoSoId>
    <GiangVienId>47</GiangVienId>
    <Ngay>2018-07-12T11:41:07.0221954</Ngay>
  </NCKH_KeKhai>
  <NCKH_KeKhai>
    <HoSoId>1645</HoSoId>
    <GiangVienId>47</GiangVienId>
    <Ngay>2018-07-12T11:41:50.0782711</Ngay>
  </NCKH_KeKhai>
  <NCKH_KeKhai>
    <HoSoId>1629</HoSoId>
    <GiangVienId>47</GiangVienId>
    <Ngay>2018-07-12T11:44:58.6046022</Ngay>
  </NCKH_KeKhai>
  <NCKH_KeKhai>
    <HoSoId>1627</HoSoId>
    <GiangVienId>47</GiangVienId>
    <Ngay>2018-07-12T11:45:33.5330635</Ngay>
  </NCKH_KeKhai>
  <NCKH_KeKhai>
    <HoSoId>1707</HoSoId>
    <GiangVienId>47</GiangVienId>
    <Ngay>2018-07-12T11:51:07.8572507</Ngay>
  </NCKH_KeKhai>
  <NCKH_KeKhai>
    <HoSoId>1710</HoSoId>
    <GiangVienId>47</GiangVienId>
    <Ngay>2018-07-12T11:51:40.3989079</Ngay>
  </NCKH_KeKhai>
  <NCKH_KeKhai>
    <HoSoId>1712</HoSoId>
    <GiangVienId>47</GiangVienId>
    <Ngay>2018-07-12T11:58:13.847199</Ngay>
  </NCKH_KeKhai>
  <NCKH_KeKhai>
    <HoSoId>1676</HoSoId>
    <GiangVienId>47</GiangVienId>
    <Ngay>2018-07-12T11:59:24.499723</Ngay>
  </NCKH_KeKhai>
  <NCKH_KeKhai>
    <HoSoId>1582</HoSoId>
    <GiangVienId>47</GiangVienId>
    <Ngay>2018-07-12T12:02:25.4756409</Ngay>
  </NCKH_KeKhai>
  <NCKH_KeKhai>
    <HoSoId>1726</HoSoId>
    <GiangVienId>47</GiangVienId>
    <Ngay>2018-07-12T12:03:49.3725883</Ngay>
  </NCKH_KeKhai>
  <NCKH_KeKhai>
    <HoSoId>1716</HoSoId>
    <GiangVienId>47</GiangVienId>
    <Ngay>2018-07-12T12:07:01.8613264</Ngay>
  </NCKH_KeKhai>
  <NCKH_KeKhai>
    <HoSoId>1702</HoSoId>
    <GiangVienId>47</GiangVienId>
    <Ngay>2018-07-12T12:07:15.6517506</Ngay>
  </NCKH_KeKhai>
  <NCKH_KeKhai>
    <HoSoId>1732</HoSoId>
    <GiangVienId>47</GiangVienId>
    <Ngay>2018-07-12T14:18:39.6715981</Ngay>
  </NCKH_KeKhai>
  <NCKH_KeKhai>
    <HoSoId>1729</HoSoId>
    <GiangVienId>47</GiangVienId>
    <Ngay>2018-07-12T14:21:49.0871308</Ngay>
  </NCKH_KeKhai>
  <NCKH_KeKhai>
    <HoSoId>1737</HoSoId>
    <GiangVienId>47</GiangVienId>
    <Ngay>2018-07-12T14:23:31.2049102</Ngay>
  </NCKH_KeKhai>
  <NCKH_KeKhai>
    <HoSoId>1741</HoSoId>
    <GiangVienId>47</GiangVienId>
    <Ngay>2018-07-12T14:33:31.4003644</Ngay>
  </NCKH_KeKhai>
  <NCKH_KeKhai>
    <HoSoId>1743</HoSoId>
    <GiangVienId>47</GiangVienId>
    <Ngay>2018-07-12T14:34:02.6004192</Ngay>
  </NCKH_KeKhai>
  <NCKH_KeKhai>
    <HoSoId>1752</HoSoId>
    <GiangVienId>47</GiangVienId>
    <Ngay>2018-07-12T14:37:44.0428081</Ngay>
  </NCKH_KeKhai>
  <NCKH_KeKhai>
    <HoSoId>1750</HoSoId>
    <GiangVienId>47</GiangVienId>
    <Ngay>2018-07-12T14:54:30.3069755</Ngay>
  </NCKH_KeKhai>
  <NCKH_KeKhai>
    <HoSoId>1753</HoSoId>
    <GiangVienId>47</GiangVienId>
    <Ngay>2018-07-12T14:55:45.140307</Ngay>
  </NCKH_KeKhai>
  <NCKH_KeKhai>
    <HoSoId>1755</HoSoId>
    <GiangVienId>47</GiangVienId>
    <Ngay>2018-07-12T15:05:38.0037483</Ngay>
  </NCKH_KeKhai>
  <NCKH_KeKhai>
    <HoSoId>1761</HoSoId>
    <GiangVienId>47</GiangVienId>
    <Ngay>2018-07-12T15:06:47.6422706</Ngay>
  </NCKH_KeKhai>
  <NCKH_KeKhai>
    <HoSoId>1760</HoSoId>
    <GiangVienId>47</GiangVienId>
    <Ngay>2018-07-12T15:07:08.3123069</Ngay>
  </NCKH_KeKhai>
  <NCKH_KeKhai>
    <HoSoId>1759</HoSoId>
    <GiangVienId>47</GiangVienId>
    <Ngay>2018-07-12T15:07:18.031124</Ngay>
  </NCKH_KeKhai>
  <NCKH_KeKhai>
    <HoSoId>1758</HoSoId>
    <GiangVienId>47</GiangVienId>
    <Ngay>2018-07-12T15:07:29.5751442</Ngay>
  </NCKH_KeKhai>
  <NCKH_KeKhai>
    <HoSoId>669</HoSoId>
    <GiangVienId>47</GiangVienId>
    <Ngay>2018-07-12T15:08:31.7880535</Ngay>
  </NCKH_KeKhai>
  <NCKH_KeKhai>
    <HoSoId>1756</HoSoId>
    <GiangVienId>47</GiangVienId>
    <Ngay>2018-07-12T15:10:22.0958473</Ngay>
  </NCKH_KeKhai>
  <NCKH_KeKhai>
    <HoSoId>1795</HoSoId>
    <GiangVienId>47</GiangVienId>
    <Ngay>2018-07-12T19:02:22.5618973</Ngay>
  </NCKH_KeKhai>
  <NCKH_KeKhai>
    <HoSoId>1790</HoSoId>
    <GiangVienId>47</GiangVienId>
    <Ngay>2018-07-12T19:03:56.364862</Ngay>
  </NCKH_KeKhai>
  <NCKH_KeKhai>
    <HoSoId>1793</HoSoId>
    <GiangVienId>47</GiangVienId>
    <Ngay>2018-07-12T19:05:42.3826482</Ngay>
  </NCKH_KeKhai>
  <NCKH_KeKhai>
    <HoSoId>1787</HoSoId>
    <GiangVienId>47</GiangVienId>
    <Ngay>2018-07-12T19:06:34.8611404</Ngay>
  </NCKH_KeKhai>
  <NCKH_KeKhai>
    <HoSoId>1781</HoSoId>
    <GiangVienId>47</GiangVienId>
    <Ngay>2018-07-12T19:06:55.8275772</Ngay>
  </NCKH_KeKhai>
  <NCKH_KeKhai>
    <HoSoId>1778</HoSoId>
    <GiangVienId>47</GiangVienId>
    <Ngay>2018-07-12T19:07:50.5212733</Ngay>
  </NCKH_KeKhai>
  <NCKH_KeKhai>
    <HoSoId>1775</HoSoId>
    <GiangVienId>47</GiangVienId>
    <Ngay>2018-07-12T19:08:30.0049426</Ngay>
  </NCKH_KeKhai>
  <NCKH_KeKhai>
    <HoSoId>1538</HoSoId>
    <GiangVienId>47</GiangVienId>
    <Ngay>2018-07-12T19:09:27.3974434</Ngay>
  </NCKH_KeKhai>
  <NCKH_KeKhai>
    <HoSoId>1704</HoSoId>
    <GiangVienId>47</GiangVienId>
    <Ngay>2018-07-12T19:16:33.0441911</Ngay>
  </NCKH_KeKhai>
  <NCKH_KeKhai>
    <HoSoId>1735</HoSoId>
    <GiangVienId>47</GiangVienId>
    <Ngay>2018-07-12T19:24:25.553421</Ngay>
  </NCKH_KeKhai>
  <NCKH_KeKhai>
    <HoSoId>1545</HoSoId>
    <GiangVienId>47</GiangVienId>
    <Ngay>2018-07-12T19:39:03.6633633</Ngay>
  </NCKH_KeKhai>
  <NCKH_KeKhai>
    <HoSoId>1816</HoSoId>
    <GiangVienId>47</GiangVienId>
    <Ngay>2018-07-13T03:43:55.0000595</Ngay>
  </NCKH_KeKhai>
  <NCKH_KeKhai>
    <HoSoId>1800</HoSoId>
    <GiangVienId>47</GiangVienId>
    <Ngay>2018-07-13T03:45:31.8450296</Ngay>
  </NCKH_KeKhai>
  <NCKH_KeKhai>
    <HoSoId>1805</HoSoId>
    <GiangVienId>47</GiangVienId>
    <Ngay>2018-07-13T03:46:43.7611559</Ngay>
  </NCKH_KeKhai>
  <NCKH_KeKhai>
    <HoSoId>1803</HoSoId>
    <GiangVienId>47</GiangVienId>
    <Ngay>2018-07-13T03:55:45.6749078</Ngay>
  </NCKH_KeKhai>
  <NCKH_KeKhai>
    <HoSoId>1801</HoSoId>
    <GiangVienId>47</GiangVienId>
    <Ngay>2018-07-13T03:56:17.3741634</Ngay>
  </NCKH_KeKhai>
  <NCKH_KeKhai>
    <HoSoId>1810</HoSoId>
    <GiangVienId>47</GiangVienId>
    <Ngay>2018-07-13T03:57:04.8606468</Ngay>
  </NCKH_KeKhai>
  <NCKH_KeKhai>
    <HoSoId>1813</HoSoId>
    <GiangVienId>47</GiangVienId>
    <Ngay>2018-07-13T03:58:01.3795461</Ngay>
  </NCKH_KeKhai>
  <NCKH_KeKhai>
    <HoSoId>1819</HoSoId>
    <GiangVienId>47</GiangVienId>
    <Ngay>2018-07-16T19:40:26.5728479</Ngay>
  </NCKH_KeKhai>
  <NCKH_KeKhai>
    <HoSoId>1659</HoSoId>
    <GiangVienId>47</GiangVienId>
    <Ngay>2018-07-16T19:41:00.1441069</Ngay>
  </NCKH_KeKhai>
  <NCKH_KeKhai>
    <HoSoId>844</HoSoId>
    <GiangVienId>47</GiangVienId>
    <Ngay>2018-07-16T19:42:18.0818438</Ngay>
  </NCKH_KeKhai>
  <NCKH_KeKhai>
    <HoSoId>1580</HoSoId>
    <GiangVienId>47</GiangVienId>
    <Ngay>2018-07-16T19:42:48.1430966</Ngay>
  </NCKH_KeKhai>
  <NCKH_KeKhai>
    <HoSoId>1802</HoSoId>
    <GiangVienId>47</GiangVienId>
    <Ngay>2018-07-16T19:43:28.1571669</Ngay>
  </NCKH_KeKhai>
  <NCKH_KeKhai>
    <HoSoId>1825</HoSoId>
    <GiangVienId>47</GiangVienId>
    <Ngay>2018-07-25T09:40:04.4824858</Ngay>
  </NCKH_KeKhai>
  <NCKH_KeKhai>
    <HoSoId>1823</HoSoId>
    <GiangVienId>47</GiangVienId>
    <Ngay>2018-07-25T09:40:26.0105236</Ngay>
  </NCKH_KeKhai>
  <NCKH_KeKhai>
    <HoSoId>1821</HoSoId>
    <GiangVienId>47</GiangVienId>
    <Ngay>2018-07-25T09:40:44.6213563</Ngay>
  </NCKH_KeKhai>
  <NCKH_KeKhai>
    <HoSoId>1828</HoSoId>
    <GiangVienId>39</GiangVienId>
    <Ngay>2018-07-26T09:17:22.5718473</Ngay>
  </NCKH_KeKhai>
  <NCKH_KeKhai>
    <HoSoId>1434</HoSoId>
    <GiangVienId>47</GiangVienId>
    <Ngay>2018-07-27T15:10:29.0344129</Ngay>
  </NCKH_KeKhai>
  <NCKH_KeKhai>
    <HoSoId>1297</HoSoId>
    <GiangVienId>47</GiangVienId>
    <Ngay>2018-07-27T15:18:09.4692216</Ngay>
  </NCKH_KeKhai>
  <NCKH_KeKhai>
    <HoSoId>1310</HoSoId>
    <GiangVienId>47</GiangVienId>
    <Ngay>2018-07-27T18:02:28.0157373</Ngay>
  </NCKH_KeKhai>
  <NCKH_KeKhai>
    <HoSoId>1366</HoSoId>
    <GiangVienId>47</GiangVienId>
    <Ngay>2018-07-27T20:48:46.8384641</Ngay>
  </NCKH_KeKhai>
  <NCKH_KeKhai>
    <HoSoId>1842</HoSoId>
    <GiangVienId>47</GiangVienId>
    <Ngay>2018-07-28T11:23:42.1630673</Ngay>
  </NCKH_KeKhai>
  <NCKH_KeKhai>
    <HoSoId>1881</HoSoId>
    <GiangVienId>47</GiangVienId>
    <Ngay>2018-07-29T13:01:47.1515573</Ngay>
  </NCKH_KeKhai>
  <NCKH_KeKhai>
    <HoSoId>1847</HoSoId>
    <GiangVienId>47</GiangVienId>
    <Ngay>2018-07-29T14:59:58.5028126</Ngay>
  </NCKH_KeKhai>
  <NCKH_KeKhai>
    <HoSoId>1848</HoSoId>
    <GiangVienId>47</GiangVienId>
    <Ngay>2018-07-29T15:42:09.9504589</Ngay>
  </NCKH_KeKhai>
  <NCKH_KeKhai>
    <HoSoId>1846</HoSoId>
    <GiangVienId>47</GiangVienId>
    <Ngay>2018-07-29T15:48:45.161553</Ngay>
  </NCKH_KeKhai>
  <NCKH_KeKhai>
    <HoSoId>1864</HoSoId>
    <GiangVienId>47</GiangVienId>
    <Ngay>2018-07-29T15:56:08.2491313</Ngay>
  </NCKH_KeKhai>
  <NCKH_KeKhai>
    <HoSoId>1875</HoSoId>
    <GiangVienId>47</GiangVienId>
    <Ngay>2018-07-29T15:57:50.569711</Ngay>
  </NCKH_KeKhai>
  <NCKH_KeKhai>
    <HoSoId>1868</HoSoId>
    <GiangVienId>47</GiangVienId>
    <Ngay>2018-07-29T17:01:33.9648264</Ngay>
  </NCKH_KeKhai>
  <NCKH_KeKhai>
    <HoSoId>1869</HoSoId>
    <GiangVienId>47</GiangVienId>
    <Ngay>2018-07-29T17:05:15.0172147</Ngay>
  </NCKH_KeKhai>
  <NCKH_KeKhai>
    <HoSoId>1866</HoSoId>
    <GiangVienId>47</GiangVienId>
    <Ngay>2018-07-29T17:06:29.0861448</Ngay>
  </NCKH_KeKhai>
  <NCKH_KeKhai>
    <HoSoId>13</HoSoId>
    <GiangVienId>47</GiangVienId>
    <Ngay>2018-07-29T17:11:08.1238349</Ngay>
  </NCKH_KeKhai>
  <NCKH_KeKhai>
    <HoSoId>1855</HoSoId>
    <GiangVienId>47</GiangVienId>
    <Ngay>2018-07-29T17:17:05.6140628</Ngay>
  </NCKH_KeKhai>
  <NCKH_KeKhai>
    <HoSoId>1871</HoSoId>
    <GiangVienId>47</GiangVienId>
    <Ngay>2018-07-29T17:20:34.5608298</Ngay>
  </NCKH_KeKhai>
  <NCKH_KeKhai>
    <HoSoId>1859</HoSoId>
    <GiangVienId>47</GiangVienId>
    <Ngay>2018-07-29T17:21:24.792918</Ngay>
  </NCKH_KeKhai>
  <NCKH_KeKhai>
    <HoSoId>1856</HoSoId>
    <GiangVienId>47</GiangVienId>
    <Ngay>2018-07-29T17:23:17.4407159</Ngay>
  </NCKH_KeKhai>
  <NCKH_KeKhai>
    <HoSoId>1853</HoSoId>
    <GiangVienId>47</GiangVienId>
    <Ngay>2018-07-29T17:30:44.1787005</Ngay>
  </NCKH_KeKhai>
  <NCKH_KeKhai>
    <HoSoId>1850</HoSoId>
    <GiangVienId>47</GiangVienId>
    <Ngay>2018-07-29T17:31:58.0604303</Ngay>
  </NCKH_KeKhai>
  <NCKH_KeKhai>
    <HoSoId>1862</HoSoId>
    <GiangVienId>47</GiangVienId>
    <Ngay>2018-07-29T17:34:14.9194707</Ngay>
  </NCKH_KeKhai>
  <NCKH_KeKhai>
    <HoSoId>1873</HoSoId>
    <GiangVienId>47</GiangVienId>
    <Ngay>2018-07-29T17:36:25.1484994</Ngay>
  </NCKH_KeKhai>
  <NCKH_KeKhai>
    <HoSoId>1836</HoSoId>
    <GiangVienId>47</GiangVienId>
    <Ngay>2018-07-29T17:38:46.9215484</Ngay>
  </NCKH_KeKhai>
  <NCKH_KeKhai>
    <HoSoId>1849</HoSoId>
    <GiangVienId>47</GiangVienId>
    <Ngay>2018-07-29T17:43:43.3688691</Ngay>
  </NCKH_KeKhai>
  <NCKH_KeKhai>
    <HoSoId>1556</HoSoId>
    <GiangVienId>47</GiangVienId>
    <Ngay>2018-07-30T08:31:48.2257839</Ngay>
  </NCKH_KeKhai>
  <NCKH_KeKhai>
    <HoSoId>1622</HoSoId>
    <GiangVienId>47</GiangVienId>
    <Ngay>2018-07-30T08:34:17.1280454</Ngay>
  </NCKH_KeKhai>
  <NCKH_KeKhai>
    <HoSoId>1883</HoSoId>
    <GiangVienId>47</GiangVienId>
    <Ngay>2018-07-30T11:48:45.012539</Ngay>
  </NCKH_KeKhai>
  <NCKH_KeKhai>
    <HoSoId>1886</HoSoId>
    <GiangVienId>47</GiangVienId>
    <Ngay>2018-07-30T11:52:44.2857592</Ngay>
  </NCKH_KeKhai>
  <NCKH_KeKhai>
    <HoSoId>1890</HoSoId>
    <GiangVienId>47</GiangVienId>
    <Ngay>2018-07-30T14:53:51.0308457</Ngay>
  </NCKH_KeKhai>
  <NCKH_KeKhai>
    <HoSoId>1638</HoSoId>
    <GiangVienId>47</GiangVienId>
    <Ngay>2018-07-31T15:26:00.1331875</Ngay>
  </NCKH_KeKhai>
  <NCKH_KeKhai>
    <HoSoId>1894</HoSoId>
    <GiangVienId>47</GiangVienId>
    <Ngay>2018-07-31T15:26:22.9404276</Ngay>
  </NCKH_KeKhai>
  <NCKH_KeKhai>
    <HoSoId>1466</HoSoId>
    <GiangVienId>47</GiangVienId>
    <Ngay>2018-07-31T15:29:51.7311943</Ngay>
  </NCKH_KeKhai>
  <NCKH_KeKhai>
    <HoSoId>1261</HoSoId>
    <GiangVienId>47</GiangVienId>
    <Ngay>2018-07-31T15:33:54.3896205</Ngay>
  </NCKH_KeKhai>
  <NCKH_KeKhai>
    <HoSoId>1892</HoSoId>
    <GiangVienId>47</GiangVienId>
    <Ngay>2018-07-31T15:34:19.9892655</Ngay>
  </NCKH_KeKhai>
  <NCKH_KeKhai>
    <HoSoId>1840</HoSoId>
    <GiangVienId>47</GiangVienId>
    <Ngay>2018-07-31T15:34:42.9837059</Ngay>
  </NCKH_KeKhai>
  <NCKH_KeKhai>
    <HoSoId>1897</HoSoId>
    <GiangVienId>47</GiangVienId>
    <Ngay>2018-08-01T07:28:17.8625985</Ngay>
  </NCKH_KeKhai>
  <NCKH_KeKhai>
    <HoSoId>1896</HoSoId>
    <GiangVienId>47</GiangVienId>
    <Ngay>2018-08-01T07:28:26.3958135</Ngay>
  </NCKH_KeKhai>
  <NCKH_KeKhai>
    <HoSoId>1900</HoSoId>
    <GiangVienId>47</GiangVienId>
    <Ngay>2018-08-01T07:38:28.1668704</Ngay>
  </NCKH_KeKhai>
  <NCKH_KeKhai>
    <HoSoId>1901</HoSoId>
    <GiangVienId>47</GiangVienId>
    <Ngay>2018-08-01T07:39:45.0438055</Ngay>
  </NCKH_KeKhai>
  <NCKH_KeKhai>
    <HoSoId>1903</HoSoId>
    <GiangVienId>47</GiangVienId>
    <Ngay>2018-08-01T07:45:36.9648236</Ngay>
  </NCKH_KeKhai>
  <NCKH_KeKhai>
    <HoSoId>1907</HoSoId>
    <GiangVienId>47</GiangVienId>
    <Ngay>2018-08-01T09:37:41.8246352</Ngay>
  </NCKH_KeKhai>
  <NCKH_KeKhai>
    <HoSoId>1910</HoSoId>
    <GiangVienId>47</GiangVienId>
    <Ngay>2018-08-01T15:11:12.4009819</Ngay>
  </NCKH_KeKhai>
</data>