﻿<?xml version="1.0" encoding="utf-8"?>
<data>
  <NCKH_BaoCao>
    <Id>2</Id>
    <Mau>03</Mau>
    <PhanCapId>2</PhanCapId>
    <Ten>Bài báo đăng trong tạp chí nước ngoài</Ten>
  </NCKH_BaoCao>
  <NCKH_BaoCao>
    <Id>4</Id>
    <Mau>03</Mau>
    <PhanCapId>3</PhanCapId>
    <Ten>Bài báo đăng trong tạp chí trong nước</Ten>
  </NCKH_BaoCao>
  <NCKH_BaoCao>
    <Id>6</Id>
    <Mau>03</Mau>
    <PhanCapId>4</PhanCapId>
    <Ten>Bài báo đăng trong kỷ yếu hội nghị quốc tế có phản biện</Ten>
  </NCKH_BaoCao>
  <NCKH_BaoCao>
    <Id>9</Id>
    <Mau>03</Mau>
    <PhanCapId>5</PhanCapId>
    <Ten>Bài báo đăng trong kỷ yếu hội nghị trong nước có phản biện</Ten>
  </NCKH_BaoCao>
  <NCKH_BaoCao>
    <Id>11</Id>
    <Mau>02A</Mau>
    <PhanCapId>1</PhanCapId>
    <Ten>Đăng trong tạp chí SCI hoặc SCIE</Ten>
  </NCKH_BaoCao>
  <NCKH_BaoCao>
    <Id>13</Id>
    <Mau>02B</Mau>
    <PhanCapId>10</PhanCapId>
    <Ten>Đăng trong tạp chí SCOPUS</Ten>
  </NCKH_BaoCao>
</data>