﻿<?xml version="1.0" encoding="utf-8"?>
<data>
  <NCKH_HoiNghi>
    <HoSoId>25</HoSoId>
    <HoiThao>International Conference on Ubiquitous Information Management and Communication 2016 (ACM IMCOM)</HoiThao>
    <DiaDiem>Da Nang, Vietnam</DiaDiem>
    <NgayBD>2016-01-04T00:00:00</NgayBD>
    <NgayKT>2016-01-06T00:00:00</NgayKT>
    <SoTrang>1 - 8</SoTrang>
    <ISSN>978-1-4503-4142-4</ISSN>
    <DOI />
  </NCKH_HoiNghi>
  <NCKH_HoiNghi>
    <HoSoId>29</HoSoId>
    <HoiThao>International Conference on Computing, Management and Telecommunications (ComManTel 2015)</HoiThao>
    <DiaDiem>Danang, Vietnam</DiaDiem>
    <NgayBD>2015-12-28T00:00:00</NgayBD>
    <NgayKT>2015-12-30T00:00:00</NgayKT>
    <SoTrang>5</SoTrang>
    <ISSN>978-1-4673-6546-8</ISSN>
    <DOI />
  </NCKH_HoiNghi>
  <NCKH_HoiNghi>
    <HoSoId>35</HoSoId>
    <HoiThao>The 2015 National Conference on Electronics, Communications and Information Technology – REV-ECIT 2015)</HoiThao>
    <DiaDiem>TPHCM</DiaDiem>
    <NgayBD>2015-12-10T00:00:00</NgayBD>
    <NgayKT>2015-12-11T00:00:00</NgayKT>
    <SoTrang>358-362</SoTrang>
    <ISSN>978-604-67-0635-9</ISSN>
    <DOI />
  </NCKH_HoiNghi>
  <NCKH_HoiNghi>
    <HoSoId>42</HoSoId>
    <HoiThao>The Asia-Pacific Conference on Communications</HoiThao>
    <DiaDiem>Kyoto, Nhật</DiaDiem>
    <NgayBD>2015-10-14T00:00:00</NgayBD>
    <NgayKT>2015-10-16T00:00:00</NgayKT>
    <SoTrang>674-679</SoTrang>
    <ISSN>978-4-8855-2301-4</ISSN>
    <DOI>10.1109/APCC.2015.7412592</DOI>
  </NCKH_HoiNghi>
  <NCKH_HoiNghi>
    <HoSoId>43</HoSoId>
    <HoiThao>International Conference on Communications, Management and Telecommunications</HoiThao>
    <DiaDiem>Da nang, Vietnam</DiaDiem>
    <NgayBD>2015-12-28T00:00:00</NgayBD>
    <NgayKT>2015-12-30T00:00:00</NgayKT>
    <SoTrang>46 - 51</SoTrang>
    <ISSN>978-1-4673-6546-8</ISSN>
    <DOI>10.1109/ComManTel.2015.7394258</DOI>
  </NCKH_HoiNghi>
  <NCKH_HoiNghi>
    <HoSoId>44</HoSoId>
    <HoiThao>International Conference on Ubiquitous and Future Networks</HoiThao>
    <DiaDiem>Sapporo, Japan</DiaDiem>
    <NgayBD>2015-07-07T00:00:00</NgayBD>
    <NgayKT>2015-07-10T00:00:00</NgayKT>
    <SoTrang>657 - 661</SoTrang>
    <ISSN>2165-8528</ISSN>
    <DOI>10.1109/ICUFN.2015.7182625</DOI>
  </NCKH_HoiNghi>
  <NCKH_HoiNghi>
    <HoSoId>48</HoSoId>
    <HoiThao>International Conference on Computing, Management and Telecommunications (Commantel 2015)</HoiThao>
    <DiaDiem>Da Nang, Vietnam</DiaDiem>
    <NgayBD>2015-12-28T00:00:00</NgayBD>
    <NgayKT>2015-12-30T00:00:00</NgayKT>
    <SoTrang>41 - 45</SoTrang>
    <ISSN>978-1-4673-6546-8</ISSN>
    <DOI>10.1109/ComManTel.2015.7394257</DOI>
  </NCKH_HoiNghi>
  <NCKH_HoiNghi>
    <HoSoId>49</HoSoId>
    <HoiThao>International Conference on Advanced Technologies for Communications (ATC’15)</HoiThao>
    <DiaDiem>Ho Chi Minh City, Vietnam</DiaDiem>
    <NgayBD>2015-10-14T00:00:00</NgayBD>
    <NgayKT>2015-10-16T00:00:00</NgayKT>
    <SoTrang>308 - 313</SoTrang>
    <ISSN>2162-1020</ISSN>
    <DOI>10.1109/ATC.2015.7388340</DOI>
  </NCKH_HoiNghi>
  <NCKH_HoiNghi>
    <HoSoId>51</HoSoId>
    <HoiThao>Workshop on Maritime communication and navigation</HoiThao>
    <DiaDiem>Hanoi</DiaDiem>
    <NgayBD>2015-08-27T00:00:00</NgayBD>
    <NgayKT>2015-08-27T00:00:00</NgayKT>
    <SoTrang>89-94</SoTrang>
    <ISSN>9786046706328</ISSN>
    <DOI />
  </NCKH_HoiNghi>
  <NCKH_HoiNghi>
    <HoSoId>52</HoSoId>
    <HoiThao>International Conference on Advanced Technologies for Communications (ATC’15)</HoiThao>
    <DiaDiem>Ho Chi Minh City, Vietnam</DiaDiem>
    <NgayBD>2015-10-14T00:00:00</NgayBD>
    <NgayKT>2015-10-16T00:00:00</NgayKT>
    <SoTrang>206 - 211</SoTrang>
    <ISSN>2162-1020</ISSN>
    <DOI>10.1109/ATC.2015.7388321</DOI>
  </NCKH_HoiNghi>
  <NCKH_HoiNghi>
    <HoSoId>63</HoSoId>
    <HoiThao>SOICT 2015</HoiThao>
    <DiaDiem>TP Huế, Việt nam</DiaDiem>
    <NgayBD>2015-12-03T00:00:00</NgayBD>
    <NgayKT>2015-12-04T00:00:00</NgayKT>
    <SoTrang>8</SoTrang>
    <ISSN>978-1-4503-3843-1</ISSN>
    <DOI />
  </NCKH_HoiNghi>
  <NCKH_HoiNghi>
    <HoSoId>71</HoSoId>
    <HoiThao>International Conference on Advanced Technologies for Communications (ATC), 2015</HoiThao>
    <DiaDiem>Ho Chi Minh City</DiaDiem>
    <NgayBD>2015-10-14T00:00:00</NgayBD>
    <NgayKT>2015-10-16T00:00:00</NgayKT>
    <SoTrang>616 - 621</SoTrang>
    <ISSN>2162-1020</ISSN>
    <DOI>10.1109/ATC.2015.7388404</DOI>
  </NCKH_HoiNghi>
  <NCKH_HoiNghi>
    <HoSoId>72</HoSoId>
    <HoiThao>International Conference on Advanced Technologies for Communications (ATC), 2015</HoiThao>
    <DiaDiem>Ho Chi Minh City</DiaDiem>
    <NgayBD>2016-10-14T00:00:00</NgayBD>
    <NgayKT>2016-10-16T00:00:00</NgayKT>
    <SoTrang>270 - 274</SoTrang>
    <ISSN>2162-1020</ISSN>
    <DOI>10.1109/ATC.2015.7388333</DOI>
  </NCKH_HoiNghi>
  <NCKH_HoiNghi>
    <HoSoId>81</HoSoId>
    <HoiThao>The 6th International Symposium on Information and Communication Technology, SoICT 2015</HoiThao>
    <DiaDiem>Hue City, Vietnam</DiaDiem>
    <NgayBD>2015-12-03T00:00:00</NgayBD>
    <NgayKT>2015-12-04T00:00:00</NgayKT>
    <SoTrang>195-202</SoTrang>
    <ISSN>978-1-4503-3843-1</ISSN>
    <DOI>10.1145/2833258.2833307</DOI>
  </NCKH_HoiNghi>
  <NCKH_HoiNghi>
    <HoSoId>91</HoSoId>
    <HoiThao>2016 IEEE International Conference on Consumer Electronics (ICCE)</HoiThao>
    <DiaDiem>Las Vegas, USA</DiaDiem>
    <NgayBD>2016-01-06T00:00:00</NgayBD>
    <NgayKT>2016-01-09T00:00:00</NgayKT>
    <SoTrang>321-322</SoTrang>
    <ISSN>978-1-4673-8363-9</ISSN>
    <DOI>10.1109/ICCE.2016.7430629</DOI>
  </NCKH_HoiNghi>
  <NCKH_HoiNghi>
    <HoSoId>92</HoSoId>
    <HoiThao>2016 IEEE International Conference on Consumer Electronics (ICCE)</HoiThao>
    <DiaDiem>Las Vegas, USA</DiaDiem>
    <NgayBD>2016-01-06T00:00:00</NgayBD>
    <NgayKT>2016-01-09T00:00:00</NgayKT>
    <SoTrang>189-191</SoTrang>
    <ISSN>978-1-4673-8363-9</ISSN>
    <DOI>10.1109/ICCE.2016.7430575</DOI>
  </NCKH_HoiNghi>
  <NCKH_HoiNghi>
    <HoSoId>93</HoSoId>
    <HoiThao>2015 International Conference on Communications, Management and Telecommunications (ComManTel)</HoiThao>
    <DiaDiem>Danang, Vietnam</DiaDiem>
    <NgayBD>2015-12-28T00:00:00</NgayBD>
    <NgayKT>2015-12-30T00:00:00</NgayKT>
    <SoTrang>189-193</SoTrang>
    <ISSN>978-1-4673-6546-8</ISSN>
    <DOI>10.1109/ComManTel.2015.7394285</DOI>
  </NCKH_HoiNghi>
  <NCKH_HoiNghi>
    <HoSoId>94</HoSoId>
    <HoiThao>2015 International Conference on Communications, Management and Telecommunications (ComManTel)</HoiThao>
    <DiaDiem>Danang, Vietnam</DiaDiem>
    <NgayBD>2015-12-28T00:00:00</NgayBD>
    <NgayKT>2015-12-30T00:00:00</NgayKT>
    <SoTrang>205-209</SoTrang>
    <ISSN>978-1-4673-6546-8</ISSN>
    <DOI>10.1109/ComManTel.2015.7394288</DOI>
  </NCKH_HoiNghi>
  <NCKH_HoiNghi>
    <HoSoId>95</HoSoId>
    <HoiThao>2015 International Conference on Communications, Management and Telecommunications (ComManTel)</HoiThao>
    <DiaDiem>Danang, Vietnam</DiaDiem>
    <NgayBD>2015-12-28T00:00:00</NgayBD>
    <NgayKT>2015-12-30T00:00:00</NgayKT>
    <SoTrang>194-199</SoTrang>
    <ISSN>978-1-4673-6546-8</ISSN>
    <DOI>10.1109/ComManTel.2015.7394286</DOI>
  </NCKH_HoiNghi>
  <NCKH_HoiNghi>
    <HoSoId>96</HoSoId>
    <HoiThao>2015 International Conference on Communications, Management and Telecommunications (ComManTel)</HoiThao>
    <DiaDiem>Danang, Vietnam</DiaDiem>
    <NgayBD>2015-12-28T00:00:00</NgayBD>
    <NgayKT>2015-12-30T00:00:00</NgayKT>
    <SoTrang>184-188</SoTrang>
    <ISSN>978-1-4673-6546-8</ISSN>
    <DOI>10.1109/ComManTel.2015.7394284</DOI>
  </NCKH_HoiNghi>
  <NCKH_HoiNghi>
    <HoSoId>97</HoSoId>
    <HoiThao>2015 International Conference on Advanced Technologies for Communications (ATC)</HoiThao>
    <DiaDiem>HCM city, Vietnam</DiaDiem>
    <NgayBD>2015-10-14T00:00:00</NgayBD>
    <NgayKT>2015-10-16T00:00:00</NgayKT>
    <SoTrang>366-371</SoTrang>
    <ISSN>978-1-4673-8372-1</ISSN>
    <DOI>10.1109/ATC.2015.7388353</DOI>
  </NCKH_HoiNghi>
  <NCKH_HoiNghi>
    <HoSoId>98</HoSoId>
    <HoiThao>2015 IEEE 17th International Workshop on Multimedia Signal Proccesing (MMSP)</HoiThao>
    <DiaDiem>Xiamen, China</DiaDiem>
    <NgayBD>2015-10-19T00:00:00</NgayBD>
    <NgayKT>2015-10-21T00:00:00</NgayKT>
    <SoTrang>1-5</SoTrang>
    <ISSN>978-1-4673-7478-1</ISSN>
    <DOI>10.1109/MMSP.2015.7340878</DOI>
  </NCKH_HoiNghi>
  <NCKH_HoiNghi>
    <HoSoId>99</HoSoId>
    <HoiThao>2015 2nd National Foundation for Science and Technology Development Conference on Information and Computer Science (NICS)</HoiThao>
    <DiaDiem>HCM city, Vietnam</DiaDiem>
    <NgayBD>2015-09-16T00:00:00</NgayBD>
    <NgayKT>2015-09-18T00:00:00</NgayKT>
    <SoTrang>254-258</SoTrang>
    <ISSN>978-1-4673-6639-7</ISSN>
    <DOI>10.1109/NICS.2015.7302202</DOI>
  </NCKH_HoiNghi>
  <NCKH_HoiNghi>
    <HoSoId>100</HoSoId>
    <HoiThao>2015 2nd National Foundation for Science and Technology Development Conference on Information and Computer Science (NICS)</HoiThao>
    <DiaDiem>HCM city, Vietnam</DiaDiem>
    <NgayBD>2015-09-16T00:00:00</NgayBD>
    <NgayKT>2015-09-18T00:00:00</NgayKT>
    <SoTrang>248-253</SoTrang>
    <ISSN>978-1-4673-6639-7</ISSN>
    <DOI>10.1109/NICS.2015.7302201</DOI>
  </NCKH_HoiNghi>
  <NCKH_HoiNghi>
    <HoSoId>102</HoSoId>
    <HoiThao>ATC</HoiThao>
    <DiaDiem>Ho Chi Minh</DiaDiem>
    <NgayBD>2015-10-14T00:00:00</NgayBD>
    <NgayKT>2015-10-16T00:00:00</NgayKT>
    <SoTrang>362-365</SoTrang>
    <ISSN>2162-1020/978-1-4673-8372-1</ISSN>
    <DOI>10.1109/ATC.2015.7388352</DOI>
  </NCKH_HoiNghi>
  <NCKH_HoiNghi>
    <HoSoId>103</HoSoId>
    <HoiThao>ATC</HoiThao>
    <DiaDiem>Ho Chi Minh</DiaDiem>
    <NgayBD>2015-10-14T00:00:00</NgayBD>
    <NgayKT>2015-10-16T00:00:00</NgayKT>
    <SoTrang>372-377</SoTrang>
    <ISSN>2162-1020/978-1-4673-8372-1</ISSN>
    <DOI>10.1109/ATC.2015.7388354</DOI>
  </NCKH_HoiNghi>
  <NCKH_HoiNghi>
    <HoSoId>112</HoSoId>
    <HoiThao>ICCE</HoiThao>
    <DiaDiem>Hạ Long</DiaDiem>
    <NgayBD>2016-07-27T00:00:00</NgayBD>
    <NgayKT>2016-07-29T00:00:00</NgayKT>
    <SoTrang>253-258</SoTrang>
    <ISSN>1859-1043</ISSN>
    <DOI />
  </NCKH_HoiNghi>
  <NCKH_HoiNghi>
    <HoSoId>119</HoSoId>
    <HoiThao>2016 IEEE Sixth International Conference on Communications and Electronics</HoiThao>
    <DiaDiem>Hạ Long, Việt Nam</DiaDiem>
    <NgayBD>2016-07-27T00:00:00</NgayBD>
    <NgayKT>2016-07-29T00:00:00</NgayKT>
    <SoTrang>509-514</SoTrang>
    <ISSN>978-1-5090-1800-0</ISSN>
    <DOI />
  </NCKH_HoiNghi>
  <NCKH_HoiNghi>
    <HoSoId>125</HoSoId>
    <HoiThao>ACIIDS 2016 : 8th Asian Conference on Intelligent Information and Database Systems</HoiThao>
    <DiaDiem>Đà Nẵng, Việt Nam</DiaDiem>
    <NgayBD>2016-03-14T00:00:00</NgayBD>
    <NgayKT>2016-03-16T00:00:00</NgayKT>
    <SoTrang>721-730</SoTrang>
    <ISSN>0302-9743/978-3-662-49380-9</ISSN>
    <DOI>10.1007/978-3-662-49381-6</DOI>
  </NCKH_HoiNghi>
  <NCKH_HoiNghi>
    <HoSoId>130</HoSoId>
    <HoiThao>The 8th Asian Conference on Intelligent Information and Database Systems (ACIIDS 2016), Chapter Intelligent Information and Database Systems</HoiThao>
    <DiaDiem>Da Nang city, Viet Nam</DiaDiem>
    <NgayBD>2016-03-14T00:00:00</NgayBD>
    <NgayKT>2016-03-16T00:00:00</NgayKT>
    <SoTrang>607-619</SoTrang>
    <ISSN>0302-9743</ISSN>
    <DOI />
  </NCKH_HoiNghi>
  <NCKH_HoiNghi>
    <HoSoId>131</HoSoId>
    <HoiThao>The10th Southeast Asian Technical University Consortium Symposium</HoiThao>
    <DiaDiem>Shibaura Institute of Technology, Tokyo, Japan</DiaDiem>
    <NgayBD>2016-02-22T00:00:00</NgayBD>
    <NgayKT>2016-02-24T00:00:00</NgayKT>
    <SoTrang>1-2</SoTrang>
    <ISSN>1882-5796</ISSN>
    <DOI />
  </NCKH_HoiNghi>
  <NCKH_HoiNghi>
    <HoSoId>132</HoSoId>
    <HoiThao>Kỷ yếu Hội thảo Quốc gia năm 2015 về Điện tử, Truyền thông và Công nghệ Thông tin (The 2015 National Conference on Electronics, Communications, and Information Technology – ECIT 2015)</HoiThao>
    <DiaDiem>Ho Chi Minh city</DiaDiem>
    <NgayBD>2015-12-10T00:00:00</NgayBD>
    <NgayKT>2015-12-11T00:00:00</NgayKT>
    <SoTrang>437-422</SoTrang>
    <ISSN>978-604-67-0635009</ISSN>
    <DOI />
  </NCKH_HoiNghi>
  <NCKH_HoiNghi>
    <HoSoId>133</HoSoId>
    <HoiThao>The Second NAFOSTED Conference on Information and Computer Science (NICS</HoiThao>
    <DiaDiem>Ho Chi Minh City</DiaDiem>
    <NgayBD>2015-09-16T00:00:00</NgayBD>
    <NgayKT>2015-09-18T00:00:00</NgayKT>
    <SoTrang>223-228</SoTrang>
    <ISSN>978-1-4673-6639-7</ISSN>
    <DOI />
  </NCKH_HoiNghi>
  <NCKH_HoiNghi>
    <HoSoId>135</HoSoId>
    <HoiThao>the 6th IEEE International Conference on Communications and Electronics 2016 (IEEE ICCE 2016)</HoiThao>
    <DiaDiem>Ha Long Bay, Vietnam</DiaDiem>
    <NgayBD>2016-07-27T00:00:00</NgayBD>
    <NgayKT>2016-07-29T00:00:00</NgayKT>
    <SoTrang>125 - 130</SoTrang>
    <ISSN>978-1-5090-1800-0</ISSN>
    <DOI />
  </NCKH_HoiNghi>
  <NCKH_HoiNghi>
    <HoSoId>136</HoSoId>
    <HoiThao>Asia-Pacific Advanced Network Research Workshop (APAN-NRW)</HoiThao>
    <DiaDiem>Kuala Lumpua, Malaysia</DiaDiem>
    <NgayBD>2015-08-10T00:00:00</NgayBD>
    <NgayKT>2015-08-14T00:00:00</NgayKT>
    <SoTrang>14 - 21</SoTrang>
    <ISSN>2227-3026</ISSN>
    <DOI>http://dx.doi.org/10.7125/40.3</DOI>
  </NCKH_HoiNghi>
  <NCKH_HoiNghi>
    <HoSoId>137</HoSoId>
    <HoiThao>Asia-Pacific Advanced Network Research Workshop (APAN-NRW)</HoiThao>
    <DiaDiem>Kuala Lumpua, Malaysia</DiaDiem>
    <NgayBD>2015-08-10T00:00:00</NgayBD>
    <NgayKT>2015-08-14T00:00:00</NgayKT>
    <SoTrang>22 - 28</SoTrang>
    <ISSN>2227-3026</ISSN>
    <DOI>http://dx.doi.org/10.7125/40.4</DOI>
  </NCKH_HoiNghi>
  <NCKH_HoiNghi>
    <HoSoId>140</HoSoId>
    <HoiThao>Proceedings of 2015 2nd National Foundation for Science and Technology Development Conference on Information and Computer Science</HoiThao>
    <DiaDiem>Ho Chi Minh City</DiaDiem>
    <NgayBD>2015-09-16T00:00:00</NgayBD>
    <NgayKT>2015-09-18T00:00:00</NgayKT>
    <SoTrang>289 - 293</SoTrang>
    <ISSN>978-1-4673-6639-7</ISSN>
    <DOI>10.1109/NICS.2015.7302209</DOI>
  </NCKH_HoiNghi>
  <NCKH_HoiNghi>
    <HoSoId>145</HoSoId>
    <HoiThao>2016 IEEE SIXTH INTERNATIONAL CONFERENCE ON COMMUNICATIONS AND ELECTRONICS (ICCE)</HoiThao>
    <DiaDiem>HA LONG BAY, VIETNAM</DiaDiem>
    <NgayBD>2016-07-27T00:00:00</NgayBD>
    <NgayKT>2016-07-29T00:00:00</NgayKT>
    <SoTrang>400-405</SoTrang>
    <ISSN>978-1-5090-1800-0</ISSN>
    <DOI />
  </NCKH_HoiNghi>
  <NCKH_HoiNghi>
    <HoSoId>146</HoSoId>
    <HoiThao>2016 IEEE SIXTH INTERNATIONAL CONFERENCE ON COMMUNICATIONS AND ELECTRONICS (ICCE)</HoiThao>
    <DiaDiem>HA LONG BAY, VIETNAM</DiaDiem>
    <NgayBD>2016-07-27T00:00:00</NgayBD>
    <NgayKT>2016-08-29T00:00:00</NgayKT>
    <SoTrang>405-410</SoTrang>
    <ISSN>978-1-5090-1800-0</ISSN>
    <DOI />
  </NCKH_HoiNghi>
  <NCKH_HoiNghi>
    <HoSoId>149</HoSoId>
    <HoiThao>COMNAVI 2015</HoiThao>
    <DiaDiem>Đại học Bách khoa Hà Nội</DiaDiem>
    <NgayBD>2015-11-28T00:00:00</NgayBD>
    <NgayKT>2015-11-28T00:00:00</NgayKT>
    <SoTrang>114</SoTrang>
    <ISSN>978-604-67-0632-8</ISSN>
    <DOI />
  </NCKH_HoiNghi>
  <NCKH_HoiNghi>
    <HoSoId>151</HoSoId>
    <HoiThao>ComManTel 2015</HoiThao>
    <DiaDiem>Đà Nẵng</DiaDiem>
    <NgayBD>2015-12-28T00:00:00</NgayBD>
    <NgayKT>2015-12-30T00:00:00</NgayKT>
    <SoTrang>239 - 244</SoTrang>
    <ISSN>978-1-4673-6546-8</ISSN>
    <DOI>10.1109/ComManTel.2015.7394295</DOI>
  </NCKH_HoiNghi>
  <NCKH_HoiNghi>
    <HoSoId>154</HoSoId>
    <HoiThao>13th Triennial International Conference on Liquid Atomization and Spray Systems</HoiThao>
    <DiaDiem>Taiwan</DiaDiem>
    <NgayBD>2015-08-23T00:00:00</NgayBD>
    <NgayKT>2015-08-27T00:00:00</NgayKT>
    <SoTrang>4</SoTrang>
    <ISSN>88-88104-03- 8</ISSN>
    <DOI />
  </NCKH_HoiNghi>
  <NCKH_HoiNghi>
    <HoSoId>157</HoSoId>
    <HoiThao>The Eighth International Conference on Knowledge and Systems Engineering</HoiThao>
    <DiaDiem>Hanoi</DiaDiem>
    <NgayBD>2016-10-06T00:00:00</NgayBD>
    <NgayKT>2016-10-08T00:00:00</NgayKT>
    <SoTrang>6</SoTrang>
    <ISSN>978-0-7695-4213-3</ISSN>
    <DOI />
  </NCKH_HoiNghi>
  <NCKH_HoiNghi>
    <HoSoId>158</HoSoId>
    <HoiThao>Personal, Indoor, and Mobile Radio Communications (PIMRC), 2015 IEEE 26th Annual International Symposium on</HoiThao>
    <DiaDiem>Hong Kong</DiaDiem>
    <NgayBD>2015-08-30T00:00:00</NgayBD>
    <NgayKT>2015-09-02T00:00:00</NgayKT>
    <SoTrang>683 - 687</SoTrang>
    <ISSN>INSPEC Accession Number: 15648602</ISSN>
    <DOI>10.1109/PIMRC.2015.7343385</DOI>
  </NCKH_HoiNghi>
  <NCKH_HoiNghi>
    <HoSoId>159</HoSoId>
    <HoiThao>Proceedings of the 10th International Conference on Ubiquitous Information Management and Communication</HoiThao>
    <DiaDiem>Danang</DiaDiem>
    <NgayBD>2016-01-04T00:00:00</NgayBD>
    <NgayKT>2016-01-06T00:00:00</NgayKT>
    <SoTrang>38:1-38:6</SoTrang>
    <ISSN>978-1-4503-4142-4</ISSN>
    <DOI>http://dl.acm.org/citation.cfm?id=2857585</DOI>
  </NCKH_HoiNghi>
  <NCKH_HoiNghi>
    <HoSoId>201</HoSoId>
    <HoiThao>2016 IEEE Sixth International Conference on Communications and Electronics (IEEE ICCE 2016)</HoiThao>
    <DiaDiem>Ha Long, Vietnam</DiaDiem>
    <NgayBD>2016-07-27T00:00:00</NgayBD>
    <NgayKT>2016-07-29T00:00:00</NgayKT>
    <SoTrang>609-613</SoTrang>
    <ISSN>978-1-5090-1931-1</ISSN>
    <DOI />
    <DeTaiId>207</DeTaiId>
  </NCKH_HoiNghi>
  <NCKH_HoiNghi>
    <HoSoId>202</HoSoId>
    <HoiThao>2016 IEEE Sixth International Conference on Communications and Electronics (IEEE ICCE 2016)</HoiThao>
    <DiaDiem>Ha Long, Vietnam</DiaDiem>
    <NgayBD>2016-07-27T00:00:00</NgayBD>
    <NgayKT>2016-07-29T00:00:00</NgayKT>
    <SoTrang>614-617</SoTrang>
    <ISSN>978-1-5090-1931-1</ISSN>
    <DOI />
    <DeTaiId>207</DeTaiId>
  </NCKH_HoiNghi>
  <NCKH_HoiNghi>
    <HoSoId>209</HoSoId>
    <HoiThao>2016 IEEE Sixth International Conference on Communications and Electronics (IEEE ICCE 2016)</HoiThao>
    <DiaDiem>Ha Long, Vietnam</DiaDiem>
    <NgayBD>2016-07-27T00:00:00</NgayBD>
    <NgayKT>2016-07-29T00:00:00</NgayKT>
    <SoTrang>131-135</SoTrang>
    <ISSN>978-1-5090-1931-1</ISSN>
    <DOI />
  </NCKH_HoiNghi>
  <NCKH_HoiNghi>
    <HoSoId>225</HoSoId>
    <HoiThao>The 6th International Conference on the Development of Biomedical Engineering in Vietnam</HoiThao>
    <DiaDiem>TP Hồ Chí Minh</DiaDiem>
    <NgayBD>2016-06-27T00:00:00</NgayBD>
    <NgayKT>2016-06-29T00:00:00</NgayKT>
    <SoTrang>112-115</SoTrang>
    <ISSN>978-3-642-32183-2</ISSN>
    <DOI />
  </NCKH_HoiNghi>
  <NCKH_HoiNghi>
    <HoSoId>228</HoSoId>
    <HoiThao>ECIT 2015</HoiThao>
    <DiaDiem>Thành phố Hồ Chí Minh, Việt nam</DiaDiem>
    <NgayBD>2015-12-10T00:00:00</NgayBD>
    <NgayKT>2015-12-11T00:00:00</NgayKT>
    <SoTrang>420-424</SoTrang>
    <ISSN>978-604-67-0635-9</ISSN>
    <DOI />
  </NCKH_HoiNghi>
  <NCKH_HoiNghi>
    <HoSoId>229</HoSoId>
    <HoiThao>ECIT 2015</HoiThao>
    <DiaDiem>Thành phố Hồ Chí Minh, Việt nam</DiaDiem>
    <NgayBD>2015-12-10T00:00:00</NgayBD>
    <NgayKT>2015-12-11T00:00:00</NgayKT>
    <SoTrang>394-398</SoTrang>
    <ISSN>978-604-67-0635-9</ISSN>
    <DOI />
  </NCKH_HoiNghi>
  <NCKH_HoiNghi>
    <HoSoId>230</HoSoId>
    <HoiThao>ATC-2015</HoiThao>
    <DiaDiem>Thành phố Hồ Chí Minh, Việt nam</DiaDiem>
    <NgayBD>2015-10-14T00:00:00</NgayBD>
    <NgayKT>2015-10-16T00:00:00</NgayKT>
    <SoTrang>522-527</SoTrang>
    <ISSN>2162-1020/978-1-4673-8374-5</ISSN>
    <DOI>10.1109/ATC.2015.7388384</DOI>
  </NCKH_HoiNghi>
  <NCKH_HoiNghi>
    <HoSoId>232</HoSoId>
    <HoiThao>Hội vô tuyến điện tử Việt Nam</HoiThao>
    <DiaDiem>TP. Hồ CHí Minh</DiaDiem>
    <NgayBD>2015-12-10T00:00:00</NgayBD>
    <NgayKT>2015-12-11T00:00:00</NgayKT>
    <SoTrang>262-266</SoTrang>
    <ISSN>978-604-67-0635-9</ISSN>
    <DOI />
  </NCKH_HoiNghi>
  <NCKH_HoiNghi>
    <HoSoId>234</HoSoId>
    <HoiThao>Hội thảo Thông tin định vị trên biển, COMNAVI 2015</HoiThao>
    <DiaDiem>Trường Đại học Bách khoa Hà nội, Việt nam</DiaDiem>
    <NgayBD>2015-11-28T00:00:00</NgayBD>
    <NgayKT>2015-11-28T00:00:00</NgayKT>
    <SoTrang>51-55</SoTrang>
    <ISSN>978-604-67-0632-8</ISSN>
    <DOI />
  </NCKH_HoiNghi>
  <NCKH_HoiNghi>
    <HoSoId>247</HoSoId>
    <HoiThao>ICCE2016</HoiThao>
    <DiaDiem>Hạ long</DiaDiem>
    <NgayBD>2016-07-27T00:00:00</NgayBD>
    <NgayKT>2016-07-29T00:00:00</NgayKT>
    <SoTrang>541-544</SoTrang>
    <ISSN>987-1-5090-1931-1</ISSN>
    <DOI />
  </NCKH_HoiNghi>
  <NCKH_HoiNghi>
    <HoSoId>248</HoSoId>
    <HoiThao>ICCE2016</HoiThao>
    <DiaDiem>Hạ long</DiaDiem>
    <NgayBD>2016-07-27T00:00:00</NgayBD>
    <NgayKT>2016-07-29T00:00:00</NgayKT>
    <SoTrang>195-198</SoTrang>
    <ISSN>987-1-5090-1931-1</ISSN>
    <DOI />
  </NCKH_HoiNghi>
  <NCKH_HoiNghi>
    <HoSoId>249</HoSoId>
    <HoiThao>ICCE2014</HoiThao>
    <DiaDiem>Đà nẵng</DiaDiem>
    <NgayBD>2014-07-30T00:00:00</NgayBD>
    <NgayKT>2014-08-01T00:00:00</NgayKT>
    <SoTrang>280-284</SoTrang>
    <ISSN>987-1-4799-5049-2</ISSN>
    <DOI />
  </NCKH_HoiNghi>
  <NCKH_HoiNghi>
    <HoSoId>250</HoSoId>
    <HoiThao>ICCE2014</HoiThao>
    <DiaDiem>Đà nẵng</DiaDiem>
    <NgayBD>2014-07-30T00:00:00</NgayBD>
    <NgayKT>2014-08-01T00:00:00</NgayKT>
    <SoTrang>434-439</SoTrang>
    <ISSN>987-1-4799-5049-2</ISSN>
    <DOI />
  </NCKH_HoiNghi>
  <NCKH_HoiNghi>
    <HoSoId>251</HoSoId>
    <HoiThao>ICCE2006</HoiThao>
    <DiaDiem>Hà nội</DiaDiem>
    <NgayBD>2006-10-10T00:00:00</NgayBD>
    <NgayKT>2006-10-11T00:00:00</NgayKT>
    <SoTrang>100-103</SoTrang>
    <ISSN>1-4244-0569-6</ISSN>
    <DOI />
  </NCKH_HoiNghi>
  <NCKH_HoiNghi>
    <HoSoId>252</HoSoId>
    <HoiThao>CONNECCT 2013</HoiThao>
    <DiaDiem>Bangalore</DiaDiem>
    <NgayBD>2013-01-17T00:00:00</NgayBD>
    <NgayKT>2013-01-19T00:00:00</NgayKT>
    <SoTrang>1-4</SoTrang>
    <ISSN>978-1-4673-4609-2</ISSN>
    <DOI>10.1109/CONECCT.2013.6469281</DOI>
  </NCKH_HoiNghi>
  <NCKH_HoiNghi>
    <HoSoId>256</HoSoId>
    <HoiThao>Hội nghị khoa học Cơ học Thủy khí toàn quốc năm 2015</HoiThao>
    <DiaDiem>Đà Nẵng</DiaDiem>
    <NgayBD>2015-07-23T00:00:00</NgayBD>
    <NgayKT>2015-07-24T00:00:00</NgayKT>
    <SoTrang>10</SoTrang>
    <ISSN>1859-4182</ISSN>
    <DOI />
  </NCKH_HoiNghi>
  <NCKH_HoiNghi>
    <HoSoId>257</HoSoId>
    <HoiThao>Kỷ yếu Hội thảo Quốc gia năm 2015 về Điện tử, Truyền thông và Công nghệ Thông tin (The 2015 National Conference on Electronics, Communications, and Information Technology – ECIT 2015)</HoiThao>
    <DiaDiem>Ho Chi Minh City</DiaDiem>
    <NgayBD>2015-12-10T00:00:00</NgayBD>
    <NgayKT>2015-12-11T00:00:00</NgayKT>
    <SoTrang>6</SoTrang>
    <ISSN>978-604-67-0635009</ISSN>
    <DOI />
  </NCKH_HoiNghi>
  <NCKH_HoiNghi>
    <HoSoId>258</HoSoId>
    <HoiThao>The 2015 Biomedical Engineering International Conference (BMEiCON-2015)</HoiThao>
    <DiaDiem>Pattaya, Thailand</DiaDiem>
    <NgayBD>2015-11-25T00:00:00</NgayBD>
    <NgayKT>2015-11-27T00:00:00</NgayKT>
    <SoTrang>5</SoTrang>
    <ISSN>978-1-4673-9158-0</ISSN>
    <DOI>10.1109/BMEiCON.2015.7399505</DOI>
  </NCKH_HoiNghi>
  <NCKH_HoiNghi>
    <HoSoId>262</HoSoId>
    <HoiThao>ICDV 2014</HoiThao>
    <DiaDiem>Hà nội</DiaDiem>
    <NgayBD>2014-11-14T00:00:00</NgayBD>
    <NgayKT>2014-11-14T00:00:00</NgayKT>
    <SoTrang>14-20</SoTrang>
    <ISSN>978-4-88552-294-9</ISSN>
    <DOI />
  </NCKH_HoiNghi>
  <NCKH_HoiNghi>
    <HoSoId>263</HoSoId>
    <HoiThao>The 8th Regional Conference on Electrical and Electronics Engineering (RC-EEE)</HoiThao>
    <DiaDiem>Manila, the Philippines</DiaDiem>
    <NgayBD>2015-11-16T00:00:00</NgayBD>
    <NgayKT>2015-11-17T00:00:00</NgayKT>
    <SoTrang>81-82</SoTrang>
    <ISSN>978-616-406-075-3</ISSN>
    <DOI />
  </NCKH_HoiNghi>
  <NCKH_HoiNghi>
    <HoSoId>277</HoSoId>
    <HoiThao>IEEE International Conference on Communications and Electronics ICCE 2016</HoiThao>
    <DiaDiem>Halong Bay</DiaDiem>
    <NgayBD>2016-07-26T00:00:00</NgayBD>
    <NgayKT>2016-07-29T00:00:00</NgayKT>
    <SoTrang>13-18</SoTrang>
    <ISSN>978-1-5090-1800-0</ISSN>
    <DeTaiId>13</DeTaiId>
  </NCKH_HoiNghi>
  <NCKH_HoiNghi>
    <HoSoId>311</HoSoId>
    <HoiThao>The 2016 International Conference on Advanced Technologies for Communications</HoiThao>
    <DiaDiem>Hanoi, Vietnam</DiaDiem>
    <NgayBD>2016-10-12T00:00:00</NgayBD>
    <NgayKT>2016-10-14T00:00:00</NgayKT>
    <SoTrang>484-487</SoTrang>
    <ISSN>2162-1039</ISSN>
  </NCKH_HoiNghi>
  <NCKH_HoiNghi>
    <HoSoId>338</HoSoId>
    <HoiThao>2016 IEEE Sixth International Conference on Communications and Electronics (ICCE)</HoiThao>
    <DiaDiem>Ha Long, Vietnam</DiaDiem>
    <NgayBD>2016-07-27T00:00:00</NgayBD>
    <NgayKT>2016-07-29T00:00:00</NgayKT>
    <SoTrang>375 378</SoTrang>
    <ISSN>978-1-5090-1931-1</ISSN>
    <DOI>10.1109/CCE.2016.7562665</DOI>
  </NCKH_HoiNghi>
  <NCKH_HoiNghi>
    <HoSoId>340</HoSoId>
    <HoiThao>2016 IEEE Sixth International Conference on Communications and Electronics (ICCE)</HoiThao>
    <DiaDiem>Ha Long, Quang Ninh, Vietnam</DiaDiem>
    <NgayBD>2016-07-27T00:00:00</NgayBD>
    <NgayKT>2016-07-29T00:00:00</NgayKT>
    <SoTrang>365-368</SoTrang>
    <ISSN>978-1-5090-1931-1</ISSN>
    <DOI>10.1109/CCE.2016.7562663</DOI>
  </NCKH_HoiNghi>
  <NCKH_HoiNghi>
    <HoSoId>376</HoSoId>
    <HoiThao>The 3rd NAFOSTED Conference on Information and Computer Science (NICS'16)</HoiThao>
    <DiaDiem>Da Nang city, Viet Nam</DiaDiem>
    <NgayBD>2016-09-14T00:00:00</NgayBD>
    <NgayKT>2016-09-16T00:00:00</NgayKT>
    <SoTrang>147-152</SoTrang>
    <ISSN>978-1-5090-2098-0</ISSN>
  </NCKH_HoiNghi>
  <NCKH_HoiNghi>
    <HoSoId>382</HoSoId>
    <HoiThao>The IEEE Vehicular Technology Society Asia Pacific Wireless Communications Symposium (APWCS)</HoiThao>
    <DiaDiem>Tokyo City University, Japan</DiaDiem>
    <NgayBD>2016-08-25T00:00:00</NgayBD>
    <NgayKT>2016-08-26T00:00:00</NgayKT>
    <SoTrang>361-365</SoTrang>
    <ISSN>Non</ISSN>
  </NCKH_HoiNghi>
  <NCKH_HoiNghi>
    <HoSoId>424</HoSoId>
    <HoiThao>Hội nghị toàn quốc lần thứ 8 về cơ điện tử- VCM 2016</HoiThao>
    <DiaDiem>Cần thơ</DiaDiem>
    <NgayBD>2016-11-25T00:00:00</NgayBD>
    <NgayKT>2016-11-26T00:00:00</NgayKT>
    <SoTrang>65-69</SoTrang>
    <ISSN>987-604-913-503-3</ISSN>
  </NCKH_HoiNghi>
  <NCKH_HoiNghi>
    <HoSoId>430</HoSoId>
    <HoiThao>The third international conference on Biomedical Engineering 2016. BME-HUST 2016, IEEE Proceedings</HoiThao>
    <DiaDiem>Đại học Bách Khoa Hà nội</DiaDiem>
    <NgayBD>2016-10-05T00:00:00</NgayBD>
    <NgayKT>2016-10-06T00:00:00</NgayKT>
    <SoTrang>95-99</SoTrang>
    <ISSN>978-1-5090-1099-8</ISSN>
    <DOI>10.1109/BME-HUST.2016.7782109</DOI>
  </NCKH_HoiNghi>
  <NCKH_HoiNghi>
    <HoSoId>433</HoSoId>
    <HoiThao>Third International Conference of Biomedical Engineering</HoiThao>
    <DiaDiem>Đại học Bách Khoa Hà nội</DiaDiem>
    <NgayBD>2016-10-05T00:00:00</NgayBD>
    <NgayKT>2016-10-06T00:00:00</NgayKT>
    <SoTrang>65-69</SoTrang>
    <ISSN>978-1-5090-1099-8</ISSN>
  </NCKH_HoiNghi>
  <NCKH_HoiNghi>
    <HoSoId>442</HoSoId>
    <HoiThao>The 2016 IEEE Sixth International Conference on Communications and Electronics (ICCE 2016)</HoiThao>
    <DiaDiem>Ha Long, Vietnam</DiaDiem>
    <NgayBD>2016-07-27T00:00:00</NgayBD>
    <NgayKT>2016-07-29T00:00:00</NgayKT>
    <SoTrang>471-476</SoTrang>
    <ISSN>978-1-5090-1931-1</ISSN>
    <DOI>10.1109/CCE.2016.7562681</DOI>
  </NCKH_HoiNghi>
  <NCKH_HoiNghi>
    <HoSoId>447</HoSoId>
    <HoiThao>Advanced Technologies for Communications (ATC), 2016 International Conference on</HoiThao>
    <DiaDiem>Hanoi, Vietnam</DiaDiem>
    <NgayBD>2016-10-12T00:00:00</NgayBD>
    <NgayKT>2016-10-14T00:00:00</NgayKT>
    <SoTrang>80-84</SoTrang>
    <ISSN>2162-1039</ISSN>
    <DOI>10.1109/ATC.2016.7764835</DOI>
  </NCKH_HoiNghi>
  <NCKH_HoiNghi>
    <HoSoId>468</HoSoId>
    <HoiThao>ACM IMCOM 2017</HoiThao>
    <DiaDiem>Beppu, Japan</DiaDiem>
    <NgayBD>2017-01-05T00:00:00</NgayBD>
    <NgayKT>2017-01-07T00:00:00</NgayKT>
    <SoTrang>xx-xx</SoTrang>
    <ISSN>978-1-4503-4888-1</ISSN>
    <DOI>http://dx.doi.org/10.1145/3022227.3022336</DOI>
    <DeTaiId>13</DeTaiId>
  </NCKH_HoiNghi>
  <NCKH_HoiNghi>
    <HoSoId>479</HoSoId>
    <HoiThao>Advanced Technologies for Communications (ATC)</HoiThao>
    <DiaDiem>Hanoi, Vietnam</DiaDiem>
    <NgayBD>2016-10-12T00:00:00</NgayBD>
    <NgayKT>2016-10-14T00:00:00</NgayKT>
    <SoTrang>431-436</SoTrang>
    <ISSN>2162-1039</ISSN>
    <DOI>10.1109/ATC.2016.7764821</DOI>
    <DeTaiId>13</DeTaiId>
  </NCKH_HoiNghi>
  <NCKH_HoiNghi>
    <HoSoId>482</HoSoId>
    <HoiThao>Advanced Technologies for Communications (ATC)</HoiThao>
    <DiaDiem>Hanoi, Vietnam</DiaDiem>
    <NgayBD>2016-10-12T00:00:00</NgayBD>
    <NgayKT>2016-10-14T00:00:00</NgayKT>
    <SoTrang>322-327</SoTrang>
    <ISSN>2162-1039</ISSN>
    <DOI>10.1109/ATC.2016.7764799</DOI>
  </NCKH_HoiNghi>
  <NCKH_HoiNghi>
    <HoSoId>485</HoSoId>
    <HoiThao>Global Conference on Consumer Electronics</HoiThao>
    <DiaDiem>Kyoto, Japan</DiaDiem>
    <NgayBD>2016-10-11T00:00:00</NgayBD>
    <NgayKT>2016-10-14T00:00:00</NgayKT>
    <SoTrang>1-2</SoTrang>
    <ISSN>978-1-5090-2333-2</ISSN>
    <DOI>10.1109/GCCE.2016.7800333</DOI>
  </NCKH_HoiNghi>
  <NCKH_HoiNghi>
    <HoSoId>488</HoSoId>
    <HoiThao>Ubiquitous and Future Networks (ICUFN), 2016</HoiThao>
    <DiaDiem>Vienne, Áo</DiaDiem>
    <NgayBD>2016-07-05T00:00:00</NgayBD>
    <NgayKT>2016-07-08T00:00:00</NgayKT>
    <SoTrang>972-974</SoTrang>
    <ISSN>2165-8536</ISSN>
    <DOI>10.1109/ICUFN.2016.7536942</DOI>
  </NCKH_HoiNghi>
  <NCKH_HoiNghi>
    <HoSoId>493</HoSoId>
    <HoiThao>Globecom Workshops (GC Wkshps), 2016 IEEE</HoiThao>
    <DiaDiem>Washington, USA</DiaDiem>
    <NgayBD>2016-12-04T00:00:00</NgayBD>
    <NgayKT>2016-12-08T00:00:00</NgayKT>
    <SoTrang>1-6</SoTrang>
    <ISSN>978-1-5090-2482-7</ISSN>
    <DOI>10.1109/GLOCOMW.2016.7848818</DOI>
  </NCKH_HoiNghi>
  <NCKH_HoiNghi>
    <HoSoId>496</HoSoId>
    <HoiThao>Electrical Engineering/Electronics, Computer, Telecommunications and Information Technology (ECTI-CON), 2016</HoiThao>
    <DiaDiem>Chiagmai, Thailand</DiaDiem>
    <NgayBD>2016-06-28T00:00:00</NgayBD>
    <NgayKT>2016-07-01T00:00:00</NgayKT>
    <SoTrang>1-5</SoTrang>
    <ISSN>978-1-4673-9749-0</ISSN>
    <DOI>10.1109/ECTICon.2016.7561413</DOI>
  </NCKH_HoiNghi>
  <NCKH_HoiNghi>
    <HoSoId>499</HoSoId>
    <HoiThao>2016 IEEE Sixth International Conference on Communications and Electronics (ICCE)</HoiThao>
    <DiaDiem>Halong, Vietnam</DiaDiem>
    <NgayBD>2016-07-27T00:00:00</NgayBD>
    <NgayKT>2016-07-29T00:00:00</NgayKT>
    <SoTrang>25-29</SoTrang>
    <ISSN>978-1-5090-1801-7</ISSN>
    <DOI>10.1109/CCE.2016.7562608</DOI>
  </NCKH_HoiNghi>
  <NCKH_HoiNghi>
    <HoSoId>502</HoSoId>
    <HoiThao>2016 IEEE Sixth International Conference on Communications and Electronics (ICCE)</HoiThao>
    <DiaDiem>Halong. Vietnam</DiaDiem>
    <NgayBD>2016-07-27T00:00:00</NgayBD>
    <NgayKT>2016-07-29T00:00:00</NgayKT>
    <SoTrang>67-70</SoTrang>
    <ISSN>978-1-5090-1801-7</ISSN>
    <DOI>10.1109/CCE.2016.7562614http://ieeexplore.ieee.org/document/7562614/</DOI>
  </NCKH_HoiNghi>
  <NCKH_HoiNghi>
    <HoSoId>505</HoSoId>
    <HoiThao>2016 IEEE Sixth International Conference on Communications and Electronics (ICCE)</HoiThao>
    <DiaDiem>Halong, Vietnam</DiaDiem>
    <NgayBD>2016-07-27T00:00:00</NgayBD>
    <NgayKT>2016-07-29T00:00:00</NgayKT>
    <SoTrang>423-428</SoTrang>
    <ISSN>978-1-5090-1801-7</ISSN>
    <DOI>10.1109/CCE.2016.7562674</DOI>
  </NCKH_HoiNghi>
  <NCKH_HoiNghi>
    <HoSoId>508</HoSoId>
    <HoiThao>2016 IEEE Sixth International Conference on Communications and Electronics (ICCE)</HoiThao>
    <DiaDiem>Halong, Vietnam</DiaDiem>
    <NgayBD>2016-07-27T00:00:00</NgayBD>
    <NgayKT>2016-07-29T00:00:00</NgayKT>
    <SoTrang>211-216</SoTrang>
    <ISSN>978-1-5090-1801-7</ISSN>
    <DOI>10.1109/CCE.2016.7562638</DOI>
  </NCKH_HoiNghi>
  <NCKH_HoiNghi>
    <HoSoId>525</HoSoId>
    <HoiThao>Advanced Technologies for Communications (ATC), 2016 International Conference</HoiThao>
    <DiaDiem>Hà Nội - Việt Nam</DiaDiem>
    <NgayBD>2016-10-12T00:00:00</NgayBD>
    <NgayKT>2016-10-14T00:00:00</NgayKT>
    <SoTrang>4</SoTrang>
    <ISSN>2162-1039</ISSN>
    <DOI>10.1109/ATC.2016.7764760</DOI>
  </NCKH_HoiNghi>
  <NCKH_HoiNghi>
    <HoSoId>526</HoSoId>
    <HoiThao>5th International Conference on Biomedical Engineering in Vietnam</HoiThao>
    <DiaDiem>TPHCM</DiaDiem>
    <NgayBD>2014-06-16T00:00:00</NgayBD>
    <NgayKT>2014-06-18T00:00:00</NgayKT>
    <SoTrang>96-100</SoTrang>
    <ISSN>978-3-319-11775-1</ISSN>
    <DOI>10.1007/978-3-319-11776-8_24</DOI>
  </NCKH_HoiNghi>
  <NCKH_HoiNghi>
    <HoSoId>529</HoSoId>
    <HoiThao>Hội thảo quốc gia 2015 về Điện tử, truyền thông và công nghệ thông tin ECIT' 2015</HoiThao>
    <DiaDiem>TPHCM</DiaDiem>
    <NgayBD>2015-12-10T00:00:00</NgayBD>
    <NgayKT>2015-12-11T00:00:00</NgayKT>
    <SoTrang>456-460</SoTrang>
    <ISSN>978-604-67-0635-9</ISSN>
  </NCKH_HoiNghi>
  <NCKH_HoiNghi>
    <HoSoId>542</HoSoId>
    <HoiThao>The third international conference on Biomedical Engineering 2016. BME-HUST 2016, IEEE Proceedings</HoiThao>
    <DiaDiem>Đại học Bách Khoa Hà nội</DiaDiem>
    <NgayBD>2016-10-05T00:00:00</NgayBD>
    <NgayKT>2016-10-06T00:00:00</NgayKT>
    <SoTrang>130-136</SoTrang>
    <ISSN>978-1-5090-1099-8</ISSN>
  </NCKH_HoiNghi>
  <NCKH_HoiNghi>
    <HoSoId>547</HoSoId>
    <HoiThao>International Conference on Advances in Information and Communication Technology</HoiThao>
    <DiaDiem>Thai Nguyen, Vietnam</DiaDiem>
    <NgayBD>2016-12-13T00:00:00</NgayBD>
    <NgayKT>2016-12-15T00:00:00</NgayKT>
    <SoTrang>01-08</SoTrang>
    <ISSN>978-3-319-49072-4</ISSN>
    <DOI>10.1007/978-3-319-49073-1_54</DOI>
  </NCKH_HoiNghi>
  <NCKH_HoiNghi>
    <HoSoId>548</HoSoId>
    <HoiThao>4th IEEE International Conference on Sustainable Energy Technologies (IEEE ICSET 2016)</HoiThao>
    <DiaDiem>Khách sạn Melia Hà nội</DiaDiem>
    <NgayBD>2016-11-14T00:00:00</NgayBD>
    <NgayKT>2016-11-16T00:00:00</NgayKT>
    <SoTrang>72-77</SoTrang>
    <ISSN>978-1-5090-5200-4</ISSN>
    <DOI>10.1109/ICSET.2016.7811743</DOI>
  </NCKH_HoiNghi>
  <NCKH_HoiNghi>
    <HoSoId>552</HoSoId>
    <HoiThao>28th International Teletraffic Congress (ITC 28)</HoiThao>
    <DiaDiem>Wuerzburg, Germany</DiaDiem>
    <NgayBD>2016-09-12T00:00:00</NgayBD>
    <NgayKT>2016-09-16T00:00:00</NgayKT>
    <SoTrang>18-25</SoTrang>
    <ISSN>9781509013043</ISSN>
    <DOI>10.1109/ITC-28.2016.112</DOI>
  </NCKH_HoiNghi>
  <NCKH_HoiNghi>
    <HoSoId>570</HoSoId>
    <HoiThao>the Sixth International Conference on Communications and Electronics</HoiThao>
    <DiaDiem>Ha Long - Quang Ninh</DiaDiem>
    <NgayBD>2016-07-25T00:00:00</NgayBD>
    <NgayKT>2016-07-27T00:00:00</NgayKT>
    <SoTrang>181-185</SoTrang>
    <ISSN>978-604-93-8918-4</ISSN>
  </NCKH_HoiNghi>
  <NCKH_HoiNghi>
    <HoSoId>588</HoSoId>
    <HoiThao>the Sixth International Conference on Communications and Electronics</HoiThao>
    <DiaDiem>HẠ Long QuẢNG Ninh</DiaDiem>
    <NgayBD>2016-07-25T00:00:00</NgayBD>
    <NgayKT>2016-07-27T00:00:00</NgayKT>
    <SoTrang>545-548</SoTrang>
    <ISSN>978-604-93-8918-4</ISSN>
  </NCKH_HoiNghi>
  <NCKH_HoiNghi>
    <HoSoId>605</HoSoId>
    <HoiThao>11th France-Japan Congress, 9th Europe-Asia Congress, and 17th International Conference on Research and Education in Mechatronics (IEEE Mecatronics – REM 2016)</HoiThao>
    <DiaDiem>Compiegne, Pháp</DiaDiem>
    <NgayBD>2016-06-15T00:00:00</NgayBD>
    <NgayKT>2016-06-17T00:00:00</NgayKT>
    <SoTrang>152-157</SoTrang>
    <ISSN>978-1-5090-1787-4</ISSN>
    <DOI>DOI: 10.1109/MECATRONICS.2016.7547132</DOI>
  </NCKH_HoiNghi>
  <NCKH_HoiNghi>
    <HoSoId>608</HoSoId>
    <HoiThao>10th South East Asian Technical University Consortium (SEATUC) Symposium</HoiThao>
    <DiaDiem>Tokyo, Nhật Bản</DiaDiem>
    <NgayBD>2016-02-23T00:00:00</NgayBD>
    <NgayKT>2016-02-24T00:00:00</NgayKT>
    <SoTrang>PS11-02 7-SIT048</SoTrang>
    <ISSN>1882-5796</ISSN>
  </NCKH_HoiNghi>
  <NCKH_HoiNghi>
    <HoSoId>612</HoSoId>
    <HoiThao>2016 IEEE Sixth International Conference on Communications and Electronics (ICCE)</HoiThao>
    <DiaDiem>Halong, Vietnam</DiaDiem>
    <NgayBD>2016-07-27T00:00:00</NgayBD>
    <NgayKT>2016-07-29T00:00:00</NgayKT>
    <SoTrang>100-103</SoTrang>
    <ISSN>978-1-5090-1802-4</ISSN>
    <DOI>10.1109/CCE.2016.7562648</DOI>
  </NCKH_HoiNghi>
  <NCKH_HoiNghi>
    <HoSoId>617</HoSoId>
    <HoiThao>Hội Nghị Khoa Học và Công Nghệ Toàn Quốc về Cơ Khí – Động Lực 2016</HoiThao>
    <DiaDiem>Trường Đại học Bách khoa Hà Nội</DiaDiem>
    <NgayBD>2016-10-13T00:00:00</NgayBD>
    <NgayKT>2016-10-13T00:00:00</NgayKT>
    <SoTrang>247-252</SoTrang>
    <ISSN>978-604-95-0041-1</ISSN>
  </NCKH_HoiNghi>
  <NCKH_HoiNghi>
    <HoSoId>625</HoSoId>
    <HoiThao>IEEE International Conference on Consumer Electronics-Asia (ICCE-Asia)</HoiThao>
    <DiaDiem>Seoul, Hàn Quốc</DiaDiem>
    <NgayBD>2016-10-26T00:00:00</NgayBD>
    <NgayKT>2016-10-28T00:00:00</NgayKT>
    <SoTrang>100</SoTrang>
    <ISSN>12345</ISSN>
    <DOI>10.1109/ICCE-Asia.2016.7804806</DOI>
  </NCKH_HoiNghi>
  <NCKH_HoiNghi>
    <HoSoId>628</HoSoId>
    <HoiThao>IEEE International Conference on Consumer Electronics-Asia (ICCE-Asia)</HoiThao>
    <DiaDiem>Seoul, Hàn Quốc</DiaDiem>
    <NgayBD>2016-10-26T00:00:00</NgayBD>
    <NgayKT>2016-10-28T00:00:00</NgayKT>
    <SoTrang>100</SoTrang>
    <ISSN>12345</ISSN>
    <DOI>10.1109/ICCE-Asia.2016.7804799</DOI>
  </NCKH_HoiNghi>
  <NCKH_HoiNghi>
    <HoSoId>631</HoSoId>
    <HoiThao>IEEE International Conference on   Consumer Electronics-Asia (ICCE-Asia)</HoiThao>
    <DiaDiem>Seoul, Korea</DiaDiem>
    <NgayBD>2016-10-26T00:00:00</NgayBD>
    <NgayKT>2016-10-28T00:00:00</NgayKT>
    <SoTrang>100</SoTrang>
    <ISSN>12345</ISSN>
    <DOI>10.1109/ICCE-Asia.2016.7804792</DOI>
  </NCKH_HoiNghi>
  <NCKH_HoiNghi>
    <HoSoId>636</HoSoId>
    <HoiThao>2016 IEEE Sixth International Conference on Communications and Electronics</HoiThao>
    <DiaDiem>Nha Trang, Viet Nam</DiaDiem>
    <NgayBD>2016-07-27T00:00:00</NgayBD>
    <NgayKT>2016-07-29T00:00:00</NgayKT>
    <SoTrang>100</SoTrang>
    <ISSN>12345</ISSN>
    <DOI>10.1109/CCE.2016.7562655</DOI>
  </NCKH_HoiNghi>
  <NCKH_HoiNghi>
    <HoSoId>644</HoSoId>
    <HoiThao>IEEE ICCE 2016</HoiThao>
    <DiaDiem>Hạ Long, Việt Nam</DiaDiem>
    <NgayBD>2016-07-27T00:00:00</NgayBD>
    <NgayKT>2016-07-29T00:00:00</NgayKT>
    <SoTrang>359-364</SoTrang>
    <ISSN>978-1-5090-1931-1</ISSN>
    <DOI>10.1109/CCE.2016.7562662</DOI>
  </NCKH_HoiNghi>
  <NCKH_HoiNghi>
    <HoSoId>655</HoSoId>
    <HoiThao>Kỷ yếu Hội thảo toàn quốcvề Điện tử, Tuyền thông và Công nghệ thông tin,  REV-2016</HoiThao>
    <DiaDiem>Hà nội</DiaDiem>
    <NgayBD>2016-12-23T00:00:00</NgayBD>
    <NgayKT>2016-12-24T00:00:00</NgayKT>
    <SoTrang>65</SoTrang>
    <ISSN>978-604-931-253-3</ISSN>
  </NCKH_HoiNghi>
  <NCKH_HoiNghi>
    <HoSoId>670</HoSoId>
    <HoiThao>ICCE2016</HoiThao>
    <DiaDiem>Ha Long, Quang Ninh</DiaDiem>
    <NgayBD>2016-07-27T00:00:00</NgayBD>
    <NgayKT>2016-07-29T00:00:00</NgayKT>
    <SoTrang>167-171</SoTrang>
    <ISSN>978-1-5090-1802-4</ISSN>
  </NCKH_HoiNghi>
  <NCKH_HoiNghi>
    <HoSoId>687</HoSoId>
    <HoiThao>Hội thảo quốc gia 2014 về Điện tử, Truyền thông và Công nghệ thông tin (REV-ECIT2014)</HoiThao>
    <DiaDiem>Nha Trang</DiaDiem>
    <NgayBD>2014-09-18T00:00:00</NgayBD>
    <NgayKT>2014-09-19T00:00:00</NgayKT>
    <SoTrang>323-328</SoTrang>
    <ISSN>978-604-67-0349-5</ISSN>
  </NCKH_HoiNghi>
  <NCKH_HoiNghi>
    <HoSoId>690</HoSoId>
    <HoiThao>Hội thảo quốc gia 2014 về Điện tử, Truyền thông và Công nghệ thông tin (REV-ECIT2014)</HoiThao>
    <DiaDiem>Nha Trang</DiaDiem>
    <NgayBD>2014-09-18T00:00:00</NgayBD>
    <NgayKT>2014-09-18T00:00:00</NgayKT>
    <SoTrang>79-84</SoTrang>
    <ISSN>978-604-67-0349-5</ISSN>
  </NCKH_HoiNghi>
  <NCKH_HoiNghi>
    <HoSoId>697</HoSoId>
    <HoiThao>The 3rd International Conference on Biomedical Engineering and Technology - ICBET 2013</HoiThao>
    <DiaDiem>Copenhagen, Denmark.</DiaDiem>
    <NgayBD>2013-05-19T00:00:00</NgayBD>
    <NgayKT>2013-05-20T00:00:00</NgayKT>
    <SoTrang>80-85</SoTrang>
    <ISSN>2212-6708</ISSN>
  </NCKH_HoiNghi>
  <NCKH_HoiNghi>
    <HoSoId>700</HoSoId>
    <HoiThao>JSPS Asian CORE Program, Nagoya University and VNU University of Economics and Business</HoiThao>
    <DiaDiem>Hanoi</DiaDiem>
    <NgayBD>2012-10-05T00:00:00</NgayBD>
    <NgayKT>2012-10-07T00:00:00</NgayKT>
    <SoTrang>168-174</SoTrang>
    <ISSN>N/A</ISSN>
  </NCKH_HoiNghi>
  <NCKH_HoiNghi>
    <HoSoId>703</HoSoId>
    <HoiThao>34th Annual International IEEE EMBS Conference of the IEEE Engineering in Medicine and Biology Society</HoiThao>
    <DiaDiem>Hilton San Diego Bayfront San Diego, CA, USA</DiaDiem>
    <NgayBD>2012-08-28T00:00:00</NgayBD>
    <NgayKT>2012-09-01T00:00:00</NgayKT>
    <SoTrang>566-569</SoTrang>
    <ISSN>978-1-4577-1787-1</ISSN>
  </NCKH_HoiNghi>
  <NCKH_HoiNghi>
    <HoSoId>706</HoSoId>
    <HoiThao>The 2016 International Conference on Advanced Technologies for Communications (ATC'2016)</HoiThao>
    <DiaDiem>Hà Nội</DiaDiem>
    <NgayBD>2016-10-12T00:00:00</NgayBD>
    <NgayKT>2016-10-14T00:00:00</NgayKT>
    <SoTrang>91-96</SoTrang>
    <ISSN>2162-1039</ISSN>
  </NCKH_HoiNghi>
  <NCKH_HoiNghi>
    <HoSoId>730</HoSoId>
    <HoiThao>IMCOM '17 The 11th International Conference on Ubiquitous Information Management and Communication</HoiThao>
    <DiaDiem>Beppu, Japan</DiaDiem>
    <NgayBD>2017-01-05T00:00:00</NgayBD>
    <NgayKT>2017-01-05T00:00:00</NgayKT>
    <SoTrang>6</SoTrang>
    <ISSN>ISBN: 978-1-4503-4888-1</ISSN>
    <DOI>10.1145/3022227.3022281</DOI>
  </NCKH_HoiNghi>
  <NCKH_HoiNghi>
    <HoSoId>764</HoSoId>
    <HoiThao>The Seventh International Conference on Information Science and Technology (ICIST 2017)</HoiThao>
    <DiaDiem>Đà Nẵng, Việt Nam</DiaDiem>
    <NgayBD>2017-04-16T00:00:00</NgayBD>
    <NgayKT>2017-04-19T00:00:00</NgayKT>
    <SoTrang>103-108</SoTrang>
    <ISSN>978-1-5090-5401-5/17</ISSN>
  </NCKH_HoiNghi>
  <NCKH_HoiNghi>
    <HoSoId>849</HoSoId>
    <HoiThao>IEEE International Workshop on Localization and Tracking: Indoors, Outdoors, and emerging Networks (IEEE LION)</HoiThao>
    <DiaDiem>Washington, USA</DiaDiem>
    <NgayBD>2016-12-04T00:00:00</NgayBD>
    <NgayKT>2016-12-04T00:00:00</NgayKT>
    <SoTrang>6</SoTrang>
    <ISSN>978-1-5090-2482-7</ISSN>
    <DOI>10.1109/GLOCOMW.2016.7848856</DOI>
  </NCKH_HoiNghi>
  <NCKH_HoiNghi>
    <HoSoId>852</HoSoId>
    <HoiThao>International conference on Recent Advances in Signal Processing, Telecommunications, and Computing (SigTelCom)</HoiThao>
    <DiaDiem>Da Nang, Viet Nam</DiaDiem>
    <NgayBD>2017-01-09T00:00:00</NgayBD>
    <NgayKT>2017-01-11T00:00:00</NgayKT>
    <SoTrang>4</SoTrang>
    <ISSN>978-1-5090-2291-5</ISSN>
    <DOI>10.1109/SIGTELCOM.2017.7849802</DOI>
    <DeTaiId>90</DeTaiId>
  </NCKH_HoiNghi>
  <NCKH_HoiNghi>
    <HoSoId>860</HoSoId>
    <HoiThao>Hội thảo toàn quốc về Điện tử, Truyền thông và Công nghệ thông tin REV - 2016</HoiThao>
    <DiaDiem>Viện nghiên cứu Điện tử, Tin học, Tự động hóa (VIELINA), Hà Nội</DiaDiem>
    <NgayBD>2016-12-23T00:00:00</NgayBD>
    <NgayKT>2016-12-24T00:00:00</NgayKT>
    <SoTrang>6</SoTrang>
    <ISSN>12345</ISSN>
  </NCKH_HoiNghi>
  <NCKH_HoiNghi>
    <HoSoId>872</HoSoId>
    <HoiThao>IEEE International Conference on Communications and Electronics (IEEE ICCE 2016)</HoiThao>
    <DiaDiem>Halong- Vietnam</DiaDiem>
    <NgayBD>2016-07-27T00:00:00</NgayBD>
    <NgayKT>2016-07-29T00:00:00</NgayKT>
    <SoTrang>242-246</SoTrang>
    <ISSN>9781-4623</ISSN>
    <DOI>DOI: 10.1109/CCE.2016.7562644</DOI>
  </NCKH_HoiNghi>
  <NCKH_HoiNghi>
    <HoSoId>875</HoSoId>
    <HoiThao>IEEE International Conference on Communications and Electronics (IEEE ICCE 2016)</HoiThao>
    <DiaDiem>Halong, Vietnam</DiaDiem>
    <NgayBD>2017-07-27T00:00:00</NgayBD>
    <NgayKT>2016-07-27T00:00:00</NgayKT>
    <SoTrang>564-569</SoTrang>
    <ISSN>9781-4623</ISSN>
  </NCKH_HoiNghi>
  <NCKH_HoiNghi>
    <HoSoId>878</HoSoId>
    <HoiThao>The 2016 International Conference on Advanced Technologies for Communications (ATC2016)</HoiThao>
    <DiaDiem>Hanoi, Vietnam</DiaDiem>
    <NgayBD>2016-10-12T00:00:00</NgayBD>
    <NgayKT>2016-10-14T00:00:00</NgayKT>
    <SoTrang>07-12</SoTrang>
    <ISSN>2162-1029</ISSN>
    <DOI>10.1109/ATC.2016.7764832</DOI>
  </NCKH_HoiNghi>
  <NCKH_HoiNghi>
    <HoSoId>881</HoSoId>
    <HoiThao>The 2016 International Conference on Advanced Technologies for Communications (ATC2016)</HoiThao>
    <DiaDiem>Hanoi, Vietnam</DiaDiem>
    <NgayBD>2016-10-12T00:00:00</NgayBD>
    <NgayKT>2016-10-14T00:00:00</NgayKT>
    <SoTrang>17-21</SoTrang>
    <ISSN>2162-1039</ISSN>
    <DOI>10.1109/ATC.2016.7764768</DOI>
  </NCKH_HoiNghi>
  <NCKH_HoiNghi>
    <HoSoId>890</HoSoId>
    <HoiThao>IEEE International Autumn Meeting on Power, Electronics and Computing</HoiThao>
    <DiaDiem>Ixtapa-Mexico</DiaDiem>
    <NgayBD>2016-11-09T00:00:00</NgayBD>
    <NgayKT>2016-11-11T00:00:00</NgayKT>
    <SoTrang>1-5</SoTrang>
    <ISSN>NA</ISSN>
  </NCKH_HoiNghi>
  <NCKH_HoiNghi>
    <HoSoId>893</HoSoId>
    <HoiThao>International Conference on Modern Circuits and Systems Technologies</HoiThao>
    <DiaDiem>Thessaloniki-Greece</DiaDiem>
    <NgayBD>2017-05-04T00:00:00</NgayBD>
    <NgayKT>2017-05-06T00:00:00</NgayKT>
    <SoTrang>1-4</SoTrang>
    <ISSN>NA</ISSN>
  </NCKH_HoiNghi>
  <NCKH_HoiNghi>
    <HoSoId>896</HoSoId>
    <HoiThao>International Conference on Modern Circuits and Systems Technologies</HoiThao>
    <DiaDiem>Thessaloniki-Greece</DiaDiem>
    <NgayBD>2017-05-04T00:00:00</NgayBD>
    <NgayKT>2017-05-06T00:00:00</NgayKT>
    <SoTrang>1-4</SoTrang>
    <ISSN>NA</ISSN>
  </NCKH_HoiNghi>
  <NCKH_HoiNghi>
    <HoSoId>899</HoSoId>
    <HoiThao>International Conference on Modern Circuits and Systems Technologies</HoiThao>
    <DiaDiem>Thessaloniki-Greece</DiaDiem>
    <NgayBD>2017-05-04T00:00:00</NgayBD>
    <NgayKT>2017-05-06T00:00:00</NgayKT>
    <SoTrang>1-4</SoTrang>
    <ISSN>NA</ISSN>
  </NCKH_HoiNghi>
  <NCKH_HoiNghi>
    <HoSoId>902</HoSoId>
    <HoiThao>International Conference on Modern Circuits and Systems Technologies</HoiThao>
    <DiaDiem>Thessaloniki-Greece</DiaDiem>
    <NgayBD>2017-05-04T00:00:00</NgayBD>
    <NgayKT>2017-05-06T00:00:00</NgayKT>
    <SoTrang>1-4</SoTrang>
    <ISSN>NA</ISSN>
  </NCKH_HoiNghi>
  <NCKH_HoiNghi>
    <HoSoId>969</HoSoId>
    <HoiThao>KICS-IEEE International Conference on Information and Communications 2017</HoiThao>
    <DiaDiem>Hanoi, Vietnam</DiaDiem>
    <NgayBD>2017-06-26T00:00:00</NgayBD>
    <NgayKT>2017-06-28T00:00:00</NgayKT>
    <SoTrang>214-217</SoTrang>
    <ISSN>978-89-950043-6-4</ISSN>
  </NCKH_HoiNghi>
  <NCKH_HoiNghi>
    <HoSoId>975</HoSoId>
    <HoiThao>ICIC</HoiThao>
    <DiaDiem>Deawoo Hanoi, Vietnam</DiaDiem>
    <NgayBD>2017-06-26T00:00:00</NgayBD>
    <NgayKT>2017-06-28T00:00:00</NgayKT>
    <SoTrang>316-319</SoTrang>
    <ISSN>978-89-950043-6-4</ISSN>
  </NCKH_HoiNghi>
  <NCKH_HoiNghi>
    <HoSoId>983</HoSoId>
    <HoiThao>IEEE 6th International Conference on Communications and Electronics (ICCE2016)</HoiThao>
    <DiaDiem>Halong</DiaDiem>
    <NgayBD>2017-07-27T00:00:00</NgayBD>
    <NgayKT>2017-07-29T00:00:00</NgayKT>
    <SoTrang>167-171</SoTrang>
    <ISSN>978-1-5090-1802-4</ISSN>
    <DOI>10.1109/CCE.2016.7562630</DOI>
  </NCKH_HoiNghi>
  <NCKH_HoiNghi>
    <HoSoId>986</HoSoId>
    <HoiThao>2016 IEEE Sixth International Conference on Communications and Electronics (ICCE)</HoiThao>
    <DiaDiem>Halong</DiaDiem>
    <NgayBD>2016-07-27T00:00:00</NgayBD>
    <NgayKT>2016-07-29T00:00:00</NgayKT>
    <SoTrang>158-163</SoTrang>
    <ISSN>978-1-5090-1802-4</ISSN>
    <DOI>10.1109/CCE.2016.7562629</DOI>
  </NCKH_HoiNghi>
  <NCKH_HoiNghi>
    <HoSoId>989</HoSoId>
    <HoiThao>2017 19th International Conference on Advanced Communication Technology (ICACT)</HoiThao>
    <DiaDiem>Bongpyeong, South Korea</DiaDiem>
    <NgayBD>2017-02-19T00:00:00</NgayBD>
    <NgayKT>2017-02-22T00:00:00</NgayKT>
    <SoTrang>735 - 739</SoTrang>
    <ISSN>78-1-5090-4892-2</ISSN>
    <DOI>10.23919/ICACT.2017.7890190</DOI>
  </NCKH_HoiNghi>
  <NCKH_HoiNghi>
    <HoSoId>992</HoSoId>
    <HoiThao>2017 2nd Workshop on Recent Trends in Telecommunications Research (RTTR)</HoiThao>
    <DiaDiem>Palmerston North, New Zealand</DiaDiem>
    <NgayBD>2017-02-10T00:00:00</NgayBD>
    <NgayKT>2017-02-10T00:00:00</NgayKT>
    <SoTrang>1-4</SoTrang>
    <ISSN>978-1-5090-5542-5</ISSN>
    <DOI>10.1109/RTTR.2017.7887864</DOI>
  </NCKH_HoiNghi>
  <NCKH_HoiNghi>
    <HoSoId>1014</HoSoId>
    <HoiThao>The third International Conference on Biomedical Engineering - IEEE,  BME-HUST 2016 , pp. 3-7, Hanoi October 05-06, 2016, ISBN 978-1-5090-1097-4</HoiThao>
    <DiaDiem>Ha noi, Viet nam</DiaDiem>
    <NgayBD>2016-10-05T00:00:00</NgayBD>
    <NgayKT>2016-10-06T00:00:00</NgayKT>
    <SoTrang>3-7</SoTrang>
    <ISSN>ISBN 978-1-5090-1097-4</ISSN>
    <DOI>DOI: 10.1109/BME-HUST.2016.7782080</DOI>
  </NCKH_HoiNghi>
  <NCKH_HoiNghi>
    <HoSoId>1036</HoSoId>
    <HoiThao>6th International Conference on Communications and Electronics (ICCE’16)</HoiThao>
    <DiaDiem>Ha Long, Quảng Ninh, Việt Nam</DiaDiem>
    <NgayBD>2016-07-27T00:00:00</NgayBD>
    <NgayKT>2016-07-29T00:00:00</NgayKT>
    <SoTrang>397-402</SoTrang>
    <ISSN>978-1-5090-1802-4</ISSN>
    <DOI>10.1109/CCE.2016.7562670</DOI>
  </NCKH_HoiNghi>
  <NCKH_HoiNghi>
    <HoSoId>1044</HoSoId>
    <HoiThao>International Conference on Signal Processing, Telecommunications and Computing (SigTelCom2017)</HoiThao>
    <DiaDiem>Đà Nẵng, Việt Nam</DiaDiem>
    <NgayBD>2017-01-09T00:00:00</NgayBD>
    <NgayKT>2017-01-11T00:00:00</NgayKT>
    <SoTrang>211-216</SoTrang>
    <ISSN>978-1-5090-2292-2</ISSN>
    <DOI>10.1109/SIGTELCOM.2017.7849824</DOI>
    <DeTaiId>558</DeTaiId>
  </NCKH_HoiNghi>
  <NCKH_HoiNghi>
    <HoSoId>1047</HoSoId>
    <HoiThao>International Conference on Signal Processing, Telecommunications and Computing (SigTelCom2017)</HoiThao>
    <DiaDiem>Đà Nẵng, Việt Nam</DiaDiem>
    <NgayBD>2017-01-09T00:00:00</NgayBD>
    <NgayKT>2017-01-11T00:00:00</NgayKT>
    <SoTrang>205-210</SoTrang>
    <ISSN>978-1-5090-2292-2</ISSN>
    <DOI>10.1109/SIGTELCOM.2017.7849823</DOI>
    <DeTaiId>558</DeTaiId>
  </NCKH_HoiNghi>
  <NCKH_HoiNghi>
    <HoSoId>1054</HoSoId>
    <HoiThao>Hội thảo toàn quốc về Điện tử, Truyền thông và Công nghệ thông tin REV-2016</HoiThao>
    <DiaDiem>Hà Nội</DiaDiem>
    <NgayBD>2016-12-23T00:00:00</NgayBD>
    <NgayKT>2016-12-24T00:00:00</NgayKT>
    <SoTrang>6</SoTrang>
    <ISSN>12345</ISSN>
  </NCKH_HoiNghi>
  <NCKH_HoiNghi>
    <HoSoId>1059</HoSoId>
    <HoiThao>Advanced Technologies for Communications (ATC), 2016 International Conference on</HoiThao>
    <DiaDiem>Hanoi, Vietnam</DiaDiem>
    <NgayBD>2016-10-12T00:00:00</NgayBD>
    <NgayKT>2016-10-14T00:00:00</NgayKT>
    <SoTrang>97-102</SoTrang>
    <ISSN>2162-1039</ISSN>
  </NCKH_HoiNghi>
  <NCKH_HoiNghi>
    <HoSoId>1073</HoSoId>
    <HoiThao>The 14th International Conference on Electrical Engineering/Electronics, Computer, Telecommunications and Information Technology or ECTI-CON 2017</HoiThao>
    <DiaDiem>Phuket, Thailand</DiaDiem>
    <NgayBD>2017-06-27T00:00:00</NgayBD>
    <NgayKT>2017-06-30T00:00:00</NgayKT>
    <SoTrang>24-27</SoTrang>
    <ISSN>123456</ISSN>
    <DeTaiId>13</DeTaiId>
  </NCKH_HoiNghi>
  <NCKH_HoiNghi>
    <HoSoId>1086</HoSoId>
    <HoiThao>International Conference on Science and Technology</HoiThao>
    <DiaDiem>Hanoi-Vietnam</DiaDiem>
    <NgayBD>2016-11-15T00:00:00</NgayBD>
    <NgayKT>2016-11-16T00:00:00</NgayKT>
    <SoTrang>748-754</SoTrang>
    <ISSN>1551-2345</ISSN>
  </NCKH_HoiNghi>
  <NCKH_HoiNghi>
    <HoSoId>1089</HoSoId>
    <HoiThao>International Conference on Science and Technology</HoiThao>
    <DiaDiem>Hanoi-Vietam</DiaDiem>
    <NgayBD>2017-11-15T00:00:00</NgayBD>
    <NgayKT>2016-11-16T00:00:00</NgayKT>
    <SoTrang>762-767</SoTrang>
    <ISSN>1351-2341</ISSN>
  </NCKH_HoiNghi>
  <NCKH_HoiNghi>
    <HoSoId>1092</HoSoId>
    <HoiThao>The 2017 Vietnam-Japan Microwave (VJMW2017)</HoiThao>
    <DiaDiem>Hanoi, Vietnam</DiaDiem>
    <NgayBD>2017-06-13T00:00:00</NgayBD>
    <NgayKT>2017-06-14T00:00:00</NgayKT>
    <SoTrang>56-60</SoTrang>
    <ISSN>978-604-67-0929-9</ISSN>
  </NCKH_HoiNghi>
  <NCKH_HoiNghi>
    <HoSoId>1095</HoSoId>
    <HoiThao>The 2017 Vietnam-Japan Microwave</HoiThao>
    <DiaDiem>Hanoi, Vietnam</DiaDiem>
    <NgayBD>2017-06-13T00:00:00</NgayBD>
    <NgayKT>2017-06-14T00:00:00</NgayKT>
    <SoTrang>52-55</SoTrang>
    <ISSN>978-604-67-0929-9</ISSN>
  </NCKH_HoiNghi>
  <NCKH_HoiNghi>
    <HoSoId>1110</HoSoId>
    <HoiThao>Communications and Electronics (ICCE), 2016 IEEE Sixth International Conference on</HoiThao>
    <DiaDiem>Việt Nam</DiaDiem>
    <NgayBD>2016-07-27T00:00:00</NgayBD>
    <NgayKT>2016-07-29T00:00:00</NgayKT>
    <SoTrang>205-210</SoTrang>
    <ISSN>978-1-5090-1801-7</ISSN>
    <DOI>10.1109/CCE.2016.7562637</DOI>
  </NCKH_HoiNghi>
  <NCKH_HoiNghi>
    <HoSoId>1115</HoSoId>
    <HoiThao>Vehicular Technology Conference (VTC Spring), 2016 IEEE 83rd</HoiThao>
    <DiaDiem>Nanjing, China</DiaDiem>
    <NgayBD>2016-05-15T00:00:00</NgayBD>
    <NgayKT>2016-05-18T00:00:00</NgayKT>
    <SoTrang>1-5</SoTrang>
    <ISSN>978-1-5090-1698-3</ISSN>
    <DOI>10.1109/VTCSpring.2016.7504367</DOI>
  </NCKH_HoiNghi>
  <NCKH_HoiNghi>
    <HoSoId>1151</HoSoId>
    <HoiThao>VIETNAM JAPAN MICROWAVE 2017</HoiThao>
    <DiaDiem>Hà Nội - Việt Nam</DiaDiem>
    <NgayBD>2016-06-13T00:00:00</NgayBD>
    <NgayKT>2016-06-14T00:00:00</NgayKT>
    <SoTrang>1-5</SoTrang>
    <ISSN>978-604-67-0929-9</ISSN>
  </NCKH_HoiNghi>
  <NCKH_HoiNghi>
    <HoSoId>1171</HoSoId>
    <HoiThao>2016 International Conference on Advanced Technologies for Communications (ATC)</HoiThao>
    <DiaDiem>Hanoi</DiaDiem>
    <NgayBD>2016-10-12T00:00:00</NgayBD>
    <NgayKT>2016-10-14T00:00:00</NgayKT>
    <SoTrang>307-311</SoTrang>
    <ISSN>2162-1039</ISSN>
    <DOI>10.1109/ATC.2016.7764795</DOI>
  </NCKH_HoiNghi>
  <NCKH_HoiNghi>
    <HoSoId>1182</HoSoId>
    <HoiThao>The 2016 ACM Multimedia Conference will be held at the Theater Tuschinski in Amsterdam</HoiThao>
    <DiaDiem>Amsterdam, Netherlands</DiaDiem>
    <NgayBD>2016-10-15T00:00:00</NgayBD>
    <NgayKT>2016-10-19T00:00:00</NgayKT>
    <SoTrang>392-396</SoTrang>
    <ISSN>978-1-4503-3603-1</ISSN>
    <DOI>10.1145/2964284.2967249</DOI>
  </NCKH_HoiNghi>
  <NCKH_HoiNghi>
    <HoSoId>1199</HoSoId>
    <HoiThao>The 2018 International Conference on E-Business and Applications</HoiThao>
    <DiaDiem>Danang</DiaDiem>
    <NgayBD>2018-02-23T00:00:00</NgayBD>
    <NgayKT>2018-02-25T00:00:00</NgayKT>
    <SoTrang>6-9</SoTrang>
    <ISSN>ISBN: 978-1-4503-6368-6</ISSN>
    <DOI>10.1145/3194188.3194196</DOI>
  </NCKH_HoiNghi>
  <NCKH_HoiNghi>
    <HoSoId>1202</HoSoId>
    <HoiThao>the 2018 International Conference on E-Business and Applications</HoiThao>
    <DiaDiem>Danang, Vietnam</DiaDiem>
    <NgayBD>2018-02-23T00:00:00</NgayBD>
    <NgayKT>2018-02-25T00:00:00</NgayKT>
    <SoTrang>1-5</SoTrang>
    <ISSN>ISBN: 978-1-4503-6368-6</ISSN>
    <DOI>10.1145/3194188.3194191</DOI>
  </NCKH_HoiNghi>
  <NCKH_HoiNghi>
    <HoSoId>1207</HoSoId>
    <HoiThao>2018 International Conference on Information Networking (ICOIN)</HoiThao>
    <DiaDiem>Chiang Mai, Thailand</DiaDiem>
    <NgayBD>2018-01-10T00:00:00</NgayBD>
    <NgayKT>2018-01-12T00:00:00</NgayKT>
    <SoTrang>xx-xx</SoTrang>
    <ISSN>Electronic ISBN: 978-1-5386-2290-2</ISSN>
    <DOI>10.1109/ICOIN.2018.8343119</DOI>
  </NCKH_HoiNghi>
  <NCKH_HoiNghi>
    <HoSoId>1210</HoSoId>
    <HoiThao>2017 International Conference on Advanced Technologies for Communications (ATC),</HoiThao>
    <DiaDiem>Quy Nhon, Vietnam</DiaDiem>
    <NgayBD>2017-10-18T00:00:00</NgayBD>
    <NgayKT>2017-10-20T00:00:00</NgayKT>
    <SoTrang>6-10</SoTrang>
    <ISSN>Electronic ISSN: 2162-1039</ISSN>
    <DOI>10.1109/ATC.2017.8167642</DOI>
  </NCKH_HoiNghi>
  <NCKH_HoiNghi>
    <HoSoId>1211</HoSoId>
    <HoiThao>2017 International Conference on Advanced Technologies for Communications (ATC),</HoiThao>
    <DiaDiem>Quy Nhon, Vietnam</DiaDiem>
    <NgayBD>2017-10-18T00:00:00</NgayBD>
    <NgayKT>2017-10-20T00:00:00</NgayKT>
    <SoTrang>6-10</SoTrang>
    <ISSN>Electronic ISSN: 2162-1039</ISSN>
    <DOI>10.1109/ATC.2017.8167642</DOI>
  </NCKH_HoiNghi>
  <NCKH_HoiNghi>
    <HoSoId>1214</HoSoId>
    <HoiThao>2017 International Conference on Advanced Technologies for Communications (ATC),</HoiThao>
    <DiaDiem>Quy Nhon, Viet nam</DiaDiem>
    <NgayBD>2017-10-18T00:00:00</NgayBD>
    <NgayKT>2017-10-20T00:00:00</NgayKT>
    <SoTrang>16-20</SoTrang>
    <ISSN>Electronic ISSN: 2162-1039</ISSN>
    <DOI>10.1109/ATC.2017.8167608</DOI>
    <DeTaiId>13</DeTaiId>
  </NCKH_HoiNghi>
  <NCKH_HoiNghi>
    <HoSoId>1217</HoSoId>
    <HoiThao>2017 International Conference on Advanced Technologies for Communications (ATC),</HoiThao>
    <DiaDiem>Quy Nhon, Vietnam</DiaDiem>
    <NgayBD>2017-10-18T00:00:00</NgayBD>
    <NgayKT>2018-10-18T00:00:00</NgayKT>
    <SoTrang>21-26</SoTrang>
    <ISSN>Electronic ISSN: 2162-1039</ISSN>
    <DOI>10.1109/ATC.2017.8167618</DOI>
  </NCKH_HoiNghi>
  <NCKH_HoiNghi>
    <HoSoId>1222</HoSoId>
    <HoiThao>10th AUN-SEEnet Regional Conference on Electrical and Electronic Engineering  RCEEE2017</HoiThao>
    <DiaDiem>Surabaya, Indonesia</DiaDiem>
    <NgayBD>2017-08-28T00:00:00</NgayBD>
    <NgayKT>2017-08-29T00:00:00</NgayKT>
    <SoTrang>19-24</SoTrang>
    <ISSN>ISBN: 9786020917863</ISSN>
  </NCKH_HoiNghi>
  <NCKH_HoiNghi>
    <HoSoId>1223</HoSoId>
    <HoiThao>10th AUN-SEEnet Regional Conference on Electrical and Electronic Engineering  RCEEE2017</HoiThao>
    <DiaDiem>Surabaya, Indonesia</DiaDiem>
    <NgayBD>2017-08-28T00:00:00</NgayBD>
    <NgayKT>2017-08-29T00:00:00</NgayKT>
    <SoTrang>19-24</SoTrang>
    <ISSN>ISBN: 9786020917863</ISSN>
  </NCKH_HoiNghi>
  <NCKH_HoiNghi>
    <HoSoId>1261</HoSoId>
    <HoiThao>Hội thảo Thông tin và Định vị trên biển (ComNaVi)</HoiThao>
    <DiaDiem>Trung Tâm Việt Đức, trường Đại học Bách Khoa Hà Nội</DiaDiem>
    <NgayBD>2017-12-29T00:00:00</NgayBD>
    <NgayKT>2017-12-29T00:00:00</NgayKT>
    <SoTrang>20-25</SoTrang>
    <ISSN>000000</ISSN>
    <DeTaiId>1140</DeTaiId>
  </NCKH_HoiNghi>
  <NCKH_HoiNghi>
    <HoSoId>1277</HoSoId>
    <HoiThao>HỘI THẢO QUỐC GIA 2017 VỀ ĐIỆN TỬ, TRUYỀN THÔNG VÀ CÔNG NGHỆ THÔNG TIN</HoiThao>
    <DiaDiem>TP. Hồ Chí Minh</DiaDiem>
    <NgayBD>2017-12-01T00:00:00</NgayBD>
    <NgayKT>2017-12-01T00:00:00</NgayKT>
    <SoTrang>22-27</SoTrang>
    <ISSN>978-604-67-1021-9</ISSN>
  </NCKH_HoiNghi>
  <NCKH_HoiNghi>
    <HoSoId>1308</HoSoId>
    <HoiThao>2018 IEEE Seventh International Conference on Communications and Electronics (IEEE ICCE 2018)</HoiThao>
    <DiaDiem>Huế, Việt Nam</DiaDiem>
    <NgayBD>2018-07-18T00:00:00</NgayBD>
    <NgayKT>2018-07-20T00:00:00</NgayKT>
    <SoTrang>1-6</SoTrang>
    <ISSN>8068-3980</ISSN>
  </NCKH_HoiNghi>
  <NCKH_HoiNghi>
    <HoSoId>1315</HoSoId>
    <HoiThao>SPIE Phtonics West 2018</HoiThao>
    <DiaDiem>Moscone Center San Francisco, California, United States</DiaDiem>
    <NgayBD>2018-01-27T00:00:00</NgayBD>
    <NgayKT>2018-02-01T00:00:00</NgayKT>
    <SoTrang>SPIE 10505, 10 pages</SoTrang>
    <ISSN>2577-5421</ISSN>
    <DOI>10.1117/12.2288861</DOI>
  </NCKH_HoiNghi>
  <NCKH_HoiNghi>
    <HoSoId>1366</HoSoId>
    <HoiThao>Advances Information Systems Design and Intelligent Applications (AISC)</HoiThao>
    <DiaDiem>Danang</DiaDiem>
    <NgayBD>2018-03-02T00:00:00</NgayBD>
    <NgayKT>2018-03-02T00:00:00</NgayKT>
    <SoTrang>189-199</SoTrang>
    <ISSN>978-981-10-7512-4</ISSN>
    <DOI>10.1007/978-981-10-7512-4_19</DOI>
    <DeTaiId>659</DeTaiId>
  </NCKH_HoiNghi>
  <NCKH_HoiNghi>
    <HoSoId>1371</HoSoId>
    <HoiThao>the Regional Conference on Electrical and Electronic Engineering (RCEEE), in conjunction with International Seminar on Intelligent Technology and Its Application (iSITIA)</HoiThao>
    <DiaDiem>Bumi Surabaya Hotel, Surabaya, Indonesia</DiaDiem>
    <NgayBD>2017-08-28T00:00:00</NgayBD>
    <NgayKT>2017-08-29T00:00:00</NgayKT>
    <SoTrang>6-11</SoTrang>
    <ISSN>978-602-0917-86-3</ISSN>
    <DeTaiId>659</DeTaiId>
  </NCKH_HoiNghi>
  <NCKH_HoiNghi>
    <HoSoId>1377</HoSoId>
    <HoiThao>2017 IEEE/CIC International Conference on Communications in China (ICCC)</HoiThao>
    <DiaDiem>Qingdao, China</DiaDiem>
    <NgayBD>2017-10-22T00:00:00</NgayBD>
    <NgayKT>2017-10-24T00:00:00</NgayKT>
    <SoTrang>01-06</SoTrang>
    <ISSN>17669202</ISSN>
    <DOI>10.1109/ICCChina.2017.8330455</DOI>
  </NCKH_HoiNghi>
  <NCKH_HoiNghi>
    <HoSoId>1382</HoSoId>
    <HoiThao>2017 International Conference on Advanced Technologies for Communications (ATC)</HoiThao>
    <DiaDiem>Quy Nhon, Vietnam</DiaDiem>
    <NgayBD>2017-10-18T00:00:00</NgayBD>
    <NgayKT>2017-10-20T00:00:00</NgayKT>
    <SoTrang>1-6</SoTrang>
    <ISSN>2162-1039</ISSN>
    <DOI>10.1109/ATC.2017.8167595</DOI>
  </NCKH_HoiNghi>
  <NCKH_HoiNghi>
    <HoSoId>1385</HoSoId>
    <HoiThao>2017 IEEE Globecom Workshops (GC Wkshps)</HoiThao>
    <DiaDiem>Singapore</DiaDiem>
    <NgayBD>2017-12-04T00:00:00</NgayBD>
    <NgayKT>2017-12-08T00:00:00</NgayKT>
    <SoTrang>1-7</SoTrang>
    <ISSN>17525489</ISSN>
    <DOI>10.1109/GLOCOMW.2017.8269170</DOI>
  </NCKH_HoiNghi>
  <NCKH_HoiNghi>
    <HoSoId>1388</HoSoId>
    <HoiThao>2017 4th NAFOSTED Conference on Information and Computer Science</HoiThao>
    <DiaDiem>Hanoi</DiaDiem>
    <NgayBD>2017-11-24T00:00:00</NgayBD>
    <NgayKT>2017-11-25T00:00:00</NgayKT>
    <SoTrang>1-4</SoTrang>
    <ISSN>17374050</ISSN>
    <DOI>10.1109/NAFOSTED.2017.8108046</DOI>
  </NCKH_HoiNghi>
  <NCKH_HoiNghi>
    <HoSoId>1433</HoSoId>
    <HoiThao>Internet Technology and Secured Transactions (ICITST)</HoiThao>
    <DiaDiem>Cambridge, UK</DiaDiem>
    <NgayBD>2017-12-11T00:00:00</NgayBD>
    <NgayKT>2017-12-14T00:00:00</NgayKT>
    <SoTrang>43-47</SoTrang>
    <ISSN>978-1-908320-93-3</ISSN>
    <DOI>DOI: 10.23919/ICITST.2017.8356343</DOI>
  </NCKH_HoiNghi>
  <NCKH_HoiNghi>
    <HoSoId>1470</HoSoId>
    <HoiThao>2017 International Conference on Advanced Technologies for Communications (ATC)</HoiThao>
    <DiaDiem>Quy Nhon, Vietnam</DiaDiem>
    <NgayBD>2017-10-18T00:00:00</NgayBD>
    <NgayKT>2017-10-20T00:00:00</NgayKT>
    <SoTrang>60-63</SoTrang>
    <ISSN>2162-1020</ISSN>
    <DOI>10.1109/ATC.2017.8167643</DOI>
  </NCKH_HoiNghi>
  <NCKH_HoiNghi>
    <HoSoId>1473</HoSoId>
    <HoiThao>2017 International Conference on Advanced Technologies for Communications (ATC)</HoiThao>
    <DiaDiem>Quy Nhon, Vietnam</DiaDiem>
    <NgayBD>2017-10-18T00:00:00</NgayBD>
    <NgayKT>2017-10-20T00:00:00</NgayKT>
    <SoTrang>75-79</SoTrang>
    <ISSN>2162-1020</ISSN>
    <DOI>10.1109/ATC.2017.8167646</DOI>
  </NCKH_HoiNghi>
  <NCKH_HoiNghi>
    <HoSoId>1485</HoSoId>
    <HoiThao>2018 International Workshop on Antenna Technology (iWAT)</HoiThao>
    <DiaDiem>Nanjing, China</DiaDiem>
    <NgayBD>2018-03-05T00:00:00</NgayBD>
    <NgayKT>2018-03-07T00:00:00</NgayKT>
    <SoTrang>1-3</SoTrang>
    <ISSN>978-1-5386-1851-6</ISSN>
    <DOI>10.1109/IWAT.2018.8379175</DOI>
  </NCKH_HoiNghi>
  <NCKH_HoiNghi>
    <HoSoId>1498</HoSoId>
    <HoiThao>ICIDB-2018</HoiThao>
    <DiaDiem>Hà Nội</DiaDiem>
    <NgayBD>2018-01-19T00:00:00</NgayBD>
    <NgayKT>2018-01-21T00:00:00</NgayKT>
    <SoTrang>01-05</SoTrang>
    <ISSN>0973-7006</ISSN>
  </NCKH_HoiNghi>
  <NCKH_HoiNghi>
    <HoSoId>1519</HoSoId>
    <HoiThao>The 4th NAFOSTED Conference on Information and Computer Science (NICS)</HoiThao>
    <DiaDiem>University of Engineering and Technology, Vietnam National University, Hanoi</DiaDiem>
    <NgayBD>2017-11-24T00:00:00</NgayBD>
    <NgayKT>2017-11-25T00:00:00</NgayKT>
    <SoTrang>90-95</SoTrang>
    <ISSN>978-1-5386-3210-9</ISSN>
    <DOI>10.1109/NAFOSTED.2017.8108044</DOI>
  </NCKH_HoiNghi>
  <NCKH_HoiNghi>
    <HoSoId>1538</HoSoId>
    <HoiThao>2017 International Conference On Advanced Technologies for Communications (ATC)</HoiThao>
    <DiaDiem>Quy Nhơn</DiaDiem>
    <NgayBD>2017-10-18T00:00:00</NgayBD>
    <NgayKT>2017-10-20T00:00:00</NgayKT>
    <SoTrang>291-294</SoTrang>
    <ISSN>2162-1020</ISSN>
  </NCKH_HoiNghi>
  <NCKH_HoiNghi>
    <HoSoId>1564</HoSoId>
    <HoiThao>2017 International Conference on Advanced Technologies for Communications (ATC'17)</HoiThao>
    <DiaDiem>Quy Nhơn, Bình Định</DiaDiem>
    <NgayBD>2017-10-18T00:00:00</NgayBD>
    <NgayKT>2017-10-20T00:00:00</NgayKT>
    <SoTrang>186-191</SoTrang>
    <ISSN>2162-1039</ISSN>
    <DOI>10.1109/ATC.2017.8167614</DOI>
  </NCKH_HoiNghi>
  <NCKH_HoiNghi>
    <HoSoId>1613</HoSoId>
    <HoiThao>Information and Communications (ICIC), 2017 International Conference on</HoiThao>
    <DiaDiem>Hanoi, Vietnam</DiaDiem>
    <NgayBD>2017-08-26T00:00:00</NgayBD>
    <NgayKT>2017-08-28T00:00:00</NgayKT>
    <SoTrang>100-105</SoTrang>
    <ISSN>978-1-5386-0962-0</ISSN>
    <DOI>10.1109/INFOC.2017.8001668</DOI>
  </NCKH_HoiNghi>
  <NCKH_HoiNghi>
    <HoSoId>1644</HoSoId>
    <HoiThao>2018 International Conference on Information and Communication Technology and Digital Convergence Business (ICIDB-2018)</HoiThao>
    <DiaDiem>Hanoi</DiaDiem>
    <NgayBD>2018-01-19T00:00:00</NgayBD>
    <NgayKT>2018-07-21T00:00:00</NgayKT>
    <SoTrang>95-95</SoTrang>
    <ISSN>none</ISSN>
  </NCKH_HoiNghi>
  <NCKH_HoiNghi>
    <HoSoId>1650</HoSoId>
    <HoiThao>2017 Interational Conference on System Science and Engineering (ICSSE)</HoiThao>
    <DiaDiem>Tp. Ho Chi Minh</DiaDiem>
    <NgayBD>2017-07-21T00:00:00</NgayBD>
    <NgayKT>2017-07-23T00:00:00</NgayKT>
    <SoTrang>53-56</SoTrang>
    <ISSN>2325-0925</ISSN>
    <DOI>10.1109/ICSSE.2017.8030836</DOI>
  </NCKH_HoiNghi>
  <NCKH_HoiNghi>
    <HoSoId>1651</HoSoId>
    <HoiThao>2nd International Conference on Computer, Mechatronics and Electronic Engineering</HoiThao>
    <DiaDiem>Xiamen, China</DiaDiem>
    <NgayBD>2017-12-24T00:00:00</NgayBD>
    <NgayKT>2017-12-25T00:00:00</NgayKT>
    <SoTrang>138-143</SoTrang>
    <ISSN>2475-8841(ISBN 978-1-60595-532-2)</ISSN>
  </NCKH_HoiNghi>
  <NCKH_HoiNghi>
    <HoSoId>1658</HoSoId>
    <HoiThao>2nd International Conference on Computer, Mechatronics and Electronic Engineering</HoiThao>
    <DiaDiem>Xiamen, China</DiaDiem>
    <NgayBD>2017-12-24T00:00:00</NgayBD>
    <NgayKT>2017-12-25T00:00:00</NgayKT>
    <SoTrang>144-151</SoTrang>
    <ISSN>2475-8841(ISBN 978-1-60595-532-2)</ISSN>
  </NCKH_HoiNghi>
  <NCKH_HoiNghi>
    <HoSoId>1659</HoSoId>
    <HoiThao>The International Conference on Information, System and Convergence Applications (ICISCA 2018)</HoiThao>
    <DiaDiem>Bangkok, Thailand</DiaDiem>
    <NgayBD>2018-01-31T00:00:00</NgayBD>
    <NgayKT>2018-02-01T00:00:00</NgayKT>
    <SoTrang>52-55</SoTrang>
    <ISSN>none</ISSN>
  </NCKH_HoiNghi>
  <NCKH_HoiNghi>
    <HoSoId>1664</HoSoId>
    <HoiThao>2nd International Conference on Computer, Mechatronics and Electronic Engineering</HoiThao>
    <DiaDiem>Xiamen, China</DiaDiem>
    <NgayBD>2017-12-24T00:00:00</NgayBD>
    <NgayKT>2017-12-25T00:00:00</NgayKT>
    <SoTrang>189-194</SoTrang>
    <ISSN>2475-8841(ISBN 978-1-60595-532-2)</ISSN>
  </NCKH_HoiNghi>
  <NCKH_HoiNghi>
    <HoSoId>1669</HoSoId>
    <HoiThao>IMCOM '18 Proceedings of the 12th International Conference on Ubiquitous Information Management and Communication</HoiThao>
    <DiaDiem>Langkawi, Malaysia</DiaDiem>
    <NgayBD>2018-01-05T00:00:00</NgayBD>
    <NgayKT>2018-01-07T00:00:00</NgayKT>
    <SoTrang>7</SoTrang>
    <ISSN>978-1-4503-6385-3</ISSN>
    <DOI>10.1145/3164541.3164572</DOI>
    <DeTaiId>1575</DeTaiId>
  </NCKH_HoiNghi>
  <NCKH_HoiNghi>
    <HoSoId>1670</HoSoId>
    <HoiThao>Proceedings of the 2017 International Conference on Applied Mathematics, Modeling and Simulation</HoiThao>
    <DiaDiem>Shanghai, China</DiaDiem>
    <NgayBD>2017-11-26T00:00:00</NgayBD>
    <NgayKT>2017-11-27T00:00:00</NgayKT>
    <SoTrang>396-401</SoTrang>
    <ISSN>1951-6851(ISBN 978-94-6252-433-0)</ISSN>
  </NCKH_HoiNghi>
  <NCKH_HoiNghi>
    <HoSoId>1690</HoSoId>
    <HoiThao>2018 International Conference on Information and Communication Technology and Digital Convergence Business (ICIDB-2018)</HoiThao>
    <DiaDiem>Hanoi</DiaDiem>
    <NgayBD>2018-01-19T00:00:00</NgayBD>
    <NgayKT>2018-01-21T00:00:00</NgayKT>
    <SoTrang>62</SoTrang>
    <ISSN>xxxx-xxxx</ISSN>
  </NCKH_HoiNghi>
  <NCKH_HoiNghi>
    <HoSoId>1726</HoSoId>
    <HoiThao>Proceedings of the 7th International Conference in Vietnam on the Development of Biomedical Engineering</HoiThao>
    <DiaDiem>HoChiMinh, Vietnam</DiaDiem>
    <NgayBD>2018-06-27T00:00:00</NgayBD>
    <NgayKT>2018-06-29T00:00:00</NgayKT>
    <SoTrang>1-10</SoTrang>
    <ISSN>1680-0737</ISSN>
  </NCKH_HoiNghi>
  <NCKH_HoiNghi>
    <HoSoId>1729</HoSoId>
    <HoiThao>2017 Ninth International Conference on Ubiquitous and Future Networks (ICUFN)</HoiThao>
    <DiaDiem>Milan, Italy</DiaDiem>
    <NgayBD>2017-07-04T00:00:00</NgayBD>
    <NgayKT>2017-07-07T00:00:00</NgayKT>
    <SoTrang>7-11</SoTrang>
    <ISSN>2165-8536</ISSN>
    <DOI>10.1109/ICUFN.2017.7993736</DOI>
  </NCKH_HoiNghi>
  <NCKH_HoiNghi>
    <HoSoId>1732</HoSoId>
    <HoiThao>2017 4th NAFOSTED Conference on Information and Computer Science</HoiThao>
    <DiaDiem>Hanoi, Vietnam</DiaDiem>
    <NgayBD>2017-11-24T00:00:00</NgayBD>
    <NgayKT>2017-11-25T00:00:00</NgayKT>
    <SoTrang>302-307</SoTrang>
    <ISSN>978-1-5386-3210-9</ISSN>
    <DOI>10.1109/NAFOSTED.2017.8108082</DOI>
  </NCKH_HoiNghi>
  <NCKH_HoiNghi>
    <HoSoId>1735</HoSoId>
    <HoiThao>10th International Conference on Quality of Multimedia Experience (QoMEX 2018)</HoiThao>
    <DiaDiem>Sardinia, Italy</DiaDiem>
    <NgayBD>2018-05-29T00:00:00</NgayBD>
    <NgayKT>2018-06-01T00:00:00</NgayKT>
    <SoTrang>1-6</SoTrang>
    <ISSN>1859-1531</ISSN>
    <DOI>https://www.qomex2018.org/technical-sessions/</DOI>
  </NCKH_HoiNghi>
  <NCKH_HoiNghi>
    <HoSoId>1752</HoSoId>
    <HoiThao>Sigtelcom 2018</HoiThao>
    <DiaDiem>Ho Chi Minh</DiaDiem>
    <NgayBD>2018-01-29T00:00:00</NgayBD>
    <NgayKT>2018-01-31T00:00:00</NgayKT>
    <SoTrang>241-246</SoTrang>
    <ISSN>ISBN 978-1-5386-2976-5</ISSN>
    <DOI>10.1109/SIGTELCOM.2018.8325799</DOI>
  </NCKH_HoiNghi>
  <NCKH_HoiNghi>
    <HoSoId>1775</HoSoId>
    <HoiThao>2018 IEEE Seventh International Conference on Communications and Electronics (ICCE)</HoiThao>
    <DiaDiem>Hue, Viet Nam</DiaDiem>
    <NgayBD>2018-07-18T00:00:00</NgayBD>
    <NgayKT>2018-07-20T00:00:00</NgayKT>
    <SoTrang>6</SoTrang>
    <ISSN>978-1-5386-3679-4</ISSN>
  </NCKH_HoiNghi>
  <NCKH_HoiNghi>
    <HoSoId>1778</HoSoId>
    <HoiThao>2018 IEEE Seventh International Conference on Communications and Electronics (ICCE)</HoiThao>
    <DiaDiem>Hue, Viet Nam</DiaDiem>
    <NgayBD>2018-07-18T00:00:00</NgayBD>
    <NgayKT>2018-07-20T00:00:00</NgayKT>
    <SoTrang>6</SoTrang>
    <ISSN>978-1-5386-3679-4</ISSN>
  </NCKH_HoiNghi>
  <NCKH_HoiNghi>
    <HoSoId>1790</HoSoId>
    <HoiThao>ICDV2017</HoiThao>
    <DiaDiem>VNU Hà Nội</DiaDiem>
    <NgayBD>2017-10-05T00:00:00</NgayBD>
    <NgayKT>2017-10-06T00:00:00</NgayKT>
    <SoTrang>28-32</SoTrang>
    <ISSN>ISBN: 978-1-5386-3377-9</ISSN>
    <DOI>10.1109/ICDV.2017.8188631</DOI>
  </NCKH_HoiNghi>
  <NCKH_HoiNghi>
    <HoSoId>1793</HoSoId>
    <HoiThao>ICDV2017</HoiThao>
    <DiaDiem>VNU Ha Noi</DiaDiem>
    <NgayBD>2017-10-05T00:00:00</NgayBD>
    <NgayKT>2017-10-06T00:00:00</NgayKT>
    <SoTrang>100-103</SoTrang>
    <ISSN>ISBN: 978-1-5386-3377-9</ISSN>
    <DOI>10.1109/ICDV.2017.8188647</DOI>
  </NCKH_HoiNghi>
  <NCKH_HoiNghi>
    <HoSoId>1810</HoSoId>
    <HoiThao>2017 International Conference on Advanced Technologies for Communications</HoiThao>
    <DiaDiem>Quy Nhon, Vietnam</DiaDiem>
    <NgayBD>2017-10-18T00:00:00</NgayBD>
    <NgayKT>2017-10-20T00:00:00</NgayKT>
    <SoTrang>1-6</SoTrang>
    <ISSN>2162-1039</ISSN>
    <DOI>10.1109/ATC.2017.8167628</DOI>
  </NCKH_HoiNghi>
  <NCKH_HoiNghi>
    <HoSoId>1813</HoSoId>
    <HoiThao>2017 International Conference on Information and Communications (ICIC)</HoiThao>
    <DiaDiem>Hanoi</DiaDiem>
    <NgayBD>2017-06-16T00:00:00</NgayBD>
    <NgayKT>2017-06-28T00:00:00</NgayKT>
    <SoTrang>233-239</SoTrang>
    <ISSN>INSPEC Accession Number: 17084078</ISSN>
    <DOI>10.1109/INFOC.2017.8001688</DOI>
  </NCKH_HoiNghi>
  <NCKH_HoiNghi>
    <HoSoId>1819</HoSoId>
    <HoiThao>International Conference on Information, System and Convergence Applications  (ICISCA2018)</HoiThao>
    <DiaDiem>Bangkok, Thailand</DiaDiem>
    <NgayBD>2018-01-31T00:00:00</NgayBD>
    <NgayKT>2018-02-01T00:00:00</NgayKT>
    <SoTrang>49-51</SoTrang>
    <ISSN>none</ISSN>
  </NCKH_HoiNghi>
  <NCKH_HoiNghi>
    <HoSoId>1850</HoSoId>
    <HoiThao>17th International Symposium on Communications and Information Technologies</HoiThao>
    <DiaDiem>Australia</DiaDiem>
    <NgayBD>2017-07-25T00:00:00</NgayBD>
    <NgayKT>2017-07-27T00:00:00</NgayKT>
    <SoTrang>1-5</SoTrang>
    <ISSN>2222</ISSN>
    <DOI>DOI: 10.1109/ISCIT.2017.8261224</DOI>
  </NCKH_HoiNghi>
  <NCKH_HoiNghi>
    <HoSoId>1853</HoSoId>
    <HoiThao>International Conference on Advanced Technologies for Communications</HoiThao>
    <DiaDiem>Quy Nhon, Vietnam</DiaDiem>
    <NgayBD>2017-10-18T00:00:00</NgayBD>
    <NgayKT>2017-10-20T00:00:00</NgayKT>
    <SoTrang>112-116</SoTrang>
    <ISSN>2162-1039</ISSN>
    <DOI>10.1109/ATC.2017.8167644</DOI>
  </NCKH_HoiNghi>
  <NCKH_HoiNghi>
    <HoSoId>1856</HoSoId>
    <HoiThao>International Conference on Advanced Technologies for Communications</HoiThao>
    <DiaDiem>Quy Nhon, Vietnam</DiaDiem>
    <NgayBD>2017-10-18T00:00:00</NgayBD>
    <NgayKT>2017-10-20T00:00:00</NgayKT>
    <SoTrang>174-179</SoTrang>
    <ISSN>2162-1039</ISSN>
    <DOI>10.1109/ATC.2017.8167612</DOI>
  </NCKH_HoiNghi>
  <NCKH_HoiNghi>
    <HoSoId>1859</HoSoId>
    <HoiThao>International Conference on Advanced Technologies for Communications</HoiThao>
    <DiaDiem>Quy Nhon, Vietnam</DiaDiem>
    <NgayBD>2017-10-18T00:00:00</NgayBD>
    <NgayKT>2017-10-20T00:00:00</NgayKT>
    <SoTrang>156-160</SoTrang>
    <ISSN>2162-1039</ISSN>
    <DOI>10.1109/ATC.2017.8167607</DOI>
  </NCKH_HoiNghi>
  <NCKH_HoiNghi>
    <HoSoId>1862</HoSoId>
    <HoiThao>International Conference on Advanced Technologies for Communications</HoiThao>
    <DiaDiem>Quy Nhon, Vietnam</DiaDiem>
    <NgayBD>2017-10-18T00:00:00</NgayBD>
    <NgayKT>2017-10-20T00:00:00</NgayKT>
    <SoTrang>80-85</SoTrang>
    <ISSN>2162-1039</ISSN>
    <DOI>10.1109/ATC.2017.8167647</DOI>
  </NCKH_HoiNghi>
  <NCKH_HoiNghi>
    <HoSoId>1881</HoSoId>
    <HoiThao>the 12th International Conference on Ubiquitous Information Management and Communication</HoiThao>
    <DiaDiem>Langkawi, Malaysia</DiaDiem>
    <NgayBD>2018-01-05T00:00:00</NgayBD>
    <NgayKT>2018-01-07T00:00:00</NgayKT>
    <SoTrang>NA</SoTrang>
    <ISSN>ISBN: 978-1-4503-6385-3</ISSN>
    <DOI>10.1145/3164541.3164572</DOI>
  </NCKH_HoiNghi>
  <NCKH_HoiNghi>
    <HoSoId>1886</HoSoId>
    <HoiThao>2017 International Conference on Advanced Technologies for Communications (ATC)</HoiThao>
    <DiaDiem>Quy Nhon, Vietnam</DiaDiem>
    <NgayBD>2017-10-18T00:00:00</NgayBD>
    <NgayKT>2017-10-20T00:00:00</NgayKT>
    <SoTrang>NA</SoTrang>
    <ISSN>2162-1039</ISSN>
    <DOI>10.1109/ATC.2017.8167640</DOI>
  </NCKH_HoiNghi>
  <NCKH_HoiNghi>
    <HoSoId>1900</HoSoId>
    <HoiThao>The 7th International Conference in Vietnam on the Development of Biomedical Engineering</HoiThao>
    <DiaDiem>Ho Chi Minh city</DiaDiem>
    <NgayBD>2018-06-27T00:00:00</NgayBD>
    <NgayKT>2018-06-29T00:00:00</NgayKT>
    <SoTrang>1-10</SoTrang>
    <ISSN>NA</ISSN>
  </NCKH_HoiNghi>
  <NCKH_HoiNghi>
    <HoSoId>1901</HoSoId>
    <HoiThao>The 7th International Conference in Vietnam on the Development of Biomedical Engineering</HoiThao>
    <DiaDiem>Ho Chi Minh city</DiaDiem>
    <NgayBD>2018-06-27T00:00:00</NgayBD>
    <NgayKT>2018-06-29T00:00:00</NgayKT>
    <SoTrang>1-10</SoTrang>
    <ISSN>NA</ISSN>
  </NCKH_HoiNghi>
  <NCKH_HoiNghi>
    <HoSoId>1907</HoSoId>
    <HoiThao>4th International Conference on Advances in Electrical Engineering (ICAEE)</HoiThao>
    <DiaDiem>Dhaka Bangladesh</DiaDiem>
    <NgayBD>2017-09-28T00:00:00</NgayBD>
    <NgayKT>2017-09-30T00:00:00</NgayKT>
    <SoTrang>600-606</SoTrang>
    <ISSN>1538608693</ISSN>
  </NCKH_HoiNghi>
</data>