﻿<?xml version="1.0" encoding="utf-8"?>
<data>
  <NCKH_DeTai>
    <HoSoId>13</HoSoId>
    <MaSo>ĐTĐLCN.38/15</MaSo>
    <NgayBD>2016-06-01T00:00:00</NgayBD>
    <NgayKT>2017-12-01T00:00:00</NgayKT>
    <ChuGiai>Độc lập</ChuGiai>
    <NganSach>4640</NganSach>
    <KPDC>2900</KPDC>
    <KPQT>2248</KPQT>
    <TinhTrang>Đã nghiệm thu cơ sở</TinhTrang>
  </NCKH_DeTai>
  <NCKH_DeTai>
    <HoSoId>41</HoSoId>
    <MaSo>17/2014/HĐ-NĐT</MaSo>
    <NgayBD>2014-03-01T00:00:00</NgayBD>
    <NgayKT>2016-03-01T00:00:00</NgayKT>
    <ChuGiai>Nghị định thư</ChuGiai>
    <NganSach>2990</NganSach>
    <KPDC>2990</KPDC>
    <KPQT>2990</KPQT>
    <TinhTrang>Đã nghiệm thu cơ sở</TinhTrang>
  </NCKH_DeTai>
  <NCKH_DeTai>
    <HoSoId>73</HoSoId>
    <MaSo>3/2012/HĐ-HTQTSP</MaSo>
    <NgayBD>2012-01-01T00:00:00</NgayBD>
    <NgayKT>2016-06-30T00:00:00</NgayKT>
    <ChuGiai>Bộ Giáo dục và đào tạo</ChuGiai>
  </NCKH_DeTai>
  <NCKH_DeTai>
    <HoSoId>80</HoSoId>
    <MaSo>B2013.01.43</MaSo>
    <NgayBD>2013-01-01T00:00:00</NgayBD>
    <NgayKT>2015-12-22T00:00:00</NgayKT>
    <ChuGiai>Bộ Giáo dục và đào tạo</ChuGiai>
  </NCKH_DeTai>
  <NCKH_DeTai>
    <HoSoId>85</HoSoId>
    <MaSo>NĐT.03.ITA/15</MaSo>
    <NgayBD>2015-12-17T00:00:00</NgayBD>
    <NgayKT>2017-12-17T00:00:00</NgayKT>
    <ChuGiai>Nghị định thư</ChuGiai>
    <NganSach>1436</NganSach>
    <KPDC>1000</KPDC>
    <KPQT>1000</KPQT>
    <TinhTrang>Đang thực hiện</TinhTrang>
  </NCKH_DeTai>
  <NCKH_DeTai>
    <HoSoId>90</HoSoId>
    <MaSo>T2015-240</MaSo>
    <NgayBD>2016-01-01T00:00:00</NgayBD>
    <NgayKT>2016-12-31T00:00:00</NgayKT>
    <ChuGiai>Trường phân cấp</ChuGiai>
  </NCKH_DeTai>
  <NCKH_DeTai>
    <HoSoId>101</HoSoId>
    <MaSo>B2014 – 01 - 64</MaSo>
    <NgayBD>2014-01-01T00:00:00</NgayBD>
    <NgayKT>2016-12-31T00:00:00</NgayKT>
    <ChuGiai>Bộ Giáo dục và đào tạo</ChuGiai>
    <NganSach>600</NganSach>
    <KPDC>600</KPDC>
    <KPQT>600</KPQT>
    <TinhTrang>Đã nghiệm thu cơ sở</TinhTrang>
  </NCKH_DeTai>
  <NCKH_DeTai>
    <HoSoId>104</HoSoId>
    <MaSo>VT/CN-01/13-15</MaSo>
    <NgayBD>2013-09-01T00:00:00</NgayBD>
    <NgayKT>2015-06-01T00:00:00</NgayKT>
    <ChuGiai>Độc lập</ChuGiai>
  </NCKH_DeTai>
  <NCKH_DeTai>
    <HoSoId>105</HoSoId>
    <MaSo>T2015- 058</MaSo>
    <NgayBD>2015-06-01T00:00:00</NgayBD>
    <NgayKT>2015-12-01T00:00:00</NgayKT>
    <ChuGiai>Trường phân cấp</ChuGiai>
  </NCKH_DeTai>
  <NCKH_DeTai>
    <HoSoId>113</HoSoId>
    <MaSo>T2015 - 064</MaSo>
    <NgayBD>2015-02-14T00:00:00</NgayBD>
    <NgayKT>2015-12-20T00:00:00</NgayKT>
    <ChuGiai>Trường phân cấp</ChuGiai>
  </NCKH_DeTai>
  <NCKH_DeTai>
    <HoSoId>123</HoSoId>
    <MaSo>16/2015/HĐ-KHCN</MaSo>
    <NgayBD>2015-08-15T00:00:00</NgayBD>
    <NgayKT>2016-12-31T00:00:00</NgayKT>
    <ChuGiai>Quảng Ninh</ChuGiai>
  </NCKH_DeTai>
  <NCKH_DeTai>
    <HoSoId>139</HoSoId>
    <MaSo>T2015-237</MaSo>
    <NgayBD>2016-01-04T00:00:00</NgayBD>
    <NgayKT>2016-05-05T00:00:00</NgayKT>
    <ChuGiai>Trường phân cấp</ChuGiai>
  </NCKH_DeTai>
  <NCKH_DeTai>
    <HoSoId>150</HoSoId>
    <MaSo>T2015-065</MaSo>
    <NgayBD>2015-06-01T00:00:00</NgayBD>
    <NgayKT>2015-12-31T00:00:00</NgayKT>
    <ChuGiai>0</ChuGiai>
  </NCKH_DeTai>
  <NCKH_DeTai>
    <HoSoId>152</HoSoId>
    <MaSo>T2015-060</MaSo>
    <NgayBD>2015-06-01T00:00:00</NgayBD>
    <NgayKT>2015-12-01T00:00:00</NgayKT>
    <ChuGiai>Trường phân cấp</ChuGiai>
  </NCKH_DeTai>
  <NCKH_DeTai>
    <HoSoId>193</HoSoId>
    <MaSo>102.99-2013.06</MaSo>
    <NgayBD>2014-03-18T00:00:00</NgayBD>
    <NgayKT>2016-03-18T00:00:00</NgayKT>
    <ChuGiai>đề tài thuộc Quỹ Nafosted</ChuGiai>
  </NCKH_DeTai>
  <NCKH_DeTai>
    <HoSoId>206</HoSoId>
    <MaSo>102.04-2012.06</MaSo>
    <NgayBD>2013-02-01T00:00:00</NgayBD>
    <NgayKT>2016-08-30T00:00:00</NgayKT>
    <ChuGiai>National Foundations for Science and Technology Development (NAFOSTED</ChuGiai>
    <NganSach>609</NganSach>
    <KPDC>520</KPDC>
    <KPQT>520</KPQT>
    <TinhTrang>Đã nghiệm thu các cấp</TinhTrang>
    <NgayNT>2017-04-01</NgayNT>
  </NCKH_DeTai>
  <NCKH_DeTai>
    <HoSoId>207</HoSoId>
    <MaSo>102.02-2012.27</MaSo>
    <NgayBD>2013-12-01T00:00:00</NgayBD>
    <NgayKT>2016-12-01T00:00:00</NgayKT>
    <ChuGiai>Nafosted</ChuGiai>
    <NganSach>864</NganSach>
    <KPDC>0</KPDC>
    <KPQT>0</KPQT>
    <TinhTrang>Đang thực hiện</TinhTrang>
  </NCKH_DeTai>
  <NCKH_DeTai>
    <HoSoId>212</HoSoId>
    <MaSo>T2016-PC-111</MaSo>
    <NgayBD>2016-08-01T00:00:00</NgayBD>
    <NgayKT>2017-07-30T00:00:00</NgayKT>
    <ChuGiai>Trường phân cấp</ChuGiai>
    <NganSach>30</NganSach>
    <KPDC>0</KPDC>
    <KPQT>0</KPQT>
    <TinhTrang>Đã nghiệm thu các cấp</TinhTrang>
    <NgayNT>undefined-undefined-undefined-undefined-2017-05-18</NgayNT>
  </NCKH_DeTai>
  <NCKH_DeTai>
    <HoSoId>226</HoSoId>
    <MaSo>CT68/TW7/14-15</MaSo>
    <NgayBD>2014-04-18T00:00:00</NgayBD>
    <NgayKT>2016-06-01T00:00:00</NgayKT>
    <ChuGiai>Thử nghiệm</ChuGiai>
  </NCKH_DeTai>
  <NCKH_DeTai>
    <HoSoId>233</HoSoId>
    <MaSo>B2014-01-82</MaSo>
    <NgayBD>2014-03-01T00:00:00</NgayBD>
    <NgayKT>2016-03-01T00:00:00</NgayKT>
    <ChuGiai>Bộ Giáo Dục Đào Tạo</ChuGiai>
    <NganSach>600</NganSach>
    <KPDC>0</KPDC>
    <KPQT>0</KPQT>
    <TinhTrang>Đang thực hiện</TinhTrang>
  </NCKH_DeTai>
  <NCKH_DeTai>
    <HoSoId>253</HoSoId>
    <MaSo>T2015-059</MaSo>
    <NgayBD>2015-06-16T00:00:00</NgayBD>
    <NgayKT>2015-12-15T00:00:00</NgayKT>
    <ChuGiai>Trường phân cấp</ChuGiai>
  </NCKH_DeTai>
  <NCKH_DeTai>
    <HoSoId>254</HoSoId>
    <MaSo>ĐTĐL.CN-02/16</MaSo>
    <NgayBD>2016-06-20T00:00:00</NgayBD>
    <NgayKT>2018-05-19T00:00:00</NgayKT>
    <ChuGiai>Độc lập</ChuGiai>
    <NganSach>6400</NganSach>
    <KPDC>3000</KPDC>
    <KPQT>6400</KPQT>
    <TinhTrang>Đang thực hiện</TinhTrang>
  </NCKH_DeTai>
  <NCKH_DeTai>
    <HoSoId>264</HoSoId>
    <MaSo>T2015-062</MaSo>
    <NgayBD>2015-06-16T00:00:00</NgayBD>
    <NgayKT>2015-12-15T00:00:00</NgayKT>
    <ChuGiai>Trường phân cấp</ChuGiai>
  </NCKH_DeTai>
  <NCKH_DeTai>
    <HoSoId>265</HoSoId>
    <MaSo>01/2012/HĐ-NĐT</MaSo>
    <NgayBD>2012-05-01T00:00:00</NgayBD>
    <NgayKT>2014-11-30T00:00:00</NgayKT>
    <ChuGiai>Nghị định thư</ChuGiai>
  </NCKH_DeTai>
  <NCKH_DeTai>
    <HoSoId>267</HoSoId>
    <MaSo>10/2014/HĐ-NĐT</MaSo>
    <NgayBD>2014-06-01T00:00:00</NgayBD>
    <NgayKT>2016-12-31T00:00:00</NgayKT>
    <ChuGiai>Nghị định thư</ChuGiai>
    <NganSach>3700</NganSach>
    <KPDC>0</KPDC>
    <KPQT>0</KPQT>
    <TinhTrang>Đang thực hiện</TinhTrang>
  </NCKH_DeTai>
  <NCKH_DeTai>
    <HoSoId>520</HoSoId>
    <MaSo>CT68/TW16/14-15</MaSo>
    <NgayBD>2014-04-01T00:00:00</NgayBD>
    <NgayKT>2016-06-01T00:00:00</NgayKT>
    <ChuGiai>Độc lập</ChuGiai>
    <NganSach>743</NganSach>
    <KPDC>728</KPDC>
    <KPQT>0</KPQT>
    <TinhTrang>Đã nghiệm thu các cấp</TinhTrang>
    <NgayNT>2016-10-05</NgayNT>
    <NgayGH>2017-06-30T00:00:00</NgayGH>
  </NCKH_DeTai>
  <NCKH_DeTai>
    <HoSoId>558</HoSoId>
    <MaSo>T2016-LN-10</MaSo>
    <NgayBD>2016-09-01T00:00:00</NgayBD>
    <NgayKT>2017-08-31T00:00:00</NgayKT>
    <ChuGiai>Trường liên ngành</ChuGiai>
    <NganSach>100</NganSach>
    <KPDC>0</KPDC>
    <KPQT>0</KPQT>
    <TinhTrang>Đang thực hiện</TinhTrang>
  </NCKH_DeTai>
  <NCKH_DeTai>
    <HoSoId>659</HoSoId>
    <MaSo>T2016-LN-12</MaSo>
    <NgayBD>2016-10-01T00:00:00</NgayBD>
    <NgayKT>2017-09-30T00:00:00</NgayKT>
    <ChuGiai>Trường liên ngành</ChuGiai>
    <NganSach>100</NganSach>
    <KPDC>0</KPDC>
    <KPQT>100</KPQT>
    <TinhTrang>Đang thực hiện</TinhTrang>
  </NCKH_DeTai>
  <NCKH_DeTai>
    <HoSoId>761</HoSoId>
    <MaSo>T2016-LN-11</MaSo>
    <NgayBD>2016-10-01T00:00:00</NgayBD>
    <NgayKT>2017-09-30T00:00:00</NgayKT>
    <ChuGiai>Trường liên ngành</ChuGiai>
    <NganSach>80</NganSach>
    <KPDC>0</KPDC>
    <KPQT>0</KPQT>
    <TinhTrang>Đang thực hiện</TinhTrang>
  </NCKH_DeTai>
  <NCKH_DeTai>
    <HoSoId>844</HoSoId>
    <MaSo>1440/QĐ-UBND</MaSo>
    <NgayBD>2017-05-09T00:00:00</NgayBD>
    <NgayKT>2017-12-31T00:00:00</NgayKT>
    <ChuGiai>Quảng Ninh</ChuGiai>
    <NganSach>190</NganSach>
    <KPDC>0</KPDC>
    <KPQT>0</KPQT>
    <TinhTrang>Đang thực hiện</TinhTrang>
  </NCKH_DeTai>
  <NCKH_DeTai>
    <HoSoId>967</HoSoId>
    <MaSo>ĐTĐLCN.01/14</MaSo>
    <NgayBD>2014-10-01T00:00:00</NgayBD>
    <NgayKT>2017-01-31T00:00:00</NgayKT>
    <ChuGiai>Độc lập</ChuGiai>
    <NganSach>7750</NganSach>
    <KPDC>7750</KPDC>
    <KPQT>7750</KPQT>
    <TinhTrang>Đã nghiệm thu các cấp</TinhTrang>
  </NCKH_DeTai>
  <NCKH_DeTai>
    <HoSoId>972</HoSoId>
    <MaSo>T2016-PC-111</MaSo>
    <NgayBD>2016-08-01T00:00:00</NgayBD>
    <NgayKT>2017-07-01T00:00:00</NgayKT>
    <ChuGiai>Trường phân cấp</ChuGiai>
    <NganSach>30</NganSach>
    <KPDC>0</KPDC>
    <KPQT>0</KPQT>
    <TinhTrang>Đã nghiệm thu các cấp</TinhTrang>
    <NgayNT>undefined-undefined-2017-05-18</NgayNT>
  </NCKH_DeTai>
  <NCKH_DeTai>
    <HoSoId>995</HoSoId>
    <MaSo>T2016-PC-116</MaSo>
    <NgayBD>2016-08-01T00:00:00</NgayBD>
    <NgayKT>2017-07-30T00:00:00</NgayKT>
    <ChuGiai>Trường phân cấp</ChuGiai>
    <NganSach>40</NganSach>
    <KPDC>0</KPDC>
    <KPQT>0</KPQT>
    <TinhTrang>Đang thực hiện</TinhTrang>
  </NCKH_DeTai>
  <NCKH_DeTai>
    <HoSoId>1000</HoSoId>
    <MaSo>2016-PC-110</MaSo>
    <NgayBD>2016-08-01T00:00:00</NgayBD>
    <NgayKT>2017-07-31T00:00:00</NgayKT>
    <ChuGiai>Trường phân cấp</ChuGiai>
    <NganSach>30</NganSach>
    <KPDC>30</KPDC>
    <KPQT>30</KPQT>
    <TinhTrang>Đã nghiệm thu các cấp</TinhTrang>
    <NgayNT>2017-07-15</NgayNT>
  </NCKH_DeTai>
  <NCKH_DeTai>
    <HoSoId>1135</HoSoId>
    <MaSo>T2016-PC-113</MaSo>
    <NgayBD>2016-08-01T00:00:00</NgayBD>
    <NgayKT>2017-07-31T00:00:00</NgayKT>
    <ChuGiai>Trường phân cấp</ChuGiai>
    <NganSach>30</NganSach>
    <KPDC>0</KPDC>
    <KPQT>0</KPQT>
    <TinhTrang>Chưa nghiệm thu</TinhTrang>
  </NCKH_DeTai>
  <NCKH_DeTai>
    <HoSoId>1140</HoSoId>
    <MaSo>B2016-BKA-10</MaSo>
    <NgayBD>2016-01-01T00:00:00</NgayBD>
    <NgayKT>2017-12-31T00:00:00</NgayKT>
    <ChuGiai>Bộ Giáo dục và đào tạo</ChuGiai>
    <NganSach>350</NganSach>
    <KPDC>87</KPDC>
    <KPQT>0</KPQT>
    <TinhTrang>Đang thực hiện</TinhTrang>
  </NCKH_DeTai>
  <NCKH_DeTai>
    <HoSoId>1161</HoSoId>
    <MaSo>T2016-PC-112</MaSo>
    <NgayBD>2016-08-01T00:00:00</NgayBD>
    <NgayKT>2017-06-30T00:00:00</NgayKT>
    <ChuGiai>Trường phân cấp</ChuGiai>
    <NganSach>30</NganSach>
    <KPDC>0</KPDC>
    <KPQT>30</KPQT>
    <TinhTrang>Đã nghiệm thu cơ sở</TinhTrang>
    <NgayNT>undefined-undefined-2017-07-28</NgayNT>
  </NCKH_DeTai>
  <NCKH_DeTai>
    <HoSoId>1164</HoSoId>
    <MaSo>T2016-PC-114</MaSo>
    <NgayBD>2016-08-01T00:00:00</NgayBD>
    <NgayKT>2017-12-31T00:00:00</NgayKT>
    <ChuGiai>Trường phân cấp</ChuGiai>
    <NganSach>35</NganSach>
    <KPDC>0</KPDC>
    <KPQT>0</KPQT>
    <TinhTrang>Đang thực hiện</TinhTrang>
  </NCKH_DeTai>
  <NCKH_DeTai>
    <HoSoId>1167</HoSoId>
    <MaSo>83/HD-K2DT</MaSo>
    <NgayBD>2014-12-31T00:00:00</NgayBD>
    <NgayKT>2016-12-31T00:00:00</NgayKT>
    <ChuGiai>Bộ Y tế</ChuGiai>
    <NganSach>1260</NganSach>
    <KPDC>1030</KPDC>
    <KPQT>430</KPQT>
    <TinhTrang>Đang thực hiện</TinhTrang>
  </NCKH_DeTai>
  <NCKH_DeTai>
    <HoSoId>1174</HoSoId>
    <MaSo>DFG.102.2014.02</MaSo>
    <NgayBD>2015-05-01T00:00:00</NgayBD>
    <NgayKT>2017-05-01T00:00:00</NgayKT>
    <ChuGiai>Nghị định thư</ChuGiai>
    <NganSach>683</NganSach>
    <KPDC>250</KPDC>
    <KPQT>250</KPQT>
    <TinhTrang>Đang thực hiện</TinhTrang>
  </NCKH_DeTai>
  <NCKH_DeTai>
    <HoSoId>1191</HoSoId>
    <MaSo>T2016-PC-108</MaSo>
    <NgayBD>2016-08-01T00:00:00</NgayBD>
    <NgayKT>2017-08-01T00:00:00</NgayKT>
    <ChuGiai>Trường phân cấp</ChuGiai>
    <NganSach>30</NganSach>
    <KPDC>30</KPDC>
    <KPQT>30</KPQT>
    <TinhTrang>Đã nghiệm thu các cấp</TinhTrang>
    <NgayNT>2017-07-28</NgayNT>
  </NCKH_DeTai>
  <NCKH_DeTai>
    <HoSoId>1226</HoSoId>
    <MaSo>1</MaSo>
    <NgayBD>2018-01-27T00:00:00</NgayBD>
    <NgayKT>2018-06-27T00:00:00</NgayKT>
    <ChuGiai>Trường phân cấp</ChuGiai>
    <NganSach>25</NganSach>
    <KPDC>0</KPDC>
    <KPQT>0</KPQT>
    <TinhTrang>Đang thực hiện</TinhTrang>
    <NgayNT>2018-06-27</NgayNT>
    <NgayGH>2018-06-30T00:00:00</NgayGH>
  </NCKH_DeTai>
  <NCKH_DeTai>
    <HoSoId>1229</HoSoId>
    <MaSo>2</MaSo>
    <NgayBD>2018-04-03T00:00:00</NgayBD>
    <NgayKT>2018-10-03T00:00:00</NgayKT>
    <ChuGiai>Trường liên ngành</ChuGiai>
    <NganSach>25</NganSach>
    <KPDC>0</KPDC>
    <KPQT>0</KPQT>
    <TinhTrang>Đang thực hiện</TinhTrang>
    <NgayNT>undefined-undefined-2018-10-03</NgayNT>
    <NgayGH>2018-10-06T00:00:00</NgayGH>
  </NCKH_DeTai>
  <NCKH_DeTai>
    <HoSoId>1232</HoSoId>
    <MaSo>3</MaSo>
    <NgayBD>2018-04-16T00:00:00</NgayBD>
    <NgayKT>2018-10-16T00:00:00</NgayKT>
    <ChuGiai>Trường liên ngành</ChuGiai>
    <NganSach>25</NganSach>
    <KPDC>0</KPDC>
    <KPQT>0</KPQT>
    <TinhTrang>Đang thực hiện</TinhTrang>
    <NgayNT>2018-10-16</NgayNT>
    <NgayGH>2018-10-19T00:00:00</NgayGH>
  </NCKH_DeTai>
  <NCKH_DeTai>
    <HoSoId>1235</HoSoId>
    <MaSo>4</MaSo>
    <NgayBD>2018-04-24T00:00:00</NgayBD>
    <NgayKT>2018-10-24T00:00:00</NgayKT>
    <ChuGiai>Trường liên ngành</ChuGiai>
    <NganSach>25</NganSach>
    <KPDC>0</KPDC>
    <KPQT>0</KPQT>
    <TinhTrang>Đang thực hiện</TinhTrang>
    <NgayNT>2018-10-24</NgayNT>
    <NgayGH>2018-10-27T00:00:00</NgayGH>
  </NCKH_DeTai>
  <NCKH_DeTai>
    <HoSoId>1238</HoSoId>
    <MaSo>5</MaSo>
    <NgayBD>2018-05-21T00:00:00</NgayBD>
    <NgayKT>2018-11-21T00:00:00</NgayKT>
    <ChuGiai>Trường phân cấp</ChuGiai>
    <NganSach>25</NganSach>
    <KPDC>0</KPDC>
    <KPQT>0</KPQT>
    <TinhTrang>Đang thực hiện</TinhTrang>
    <NgayNT>2018-11-21</NgayNT>
    <NgayGH>2018-11-24T00:00:00</NgayGH>
  </NCKH_DeTai>
  <NCKH_DeTai>
    <HoSoId>1241</HoSoId>
    <MaSo>6</MaSo>
    <NgayBD>2018-06-01T00:00:00</NgayBD>
    <NgayKT>2018-12-01T00:00:00</NgayKT>
    <ChuGiai>Trường liên ngành</ChuGiai>
    <NganSach>25</NganSach>
    <KPDC>0</KPDC>
    <KPQT>0</KPQT>
    <TinhTrang>Đang thực hiện</TinhTrang>
    <NgayNT>2018-12-01</NgayNT>
    <NgayGH>2018-12-04T00:00:00</NgayGH>
  </NCKH_DeTai>
  <NCKH_DeTai>
    <HoSoId>1250</HoSoId>
    <MaSo>T2017-PC-115</MaSo>
    <NgayBD>2017-11-01T00:00:00</NgayBD>
    <NgayKT>2018-10-30T00:00:00</NgayKT>
    <ChuGiai>Trường phân cấp</ChuGiai>
    <NganSach>50</NganSach>
    <KPDC>0</KPDC>
    <KPQT>0</KPQT>
    <TinhTrang>Đang thực hiện</TinhTrang>
  </NCKH_DeTai>
  <NCKH_DeTai>
    <HoSoId>1253</HoSoId>
    <MaSo>T2016-LN-14</MaSo>
    <NgayBD>2016-10-01T00:00:00</NgayBD>
    <NgayKT>2017-09-30T00:00:00</NgayKT>
    <ChuGiai>Trường liên ngành</ChuGiai>
    <NganSach>100</NganSach>
    <KPDC>100</KPDC>
    <KPQT>100</KPQT>
    <TinhTrang>Đã nghiệm thu các cấp</TinhTrang>
    <NgayNT>2018-10-27</NgayNT>
  </NCKH_DeTai>
  <NCKH_DeTai>
    <HoSoId>1282</HoSoId>
    <MaSo>15/2017/HĐ-KHCN-ĐT</MaSo>
    <NgayBD>2017-05-01T00:00:00</NgayBD>
    <NgayKT>2018-10-01T00:00:00</NgayKT>
    <ChuGiai>Đề tài cấp Sở, Sở KHCN Tuyên Quang</ChuGiai>
    <NganSach>1199</NganSach>
    <KPDC>599</KPDC>
    <KPQT>0</KPQT>
    <TinhTrang>Đang thực hiện</TinhTrang>
  </NCKH_DeTai>
  <NCKH_DeTai>
    <HoSoId>1322</HoSoId>
    <MaSo>T2106-LN-13</MaSo>
    <NgayBD>2016-10-10T00:00:00</NgayBD>
    <NgayKT>2017-09-08T00:00:00</NgayKT>
    <ChuGiai>Trường liên ngành</ChuGiai>
    <NganSach>96</NganSach>
    <KPDC>96</KPDC>
    <KPQT>96</KPQT>
    <TinhTrang>Đã nghiệm thu các cấp</TinhTrang>
  </NCKH_DeTai>
  <NCKH_DeTai>
    <HoSoId>1353</HoSoId>
    <MaSo>T2016-PC-119</MaSo>
    <NgayBD>2016-08-01T00:00:00</NgayBD>
    <NgayKT>2017-07-31T00:00:00</NgayKT>
    <ChuGiai>Trường phân cấp</ChuGiai>
    <NganSach>40</NganSach>
    <KPDC>40</KPDC>
    <KPQT>40</KPQT>
    <TinhTrang>Đã nghiệm thu các cấp</TinhTrang>
    <NgayNT>2018-01-03</NgayNT>
  </NCKH_DeTai>
  <NCKH_DeTai>
    <HoSoId>1484</HoSoId>
    <MaSo>T2016-PC-008</MaSo>
    <NgayBD>2016-08-01T00:00:00</NgayBD>
    <NgayKT>2017-08-01T00:00:00</NgayKT>
    <ChuGiai>Trường phân cấp</ChuGiai>
    <NganSach>50</NganSach>
    <KPDC>50</KPDC>
    <KPQT>50</KPQT>
    <TinhTrang>Đã nghiệm thu các cấp</TinhTrang>
    <NgayNT>2017-09-01</NgayNT>
  </NCKH_DeTai>
  <NCKH_DeTai>
    <HoSoId>1559</HoSoId>
    <MaSo>B2018-BKA-69</MaSo>
    <NgayBD>2018-01-01T00:00:00</NgayBD>
    <NgayKT>2019-12-31T00:00:00</NgayKT>
    <ChuGiai>Bộ Giáo dục và đào tạo</ChuGiai>
    <NganSach>500</NganSach>
    <KPDC>0</KPDC>
    <KPQT>0</KPQT>
    <TinhTrang>Đang thực hiện</TinhTrang>
  </NCKH_DeTai>
  <NCKH_DeTai>
    <HoSoId>1573</HoSoId>
    <MaSo>T2016-LN-10</MaSo>
    <NgayBD>2016-10-01T00:00:00</NgayBD>
    <NgayKT>2017-09-01T00:00:00</NgayKT>
    <ChuGiai>Trường liên ngành</ChuGiai>
    <NganSach>100</NganSach>
    <KPDC>100</KPDC>
    <KPQT>100</KPQT>
    <TinhTrang>Đã nghiệm thu các cấp</TinhTrang>
    <NgayNT>2017-09-18</NgayNT>
  </NCKH_DeTai>
  <NCKH_DeTai>
    <HoSoId>1575</HoSoId>
    <MaSo>T2017-PC-116</MaSo>
    <NgayBD>2017-11-01T00:00:00</NgayBD>
    <NgayKT>2018-10-01T00:00:00</NgayKT>
    <ChuGiai>không</ChuGiai>
    <NganSach>50</NganSach>
    <KPDC>0</KPDC>
    <KPQT>0</KPQT>
    <TinhTrang>Đang thực hiện</TinhTrang>
  </NCKH_DeTai>
  <NCKH_DeTai>
    <HoSoId>1580</HoSoId>
    <MaSo>T2017-PC-110</MaSo>
    <NgayBD>2017-11-01T00:00:00</NgayBD>
    <NgayKT>2018-10-30T00:00:00</NgayKT>
    <ChuGiai>Trường phân cấp</ChuGiai>
    <NganSach>50</NganSach>
    <KPDC>0</KPDC>
    <KPQT>0</KPQT>
    <TinhTrang>Đang thực hiện</TinhTrang>
  </NCKH_DeTai>
  <NCKH_DeTai>
    <HoSoId>1638</HoSoId>
    <MaSo>B2018-BKA-02SP</MaSo>
    <NgayBD>2018-03-01T00:00:00</NgayBD>
    <NgayKT>2020-03-01T00:00:00</NgayKT>
    <ChuGiai>Bộ Giáo dục và đào tạo</ChuGiai>
    <NganSach>1750</NganSach>
    <KPDC>0</KPDC>
    <KPQT>0</KPQT>
    <TinhTrang>Đang thực hiện</TinhTrang>
  </NCKH_DeTai>
  <NCKH_DeTai>
    <HoSoId>1693</HoSoId>
    <MaSo>test</MaSo>
    <NgayBD>2017-01-01T00:00:00</NgayBD>
    <NgayKT>2018-01-01T00:00:00</NgayKT>
    <ChuGiai>Bộ Giáo dục và đào tạo</ChuGiai>
    <NganSach>1000</NganSach>
    <KPDC>0</KPDC>
    <KPQT>0</KPQT>
    <TinhTrang>Đang thực hiện</TinhTrang>
  </NCKH_DeTai>
  <NCKH_DeTai>
    <HoSoId>1696</HoSoId>
    <MaSo>test</MaSo>
    <NgayBD>2017-01-01T00:00:00</NgayBD>
    <NgayKT>2018-12-12T00:00:00</NgayKT>
    <ChuGiai>Độc lập</ChuGiai>
    <NganSach>123</NganSach>
    <KPDC>0</KPDC>
    <KPQT>0</KPQT>
    <TinhTrang>Đang thực hiện</TinhTrang>
  </NCKH_DeTai>
  <NCKH_DeTai>
    <HoSoId>1702</HoSoId>
    <MaSo>1234</MaSo>
    <NgayBD>2018-01-01T00:00:00</NgayBD>
    <NgayKT>2018-12-31T00:00:00</NgayKT>
    <ChuGiai>Độc lập</ChuGiai>
    <NganSach>300</NganSach>
    <KPDC>200</KPDC>
    <KPQT>300</KPQT>
    <TinhTrang>Đang thực hiện</TinhTrang>
  </NCKH_DeTai>
  <NCKH_DeTai>
    <HoSoId>1707</HoSoId>
    <MaSo>NĐT.32.ITA/17</MaSo>
    <NgayBD>2017-12-15T00:00:00</NgayBD>
    <NgayKT>2019-12-14T00:00:00</NgayKT>
    <ChuGiai>Nghị định thư</ChuGiai>
    <NganSach>3805</NganSach>
    <KPDC>1516</KPDC>
    <KPQT>0</KPQT>
    <TinhTrang>Đang thực hiện</TinhTrang>
  </NCKH_DeTai>
  <NCKH_DeTai>
    <HoSoId>1710</HoSoId>
    <MaSo>VT-CN.03/18-20</MaSo>
    <NgayBD>2018-04-15T00:00:00</NgayBD>
    <NgayKT>2020-04-14T00:00:00</NgayKT>
    <ChuGiai>KC</ChuGiai>
    <NganSach>6350</NganSach>
    <KPDC>0</KPDC>
    <KPQT>0</KPQT>
    <TinhTrang>Đang thực hiện</TinhTrang>
  </NCKH_DeTai>
  <NCKH_DeTai>
    <HoSoId>1716</HoSoId>
    <MaSo>T2017-PC-113</MaSo>
    <NgayBD>2017-11-01T00:00:00</NgayBD>
    <NgayKT>2018-10-01T00:00:00</NgayKT>
    <ChuGiai>Trường phân cấp</ChuGiai>
    <NganSach>50</NganSach>
    <KPDC>0</KPDC>
    <KPQT>0</KPQT>
    <TinhTrang>Chưa nghiệm thu</TinhTrang>
  </NCKH_DeTai>
  <NCKH_DeTai>
    <HoSoId>1756</HoSoId>
    <MaSo>T2016-PC-109</MaSo>
    <NgayBD>2016-08-01T00:00:00</NgayBD>
    <NgayKT>2017-07-31T00:00:00</NgayKT>
    <ChuGiai>Trường phân cấp</ChuGiai>
    <NganSach>30</NganSach>
    <KPDC>30</KPDC>
    <KPQT>0</KPQT>
    <TinhTrang>Đã nghiệm thu các cấp</TinhTrang>
    <NgayNT>2017-07-27</NgayNT>
  </NCKH_DeTai>
  <NCKH_DeTai>
    <HoSoId>1781</HoSoId>
    <MaSo>123</MaSo>
    <NgayBD>2018-07-01T00:00:00</NgayBD>
    <NgayKT>2018-07-01T00:00:00</NgayKT>
    <ChuGiai>khong</ChuGiai>
    <NganSach>30</NganSach>
    <KPDC>0</KPDC>
    <KPQT>0</KPQT>
    <TinhTrang>Đang thực hiện</TinhTrang>
  </NCKH_DeTai>
  <NCKH_DeTai>
    <HoSoId>1787</HoSoId>
    <MaSo>T2016-LN-15</MaSo>
    <NgayBD>2016-10-01T00:00:00</NgayBD>
    <NgayKT>2017-09-30T00:00:00</NgayKT>
    <ChuGiai>Trường liên ngành</ChuGiai>
    <NganSach>80000000</NganSach>
    <KPDC>0</KPDC>
    <KPQT>0</KPQT>
    <TinhTrang>Đã nghiệm thu các cấp</TinhTrang>
  </NCKH_DeTai>
  <NCKH_DeTai>
    <HoSoId>1800</HoSoId>
    <MaSo>11-18VN01</MaSo>
    <NgayBD>2018-04-01T00:00:00</NgayBD>
    <NgayKT>2018-08-31T00:00:00</NgayKT>
    <ChuGiai>Đề tài DSQ Czech</ChuGiai>
    <NganSach>200</NganSach>
    <KPDC>100</KPDC>
    <KPQT>0</KPQT>
    <TinhTrang>Đang thực hiện</TinhTrang>
  </NCKH_DeTai>
  <NCKH_DeTai>
    <HoSoId>1801</HoSoId>
    <MaSo>T2017-PC-114</MaSo>
    <NgayBD>2017-11-01T00:00:00</NgayBD>
    <NgayKT>2018-10-31T00:00:00</NgayKT>
    <ChuGiai>Trường phân cấp</ChuGiai>
    <NganSach>50</NganSach>
    <KPDC>0</KPDC>
    <KPQT>0</KPQT>
    <TinhTrang>Đang thực hiện</TinhTrang>
  </NCKH_DeTai>
  <NCKH_DeTai>
    <HoSoId>1802</HoSoId>
    <MaSo>T2017-L-01</MaSo>
    <NgayBD>2017-12-01T00:00:00</NgayBD>
    <NgayKT>2018-11-30T00:00:00</NgayKT>
    <ChuGiai>Samsung</ChuGiai>
    <NganSach>948406000</NganSach>
    <KPDC>379362499</KPDC>
    <KPQT>0</KPQT>
    <TinhTrang>Đang thực hiện</TinhTrang>
  </NCKH_DeTai>
  <NCKH_DeTai>
    <HoSoId>1803</HoSoId>
    <MaSo>T2017-L-01</MaSo>
    <NgayBD>2017-12-01T00:00:00</NgayBD>
    <NgayKT>2018-11-30T00:00:00</NgayKT>
    <ChuGiai>Trường liên ngành</ChuGiai>
    <NganSach>100</NganSach>
    <KPDC>0</KPDC>
    <KPQT>0</KPQT>
    <TinhTrang>Đang thực hiện</TinhTrang>
  </NCKH_DeTai>
  <NCKH_DeTai>
    <HoSoId>1805</HoSoId>
    <MaSo>T2017-L-01</MaSo>
    <NgayBD>2017-12-01T00:00:00</NgayBD>
    <NgayKT>2018-11-30T00:00:00</NgayKT>
    <ChuGiai>Trường liên ngành</ChuGiai>
    <NganSach>100</NganSach>
    <KPDC>0</KPDC>
    <KPQT>0</KPQT>
    <TinhTrang>Đang thực hiện</TinhTrang>
  </NCKH_DeTai>
  <NCKH_DeTai>
    <HoSoId>1816</HoSoId>
    <MaSo>DFG.102.2014.02</MaSo>
    <NgayBD>2015-05-05T00:00:00</NgayBD>
    <NgayKT>2018-12-31T00:00:00</NgayKT>
    <ChuGiai>NAFOSTED/DFG</ChuGiai>
    <NganSach>683</NganSach>
    <KPDC>100</KPDC>
    <KPQT>0</KPQT>
    <TinhTrang>Đang thực hiện</TinhTrang>
  </NCKH_DeTai>
  <NCKH_DeTai>
    <HoSoId>1840</HoSoId>
    <MaSo>B2016 - BKA - 07</MaSo>
    <NgayBD>2017-01-01T00:00:00</NgayBD>
    <NgayKT>2017-12-31T00:00:00</NgayKT>
    <ChuGiai>Bộ Giáo dục và đào tạo</ChuGiai>
    <NganSach>350</NganSach>
    <KPDC>350</KPDC>
    <KPQT>350</KPQT>
    <TinhTrang>Đã nghiệm thu cơ sở</TinhTrang>
    <NgayNT>undefined-undefined-2017-12-28</NgayNT>
  </NCKH_DeTai>
  <NCKH_DeTai>
    <HoSoId>1910</HoSoId>
    <MaSo>T2016-LN-15</MaSo>
    <NgayBD>2016-10-01T00:00:00</NgayBD>
    <NgayKT>2017-09-30T00:00:00</NgayKT>
    <ChuGiai>Trường liên ngành</ChuGiai>
    <NganSach>80</NganSach>
    <KPDC>0</KPDC>
    <KPQT>0</KPQT>
    <TinhTrang>Đã nghiệm thu các cấp</TinhTrang>
  </NCKH_DeTai>
</data>