﻿<?xml version="1.0" encoding="utf-8"?>
<data>
  <NCKH_XuLy>
    <Id>13</Id>
    <HoSoId>52</HoSoId>
    <YeuCau>KeKhai</YeuCau>
    <GiangVienId>47</GiangVienId>
    <Ngay>2017-02-26T23:20:39.4247758</Ngay>
    <KetQuaId>1</KetQuaId>
  </NCKH_XuLy>
  <NCKH_XuLy>
    <Id>20</Id>
    <HoSoId>529</HoSoId>
    <YeuCau>KeKhai</YeuCau>
    <GiangVienId>47</GiangVienId>
    <Ngay>2017-03-30T09:16:08.1993312</Ngay>
    <KetQuaId>0</KetQuaId>
    <GhiChu>Hi anh Kiên,&lt;div&gt;&lt;br/&gt;&lt;/div&gt;&lt;div&gt;Danh mục kỷ yếu cho bài báo này anh đang đăng ký chưa đúng ạ? Anh chuyển cho em sang Kỷ yếu hội thảo trong nước nhé.&lt;/div&gt;&lt;div&gt;&lt;/div&gt;&lt;div&gt;Thanks&lt;/div&gt;&lt;div&gt;&lt;/div&gt;&lt;div&gt;Trương Thu Hương&lt;/div&gt;</GhiChu>
  </NCKH_XuLy>
  <NCKH_XuLy>
    <Id>23</Id>
    <HoSoId>430</HoSoId>
    <YeuCau>KeKhai</YeuCau>
    <GiangVienId>47</GiangVienId>
    <Ngay>2017-03-30T10:13:30.1173856</Ngay>
    <KetQuaId>1</KetQuaId>
  </NCKH_XuLy>
  <NCKH_XuLy>
    <Id>26</Id>
    <HoSoId>75</HoSoId>
    <YeuCau>KeKhai</YeuCau>
    <GiangVienId>47</GiangVienId>
    <Ngay>2017-03-30T10:22:58.0589835</Ngay>
    <KetQuaId>1</KetQuaId>
  </NCKH_XuLy>
  <NCKH_XuLy>
    <Id>27</Id>
    <HoSoId>555</HoSoId>
    <YeuCau>KeKhai</YeuCau>
    <GiangVienId>47</GiangVienId>
    <Ngay>2017-03-30T10:25:06.0436084</Ngay>
    <KetQuaId>1</KetQuaId>
  </NCKH_XuLy>
  <NCKH_XuLy>
    <Id>28</Id>
    <HoSoId>538</HoSoId>
    <YeuCau>KeKhai</YeuCau>
    <GiangVienId>47</GiangVienId>
    <Ngay>2017-03-30T10:26:20.363139</Ngay>
    <KetQuaId>1</KetQuaId>
  </NCKH_XuLy>
  <NCKH_XuLy>
    <Id>29</Id>
    <HoSoId>547</HoSoId>
    <YeuCau>KeKhai</YeuCau>
    <GiangVienId>47</GiangVienId>
    <Ngay>2017-03-30T10:29:12.3554412</Ngay>
    <KetQuaId>1</KetQuaId>
  </NCKH_XuLy>
  <NCKH_XuLy>
    <Id>33</Id>
    <HoSoId>533</HoSoId>
    <YeuCau>KeKhai</YeuCau>
    <GiangVienId>47</GiangVienId>
    <Ngay>2017-03-30T14:36:44.7211773</Ngay>
    <KetQuaId>1</KetQuaId>
  </NCKH_XuLy>
  <NCKH_XuLy>
    <Id>34</Id>
    <HoSoId>542</HoSoId>
    <YeuCau>KeKhai</YeuCau>
    <GiangVienId>47</GiangVienId>
    <Ngay>2017-03-30T14:38:37.4801755</Ngay>
    <KetQuaId>1</KetQuaId>
  </NCKH_XuLy>
  <NCKH_XuLy>
    <Id>35</Id>
    <HoSoId>455</HoSoId>
    <YeuCau>KeKhai</YeuCau>
    <GiangVienId>47</GiangVienId>
    <Ngay>2017-03-30T14:42:15.3063582</Ngay>
    <KetQuaId>1</KetQuaId>
  </NCKH_XuLy>
  <NCKH_XuLy>
    <Id>36</Id>
    <HoSoId>442</HoSoId>
    <YeuCau>KeKhai</YeuCau>
    <GiangVienId>47</GiangVienId>
    <Ngay>2017-03-30T14:44:15.0063685</Ngay>
    <KetQuaId>1</KetQuaId>
  </NCKH_XuLy>
  <NCKH_XuLy>
    <Id>588</Id>
    <HoSoId>552</HoSoId>
    <YeuCau>KeKhai</YeuCau>
    <GiangVienId>47</GiangVienId>
    <Ngay>2017-03-30T19:49:17.9479673</Ngay>
    <KetQuaId>1</KetQuaId>
  </NCKH_XuLy>
  <NCKH_XuLy>
    <Id>593</Id>
    <HoSoId>493</HoSoId>
    <YeuCau>KeKhai</YeuCau>
    <GiangVienId>47</GiangVienId>
    <Ngay>2017-03-30T19:51:50.5026354</Ngay>
    <KetQuaId>1</KetQuaId>
  </NCKH_XuLy>
  <NCKH_XuLy>
    <Id>598</Id>
    <HoSoId>488</HoSoId>
    <YeuCau>KeKhai</YeuCau>
    <GiangVienId>47</GiangVienId>
    <Ngay>2017-03-30T20:02:59.7396124</Ngay>
    <KetQuaId>1</KetQuaId>
  </NCKH_XuLy>
  <NCKH_XuLy>
    <Id>602</Id>
    <HoSoId>470</HoSoId>
    <YeuCau>KeKhai</YeuCau>
    <GiangVienId>47</GiangVienId>
    <Ngay>2017-03-30T20:03:41.7660862</Ngay>
    <KetQuaId>1</KetQuaId>
  </NCKH_XuLy>
  <NCKH_XuLy>
    <Id>605</Id>
    <HoSoId>525</HoSoId>
    <YeuCau>KeKhai</YeuCau>
    <GiangVienId>47</GiangVienId>
    <Ngay>2017-03-30T20:06:55.5754297</Ngay>
    <KetQuaId>1</KetQuaId>
  </NCKH_XuLy>
  <NCKH_XuLy>
    <Id>608</Id>
    <HoSoId>558</HoSoId>
    <YeuCau>KeKhai</YeuCau>
    <GiangVienId>47</GiangVienId>
    <Ngay>2017-03-30T20:09:21.9202868</Ngay>
    <KetQuaId>1</KetQuaId>
  </NCKH_XuLy>
  <NCKH_XuLy>
    <Id>612</Id>
    <HoSoId>520</HoSoId>
    <YeuCau>KeKhai</YeuCau>
    <GiangVienId>47</GiangVienId>
    <Ngay>2017-03-30T20:16:07.6965998</Ngay>
    <KetQuaId>1</KetQuaId>
  </NCKH_XuLy>
  <NCKH_XuLy>
    <Id>617</Id>
    <HoSoId>338</HoSoId>
    <YeuCau>KeKhai</YeuCau>
    <GiangVienId>47</GiangVienId>
    <Ngay>2017-03-30T20:26:16.3844692</Ngay>
    <KetQuaId>1</KetQuaId>
  </NCKH_XuLy>
  <NCKH_XuLy>
    <Id>619</Id>
    <HoSoId>277</HoSoId>
    <YeuCau>KeKhai</YeuCau>
    <GiangVienId>47</GiangVienId>
    <Ngay>2017-03-30T20:36:08.8919118</Ngay>
    <KetQuaId>1</KetQuaId>
  </NCKH_XuLy>
  <NCKH_XuLy>
    <Id>625</Id>
    <HoSoId>202</HoSoId>
    <YeuCau>KeKhai</YeuCau>
    <GiangVienId>47</GiangVienId>
    <Ngay>2017-03-30T20:55:22.2285381</Ngay>
    <KetQuaId>0</KetQuaId>
    <GhiChu>Không có đường link minh chứng, không tìm thấy bài này trên IEEExplore. Nếu là poster , xin xoá kê khai</GhiChu>
  </NCKH_XuLy>
  <NCKH_XuLy>
    <Id>628</Id>
    <HoSoId>598</HoSoId>
    <YeuCau>KeKhai</YeuCau>
    <GiangVienId>47</GiangVienId>
    <Ngay>2017-03-30T21:03:39.3112122</Ngay>
    <KetQuaId>1</KetQuaId>
  </NCKH_XuLy>
  <NCKH_XuLy>
    <Id>631</Id>
    <HoSoId>361</HoSoId>
    <YeuCau>KeKhai</YeuCau>
    <GiangVienId>47</GiangVienId>
    <Ngay>2017-03-30T21:11:45.1974678</Ngay>
    <KetQuaId>1</KetQuaId>
  </NCKH_XuLy>
  <NCKH_XuLy>
    <Id>633</Id>
    <HoSoId>42</HoSoId>
    <YeuCau>KeKhai</YeuCau>
    <GiangVienId>47</GiangVienId>
    <Ngay>2017-03-30T21:21:50.3363332</Ngay>
    <KetQuaId>1</KetQuaId>
  </NCKH_XuLy>
  <NCKH_XuLy>
    <Id>636</Id>
    <HoSoId>382</HoSoId>
    <YeuCau>KeKhai</YeuCau>
    <GiangVienId>47</GiangVienId>
    <Ngay>2017-03-30T21:24:30.3468143</Ngay>
    <KetQuaId>0</KetQuaId>
    <GhiChu>Bổ sung minh chứng</GhiChu>
  </NCKH_XuLy>
  <NCKH_XuLy>
    <Id>646</Id>
    <HoSoId>54</HoSoId>
    <YeuCau>KeKhai</YeuCau>
    <GiangVienId>47</GiangVienId>
    <Ngay>2017-03-30T21:47:13.9276178</Ngay>
    <KetQuaId>1</KetQuaId>
  </NCKH_XuLy>
  <NCKH_XuLy>
    <Id>648</Id>
    <HoSoId>148</HoSoId>
    <YeuCau>KeKhai</YeuCau>
    <GiangVienId>47</GiangVienId>
    <Ngay>2017-03-30T21:52:55.9446187</Ngay>
    <KetQuaId>0</KetQuaId>
    <GhiChu>bổ sung tên tác giả Nguyễn Tiến Dũng, và chuyển thành danh mục tạp chí trong nước</GhiChu>
  </NCKH_XuLy>
  <NCKH_XuLy>
    <Id>652</Id>
    <HoSoId>154</HoSoId>
    <YeuCau>KeKhai</YeuCau>
    <GiangVienId>47</GiangVienId>
    <Ngay>2017-03-30T22:04:35.6192492</Ngay>
    <KetQuaId>1</KetQuaId>
  </NCKH_XuLy>
  <NCKH_XuLy>
    <Id>655</Id>
    <HoSoId>156</HoSoId>
    <YeuCau>KeKhai</YeuCau>
    <GiangVienId>47</GiangVienId>
    <Ngay>2017-03-30T22:06:39.6452691</Ngay>
    <KetQuaId>0</KetQuaId>
    <GhiChu>đổi thành danh mục tạp chí trong nước</GhiChu>
  </NCKH_XuLy>
  <NCKH_XuLy>
    <Id>659</Id>
    <HoSoId>33</HoSoId>
    <YeuCau>KeKhai</YeuCau>
    <GiangVienId>47</GiangVienId>
    <Ngay>2017-03-30T22:12:49.3075186</Ngay>
    <KetQuaId>0</KetQuaId>
    <GhiChu>thiếu minh chứng đính kèm</GhiChu>
  </NCKH_XuLy>
  <NCKH_XuLy>
    <Id>660</Id>
    <HoSoId>625</HoSoId>
    <YeuCau>KeKhai</YeuCau>
    <GiangVienId>47</GiangVienId>
    <Ngay>2017-03-30T22:17:05.4619686</Ngay>
    <KetQuaId>1</KetQuaId>
  </NCKH_XuLy>
  <NCKH_XuLy>
    <Id>663</Id>
    <HoSoId>198</HoSoId>
    <YeuCau>KeKhai</YeuCau>
    <GiangVienId>47</GiangVienId>
    <Ngay>2017-03-30T22:20:14.9117015</Ngay>
    <KetQuaId>0</KetQuaId>
    <GhiChu>Nếu em sưả tạp chí của anh sang tạp chí trong nước thì phần minh chứng đính kèm của anh sẽ bị mất. Vì vậy anh sửa lại hộ em cái kê khai này thành Tạp chí trong nước thay vì ISI như hiện nay.&lt;div&gt;&lt;br/&gt;&lt;/div&gt;&lt;div&gt;Trương Thu Hương&lt;/div&gt;</GhiChu>
  </NCKH_XuLy>
  <NCKH_XuLy>
    <Id>670</Id>
    <HoSoId>25</HoSoId>
    <YeuCau>KeKhai</YeuCau>
    <GiangVienId>47</GiangVienId>
    <Ngay>2017-03-30T22:29:32.795282</Ngay>
    <KetQuaId>1</KetQuaId>
  </NCKH_XuLy>
  <NCKH_XuLy>
    <Id>677</Id>
    <HoSoId>55</HoSoId>
    <YeuCau>KeKhai</YeuCau>
    <GiangVienId>47</GiangVienId>
    <Ngay>2017-03-30T22:30:53.5098238</Ngay>
    <KetQuaId>1</KetQuaId>
  </NCKH_XuLy>
  <NCKH_XuLy>
    <Id>680</Id>
    <HoSoId>617</HoSoId>
    <YeuCau>KeKhai</YeuCau>
    <GiangVienId>47</GiangVienId>
    <Ngay>2017-03-30T22:33:37.2989125</Ngay>
    <KetQuaId>1</KetQuaId>
  </NCKH_XuLy>
  <NCKH_XuLy>
    <Id>684</Id>
    <HoSoId>23</HoSoId>
    <YeuCau>KeKhai</YeuCau>
    <GiangVienId>47</GiangVienId>
    <Ngay>2017-03-30T22:35:42.8311347</Ngay>
    <KetQuaId>1</KetQuaId>
  </NCKH_XuLy>
  <NCKH_XuLy>
    <Id>690</Id>
    <HoSoId>209</HoSoId>
    <YeuCau>KeKhai</YeuCau>
    <GiangVienId>47</GiangVienId>
    <Ngay>2017-03-30T22:40:29.2652379</Ngay>
    <KetQuaId>1</KetQuaId>
  </NCKH_XuLy>
  <NCKH_XuLy>
    <Id>694</Id>
    <HoSoId>212</HoSoId>
    <YeuCau>KeKhai</YeuCau>
    <GiangVienId>47</GiangVienId>
    <Ngay>2017-03-30T22:44:26.2930543</Ngay>
    <KetQuaId>0</KetQuaId>
    <GhiChu>Bổ sung ngân sách&amp;nbsp;</GhiChu>
  </NCKH_XuLy>
  <NCKH_XuLy>
    <Id>697</Id>
    <HoSoId>62</HoSoId>
    <YeuCau>KeKhai</YeuCau>
    <GiangVienId>47</GiangVienId>
    <Ngay>2017-03-30T22:45:02.2199174</Ngay>
    <KetQuaId>1</KetQuaId>
  </NCKH_XuLy>
  <NCKH_XuLy>
    <Id>700</Id>
    <HoSoId>65</HoSoId>
    <YeuCau>KeKhai</YeuCau>
    <GiangVienId>47</GiangVienId>
    <Ngay>2017-03-30T22:45:29.1309647</Ngay>
    <KetQuaId>1</KetQuaId>
  </NCKH_XuLy>
  <NCKH_XuLy>
    <Id>703</Id>
    <HoSoId>198</HoSoId>
    <YeuCau>KeKhai</YeuCau>
    <GiangVienId>47</GiangVienId>
    <Ngay>2017-03-30T22:46:14.2150439</Ngay>
    <KetQuaId>1</KetQuaId>
  </NCKH_XuLy>
  <NCKH_XuLy>
    <Id>706</Id>
    <HoSoId>250</HoSoId>
    <YeuCau>KeKhai</YeuCau>
    <GiangVienId>47</GiangVienId>
    <Ngay>2017-03-30T22:49:07.9243492</Ngay>
    <KetQuaId>1</KetQuaId>
  </NCKH_XuLy>
  <NCKH_XuLy>
    <Id>708</Id>
    <HoSoId>58</HoSoId>
    <YeuCau>KeKhai</YeuCau>
    <GiangVienId>47</GiangVienId>
    <Ngay>2017-03-30T22:49:15.7243629</Ngay>
    <KetQuaId>1</KetQuaId>
  </NCKH_XuLy>
  <NCKH_XuLy>
    <Id>716</Id>
    <HoSoId>196</HoSoId>
    <YeuCau>KeKhai</YeuCau>
    <GiangVienId>47</GiangVienId>
    <Ngay>2017-03-30T23:01:19.5790358</Ngay>
    <KetQuaId>1</KetQuaId>
  </NCKH_XuLy>
  <NCKH_XuLy>
    <Id>720</Id>
    <HoSoId>220</HoSoId>
    <YeuCau>KeKhai</YeuCau>
    <GiangVienId>47</GiangVienId>
    <Ngay>2017-03-30T23:02:19.1253405</Ngay>
    <KetQuaId>1</KetQuaId>
  </NCKH_XuLy>
  <NCKH_XuLy>
    <Id>722</Id>
    <HoSoId>63</HoSoId>
    <YeuCau>KeKhai</YeuCau>
    <GiangVienId>47</GiangVienId>
    <Ngay>2017-03-30T23:02:28.8129575</Ngay>
    <KetQuaId>1</KetQuaId>
  </NCKH_XuLy>
  <NCKH_XuLy>
    <Id>724</Id>
    <HoSoId>70</HoSoId>
    <YeuCau>KeKhai</YeuCau>
    <GiangVienId>47</GiangVienId>
    <Ngay>2017-03-30T23:02:54.5374027</Ngay>
    <KetQuaId>1</KetQuaId>
  </NCKH_XuLy>
  <NCKH_XuLy>
    <Id>726</Id>
    <HoSoId>226</HoSoId>
    <YeuCau>KeKhai</YeuCau>
    <GiangVienId>47</GiangVienId>
    <Ngay>2017-03-30T23:03:20.3234505</Ngay>
    <KetQuaId>1</KetQuaId>
  </NCKH_XuLy>
  <NCKH_XuLy>
    <Id>730</Id>
    <HoSoId>231</HoSoId>
    <YeuCau>KeKhai</YeuCau>
    <GiangVienId>47</GiangVienId>
    <Ngay>2017-03-30T23:03:44.6136932</Ngay>
    <KetQuaId>1</KetQuaId>
  </NCKH_XuLy>
  <NCKH_XuLy>
    <Id>732</Id>
    <HoSoId>233</HoSoId>
    <YeuCau>KeKhai</YeuCau>
    <GiangVienId>47</GiangVienId>
    <Ngay>2017-03-30T23:03:55.9549132</Ngay>
    <KetQuaId>1</KetQuaId>
  </NCKH_XuLy>
  <NCKH_XuLy>
    <Id>738</Id>
    <HoSoId>81</HoSoId>
    <YeuCau>KeKhai</YeuCau>
    <GiangVienId>47</GiangVienId>
    <Ngay>2017-03-30T23:05:30.8352799</Ngay>
    <KetQuaId>1</KetQuaId>
  </NCKH_XuLy>
  <NCKH_XuLy>
    <Id>740</Id>
    <HoSoId>85</HoSoId>
    <YeuCau>KeKhai</YeuCau>
    <GiangVienId>47</GiangVienId>
    <Ngay>2017-03-30T23:05:49.4149125</Ngay>
    <KetQuaId>1</KetQuaId>
  </NCKH_XuLy>
  <NCKH_XuLy>
    <Id>749</Id>
    <HoSoId>102</HoSoId>
    <YeuCau>KeKhai</YeuCau>
    <GiangVienId>47</GiangVienId>
    <Ngay>2017-03-30T23:12:59.8386696</Ngay>
    <KetQuaId>1</KetQuaId>
  </NCKH_XuLy>
  <NCKH_XuLy>
    <Id>751</Id>
    <HoSoId>265</HoSoId>
    <YeuCau>KeKhai</YeuCau>
    <GiangVienId>47</GiangVienId>
    <Ngay>2017-03-30T23:13:21.4145075</Ngay>
    <KetQuaId>1</KetQuaId>
  </NCKH_XuLy>
  <NCKH_XuLy>
    <Id>761</Id>
    <HoSoId>268</HoSoId>
    <YeuCau>KeKhai</YeuCau>
    <GiangVienId>47</GiangVienId>
    <Ngay>2017-03-30T23:16:45.5116661</Ngay>
    <KetQuaId>1</KetQuaId>
  </NCKH_XuLy>
  <NCKH_XuLy>
    <Id>764</Id>
    <HoSoId>257</HoSoId>
    <YeuCau>KeKhai</YeuCau>
    <GiangVienId>47</GiangVienId>
    <Ngay>2017-03-30T23:17:14.9343178</Ngay>
    <KetQuaId>1</KetQuaId>
  </NCKH_XuLy>
  <NCKH_XuLy>
    <Id>766</Id>
    <HoSoId>73</HoSoId>
    <YeuCau>KeKhai</YeuCau>
    <GiangVienId>47</GiangVienId>
    <Ngay>2017-03-30T23:18:29.3006485</Ngay>
    <KetQuaId>1</KetQuaId>
  </NCKH_XuLy>
  <NCKH_XuLy>
    <Id>768</Id>
    <HoSoId>258</HoSoId>
    <YeuCau>KeKhai</YeuCau>
    <GiangVienId>47</GiangVienId>
    <Ngay>2017-03-30T23:18:37.4282628</Ngay>
    <KetQuaId>1</KetQuaId>
  </NCKH_XuLy>
  <NCKH_XuLy>
    <Id>770</Id>
    <HoSoId>261</HoSoId>
    <YeuCau>KeKhai</YeuCau>
    <GiangVienId>47</GiangVienId>
    <Ngay>2017-03-30T23:18:49.518284</Ngay>
    <KetQuaId>1</KetQuaId>
  </NCKH_XuLy>
  <NCKH_XuLy>
    <Id>772</Id>
    <HoSoId>103</HoSoId>
    <YeuCau>KeKhai</YeuCau>
    <GiangVienId>47</GiangVienId>
    <Ngay>2017-03-30T23:19:02.4351067</Ngay>
    <KetQuaId>1</KetQuaId>
  </NCKH_XuLy>
  <NCKH_XuLy>
    <Id>774</Id>
    <HoSoId>71</HoSoId>
    <YeuCau>KeKhai</YeuCau>
    <GiangVienId>47</GiangVienId>
    <Ngay>2017-03-30T23:19:18.2545345</Ngay>
    <KetQuaId>1</KetQuaId>
  </NCKH_XuLy>
  <NCKH_XuLy>
    <Id>776</Id>
    <HoSoId>94</HoSoId>
    <YeuCau>KeKhai</YeuCau>
    <GiangVienId>47</GiangVienId>
    <Ngay>2017-03-30T23:19:24.6973459</Ngay>
    <KetQuaId>1</KetQuaId>
  </NCKH_XuLy>
  <NCKH_XuLy>
    <Id>782</Id>
    <HoSoId>95</HoSoId>
    <YeuCau>KeKhai</YeuCau>
    <GiangVienId>47</GiangVienId>
    <Ngay>2017-03-30T23:21:23.4135544</Ngay>
    <KetQuaId>1</KetQuaId>
  </NCKH_XuLy>
  <NCKH_XuLy>
    <Id>784</Id>
    <HoSoId>263</HoSoId>
    <YeuCau>KeKhai</YeuCau>
    <GiangVienId>47</GiangVienId>
    <Ngay>2017-03-30T23:21:55.9552115</Ngay>
    <KetQuaId>1</KetQuaId>
  </NCKH_XuLy>
  <NCKH_XuLy>
    <Id>786</Id>
    <HoSoId>96</HoSoId>
    <YeuCau>KeKhai</YeuCau>
    <GiangVienId>47</GiangVienId>
    <Ngay>2017-03-30T23:22:30.8368728</Ngay>
    <KetQuaId>1</KetQuaId>
  </NCKH_XuLy>
  <NCKH_XuLy>
    <Id>788</Id>
    <HoSoId>105</HoSoId>
    <YeuCau>KeKhai</YeuCau>
    <GiangVienId>47</GiangVienId>
    <Ngay>2017-03-30T23:22:47.9033028</Ngay>
    <KetQuaId>1</KetQuaId>
  </NCKH_XuLy>
  <NCKH_XuLy>
    <Id>790</Id>
    <HoSoId>98</HoSoId>
    <YeuCau>KeKhai</YeuCau>
    <GiangVienId>47</GiangVienId>
    <Ngay>2017-03-30T23:23:18.9483574</Ngay>
    <KetQuaId>1</KetQuaId>
  </NCKH_XuLy>
  <NCKH_XuLy>
    <Id>792</Id>
    <HoSoId>108</HoSoId>
    <YeuCau>KeKhai</YeuCau>
    <GiangVienId>47</GiangVienId>
    <Ngay>2017-03-30T23:23:39.5091935</Ngay>
    <KetQuaId>1</KetQuaId>
  </NCKH_XuLy>
  <NCKH_XuLy>
    <Id>794</Id>
    <HoSoId>109</HoSoId>
    <YeuCau>KeKhai</YeuCau>
    <GiangVienId>47</GiangVienId>
    <Ngay>2017-03-30T23:23:53.0968173</Ngay>
    <KetQuaId>1</KetQuaId>
  </NCKH_XuLy>
  <NCKH_XuLy>
    <Id>796</Id>
    <HoSoId>119</HoSoId>
    <YeuCau>KeKhai</YeuCau>
    <GiangVienId>47</GiangVienId>
    <Ngay>2017-03-30T23:25:27.4009831</Ngay>
    <KetQuaId>1</KetQuaId>
  </NCKH_XuLy>
  <NCKH_XuLy>
    <Id>798</Id>
    <HoSoId>254</HoSoId>
    <YeuCau>KeKhai</YeuCau>
    <GiangVienId>47</GiangVienId>
    <Ngay>2017-03-30T23:25:44.2178126</Ngay>
    <KetQuaId>1</KetQuaId>
  </NCKH_XuLy>
  <NCKH_XuLy>
    <Id>800</Id>
    <HoSoId>112</HoSoId>
    <YeuCau>KeKhai</YeuCau>
    <GiangVienId>47</GiangVienId>
    <Ngay>2017-03-30T23:27:11.0485652</Ngay>
    <KetQuaId>1</KetQuaId>
  </NCKH_XuLy>
  <NCKH_XuLy>
    <Id>802</Id>
    <HoSoId>124</HoSoId>
    <YeuCau>KeKhai</YeuCau>
    <GiangVienId>47</GiangVienId>
    <Ngay>2017-03-30T23:27:32.576603</Ngay>
    <KetQuaId>1</KetQuaId>
  </NCKH_XuLy>
  <NCKH_XuLy>
    <Id>804</Id>
    <HoSoId>104</HoSoId>
    <YeuCau>KeKhai</YeuCau>
    <GiangVienId>47</GiangVienId>
    <Ngay>2017-03-30T23:27:54.0734408</Ngay>
    <KetQuaId>1</KetQuaId>
  </NCKH_XuLy>
  <NCKH_XuLy>
    <Id>806</Id>
    <HoSoId>126</HoSoId>
    <YeuCau>KeKhai</YeuCau>
    <GiangVienId>47</GiangVienId>
    <Ngay>2017-03-30T23:28:22.8866914</Ngay>
    <KetQuaId>1</KetQuaId>
  </NCKH_XuLy>
  <NCKH_XuLy>
    <Id>808</Id>
    <HoSoId>129</HoSoId>
    <YeuCau>KeKhai</YeuCau>
    <GiangVienId>47</GiangVienId>
    <Ngay>2017-03-30T23:28:47.0199337</Ngay>
    <KetQuaId>1</KetQuaId>
  </NCKH_XuLy>
  <NCKH_XuLy>
    <Id>810</Id>
    <HoSoId>633</HoSoId>
    <YeuCau>KeKhai</YeuCau>
    <GiangVienId>47</GiangVienId>
    <Ngay>2017-03-30T23:30:33.6783211</Ngay>
    <KetQuaId>1</KetQuaId>
  </NCKH_XuLy>
  <NCKH_XuLy>
    <Id>812</Id>
    <HoSoId>132</HoSoId>
    <YeuCau>KeKhai</YeuCau>
    <GiangVienId>47</GiangVienId>
    <Ngay>2017-03-30T23:30:47.2971451</Ngay>
    <KetQuaId>1</KetQuaId>
  </NCKH_XuLy>
  <NCKH_XuLy>
    <Id>816</Id>
    <HoSoId>136</HoSoId>
    <YeuCau>KeKhai</YeuCau>
    <GiangVienId>47</GiangVienId>
    <Ngay>2017-03-30T23:32:35.1549371</Ngay>
    <KetQuaId>1</KetQuaId>
  </NCKH_XuLy>
  <NCKH_XuLy>
    <Id>818</Id>
    <HoSoId>138</HoSoId>
    <YeuCau>KeKhai</YeuCau>
    <GiangVienId>47</GiangVienId>
    <Ngay>2017-03-30T23:32:56.5591747</Ngay>
    <KetQuaId>1</KetQuaId>
  </NCKH_XuLy>
  <NCKH_XuLy>
    <Id>820</Id>
    <HoSoId>141</HoSoId>
    <YeuCau>KeKhai</YeuCau>
    <GiangVienId>47</GiangVienId>
    <Ngay>2017-03-30T23:33:05.9191911</Ngay>
    <KetQuaId>1</KetQuaId>
  </NCKH_XuLy>
  <NCKH_XuLy>
    <Id>822</Id>
    <HoSoId>143</HoSoId>
    <YeuCau>KeKhai</YeuCau>
    <GiangVienId>47</GiangVienId>
    <Ngay>2017-03-30T23:33:21.3008182</Ngay>
    <KetQuaId>1</KetQuaId>
  </NCKH_XuLy>
  <NCKH_XuLy>
    <Id>841</Id>
    <HoSoId>190</HoSoId>
    <YeuCau>KeKhai</YeuCau>
    <GiangVienId>47</GiangVienId>
    <Ngay>2017-03-30T23:36:26.483144</Ngay>
    <KetQuaId>1</KetQuaId>
  </NCKH_XuLy>
  <NCKH_XuLy>
    <Id>844</Id>
    <HoSoId>193</HoSoId>
    <YeuCau>KeKhai</YeuCau>
    <GiangVienId>47</GiangVienId>
    <Ngay>2017-03-30T23:36:45.1407767</Ngay>
    <KetQuaId>1</KetQuaId>
  </NCKH_XuLy>
  <NCKH_XuLy>
    <Id>852</Id>
    <HoSoId>652</HoSoId>
    <YeuCau>KeKhai</YeuCau>
    <GiangVienId>47</GiangVienId>
    <Ngay>2017-03-31T00:02:43.7453163</Ngay>
    <KetQuaId>1</KetQuaId>
  </NCKH_XuLy>
  <NCKH_XuLy>
    <Id>857</Id>
    <HoSoId>655</HoSoId>
    <YeuCau>XinSua</YeuCau>
    <GiangVienId>47</GiangVienId>
    <Ngay>2017-03-31T06:30:17.2202192</Ngay>
    <KetQuaId>1</KetQuaId>
  </NCKH_XuLy>
  <NCKH_XuLy>
    <Id>860</Id>
    <HoSoId>660</HoSoId>
    <YeuCau>KeKhai</YeuCau>
    <GiangVienId>47</GiangVienId>
    <Ngay>2017-03-31T12:47:42.0848606</Ngay>
    <KetQuaId>0</KetQuaId>
    <GhiChu>Thiếu bìa trang báo.Mục lục và thân bài báo cần có số trang và số hiệu của tạp chí. Các file nên được nối với nhau thành 1 file pdf duy nhất</GhiChu>
  </NCKH_XuLy>
  <NCKH_XuLy>
    <Id>872</Id>
    <HoSoId>33</HoSoId>
    <YeuCau>KeKhai</YeuCau>
    <GiangVienId>47</GiangVienId>
    <Ngay>2017-03-31T22:26:47.2311755</Ngay>
    <KetQuaId>1</KetQuaId>
  </NCKH_XuLy>
  <NCKH_XuLy>
    <Id>875</Id>
    <HoSoId>703</HoSoId>
    <YeuCau>KeKhai</YeuCau>
    <GiangVienId>47</GiangVienId>
    <Ngay>2017-03-31T22:42:43.8912603</Ngay>
    <KetQuaId>1</KetQuaId>
  </NCKH_XuLy>
  <NCKH_XuLy>
    <Id>881</Id>
    <HoSoId>687</HoSoId>
    <YeuCau>KeKhai</YeuCau>
    <GiangVienId>47</GiangVienId>
    <Ngay>2017-03-31T22:43:55.6513863</Ngay>
    <KetQuaId>1</KetQuaId>
  </NCKH_XuLy>
  <NCKH_XuLy>
    <Id>883</Id>
    <HoSoId>680</HoSoId>
    <YeuCau>KeKhai</YeuCau>
    <GiangVienId>47</GiangVienId>
    <Ngay>2017-03-31T22:45:45.0709786</Ngay>
    <KetQuaId>1</KetQuaId>
  </NCKH_XuLy>
  <NCKH_XuLy>
    <Id>887</Id>
    <HoSoId>660</HoSoId>
    <YeuCau>KeKhai</YeuCau>
    <GiangVienId>47</GiangVienId>
    <Ngay>2017-03-31T22:50:52.8303192</Ngay>
    <KetQuaId>0</KetQuaId>
    <GhiChu>Để treo kê khai. Khi nào tạp chí lên số chính thức, nhóm tác giả sẽ bổ sung các thông tin và phần minh chứng đính kèm. Kê khai này sẽ được tính vào lần kê khai KL NCKH vào khoảng tháng 8/2017 tới</GhiChu>
  </NCKH_XuLy>
  <NCKH_XuLy>
    <Id>890</Id>
    <HoSoId>726</HoSoId>
    <YeuCau>KeKhai</YeuCau>
    <GiangVienId>47</GiangVienId>
    <Ngay>2017-04-03T14:01:29.4757377</Ngay>
    <KetQuaId>1</KetQuaId>
  </NCKH_XuLy>
  <NCKH_XuLy>
    <Id>893</Id>
    <HoSoId>722</HoSoId>
    <YeuCau>KeKhai</YeuCau>
    <GiangVienId>47</GiangVienId>
    <Ngay>2017-04-03T14:02:05.7614014</Ngay>
    <KetQuaId>1</KetQuaId>
  </NCKH_XuLy>
  <NCKH_XuLy>
    <Id>896</Id>
    <HoSoId>738</HoSoId>
    <YeuCau>KeKhai</YeuCau>
    <GiangVienId>47</GiangVienId>
    <Ngay>2017-04-04T07:24:19.0719759</Ngay>
    <KetQuaId>1</KetQuaId>
  </NCKH_XuLy>
  <NCKH_XuLy>
    <Id>899</Id>
    <HoSoId>740</HoSoId>
    <YeuCau>KeKhai</YeuCau>
    <GiangVienId>47</GiangVienId>
    <Ngay>2017-04-04T07:30:40.2978459</Ngay>
    <KetQuaId>0</KetQuaId>
    <GhiChu>Tạp chí này em check cả cái số ISSN dang print và online, thì chỉ có dạng print ISSN thuộc danh mục Scopus thôi anh ạ. Tạp chí này em không thấy trên index của ISI&lt;div&gt;&lt;br/&gt;&lt;/div&gt;&lt;div&gt;&lt;b style="color: rgb(34, 34, 34); font-family: ariel, sans-serif; font-size: 12px;"&gt;ISSN print:&lt;/b&gt;&lt;span style="color: rgb(34, 34, 34); font-family: ariel, sans-serif; font-size: 12px;"&gt;&amp;nbsp;1741-1084&lt;/span&gt;&lt;br/&gt;&lt;/div&gt;&lt;div&gt;&lt;span style="color: rgb(34, 34, 34); font-family: ariel, sans-serif; font-size: 12px;"&gt;&lt;br/&gt;&lt;/span&gt;&lt;/div&gt;&lt;div&gt;&lt;font color="#222222" face="ariel, sans-serif"&gt;&lt;span style="font-size: 12.000000953674316px;"&gt;Anh gửi cho em minh chứng đường link nào khác khẳng định cái này là ISI nhé, nếu không thì anh chuyển sang cho em thành danh mục tạp chí Scopus ạ&lt;/span&gt;&lt;/font&gt;&lt;/div&gt;&lt;div&gt;&lt;font color="#222222" face="ariel, sans-serif"&gt;&lt;span style="font-size: 12.000000953674316px;"&gt;&lt;br/&gt;&lt;/span&gt;&lt;/font&gt;&lt;/div&gt;&lt;div&gt;&lt;font color="#222222" face="ariel, sans-serif"&gt;&lt;span style="font-size: 12.000000953674316px;"&gt;Hương&lt;/span&gt;&lt;/font&gt;&lt;/div&gt;</GhiChu>
  </NCKH_XuLy>
  <NCKH_XuLy>
    <Id>902</Id>
    <HoSoId>588</HoSoId>
    <YeuCau>KeKhai</YeuCau>
    <GiangVienId>47</GiangVienId>
    <Ngay>2017-04-04T07:34:45.9272777</Ngay>
    <KetQuaId>1</KetQuaId>
  </NCKH_XuLy>
  <NCKH_XuLy>
    <Id>927</Id>
    <HoSoId>810</HoSoId>
    <YeuCau>KeKhai</YeuCau>
    <GiangVienId>47</GiangVienId>
    <Ngay>2017-06-25T21:29:14.8159157</Ngay>
    <KetQuaId>1</KetQuaId>
  </NCKH_XuLy>
  <NCKH_XuLy>
    <Id>929</Id>
    <HoSoId>806</HoSoId>
    <YeuCau>KeKhai</YeuCau>
    <GiangVienId>47</GiangVienId>
    <Ngay>2017-06-25T21:31:15.7317281</Ngay>
    <KetQuaId>1</KetQuaId>
  </NCKH_XuLy>
  <NCKH_XuLy>
    <Id>931</Id>
    <HoSoId>802</HoSoId>
    <YeuCau>KeKhai</YeuCau>
    <GiangVienId>47</GiangVienId>
    <Ngay>2017-06-25T21:39:50.9452334</Ngay>
    <KetQuaId>1</KetQuaId>
  </NCKH_XuLy>
  <NCKH_XuLy>
    <Id>933</Id>
    <HoSoId>798</HoSoId>
    <YeuCau>KeKhai</YeuCau>
    <GiangVienId>47</GiangVienId>
    <Ngay>2017-06-25T21:44:23.8989128</Ngay>
    <KetQuaId>1</KetQuaId>
  </NCKH_XuLy>
  <NCKH_XuLy>
    <Id>935</Id>
    <HoSoId>794</HoSoId>
    <YeuCau>KeKhai</YeuCau>
    <GiangVienId>47</GiangVienId>
    <Ngay>2017-06-25T21:55:18.0850661</Ngay>
    <KetQuaId>1</KetQuaId>
  </NCKH_XuLy>
  <NCKH_XuLy>
    <Id>937</Id>
    <HoSoId>790</HoSoId>
    <YeuCau>KeKhai</YeuCau>
    <GiangVienId>47</GiangVienId>
    <Ngay>2017-06-25T21:59:44.2849337</Ngay>
    <KetQuaId>1</KetQuaId>
  </NCKH_XuLy>
  <NCKH_XuLy>
    <Id>939</Id>
    <HoSoId>786</HoSoId>
    <YeuCau>KeKhai</YeuCau>
    <GiangVienId>47</GiangVienId>
    <Ngay>2017-06-25T22:36:29.8474127</Ngay>
    <KetQuaId>1</KetQuaId>
  </NCKH_XuLy>
  <NCKH_XuLy>
    <Id>941</Id>
    <HoSoId>782</HoSoId>
    <YeuCau>KeKhai</YeuCau>
    <GiangVienId>47</GiangVienId>
    <Ngay>2017-06-25T22:39:42.9349522</Ngay>
    <KetQuaId>0</KetQuaId>
    <GhiChu>Em chọn đường link minh chứng khác để dẫn thẳng vào bài báo đi, cái link này chỉ ra trang chung thôi&lt;div&gt;&lt;br/&gt;&lt;/div&gt;&lt;div&gt;chị Hương&lt;/div&gt;</GhiChu>
  </NCKH_XuLy>
  <NCKH_XuLy>
    <Id>943</Id>
    <HoSoId>778</HoSoId>
    <YeuCau>KeKhai</YeuCau>
    <GiangVienId>47</GiangVienId>
    <Ngay>2017-06-25T22:41:19.016521</Ngay>
    <KetQuaId>1</KetQuaId>
  </NCKH_XuLy>
  <NCKH_XuLy>
    <Id>945</Id>
    <HoSoId>774</HoSoId>
    <YeuCau>KeKhai</YeuCau>
    <GiangVienId>47</GiangVienId>
    <Ngay>2017-06-25T22:47:14.1989449</Ngay>
    <KetQuaId>1</KetQuaId>
  </NCKH_XuLy>
  <NCKH_XuLy>
    <Id>947</Id>
    <HoSoId>770</HoSoId>
    <YeuCau>KeKhai</YeuCau>
    <GiangVienId>47</GiangVienId>
    <Ngay>2017-06-25T22:48:22.542665</Ngay>
    <KetQuaId>1</KetQuaId>
  </NCKH_XuLy>
  <NCKH_XuLy>
    <Id>948</Id>
    <HoSoId>766</HoSoId>
    <YeuCau>KeKhai</YeuCau>
    <GiangVienId>47</GiangVienId>
    <Ngay>2017-06-25T22:48:48.1267099</Ngay>
    <KetQuaId>1</KetQuaId>
  </NCKH_XuLy>
  <NCKH_XuLy>
    <Id>949</Id>
    <HoSoId>768</HoSoId>
    <YeuCau>KeKhai</YeuCau>
    <GiangVienId>47</GiangVienId>
    <Ngay>2017-06-25T22:49:11.6993513</Ngay>
    <KetQuaId>1</KetQuaId>
  </NCKH_XuLy>
  <NCKH_XuLy>
    <Id>967</Id>
    <HoSoId>852</HoSoId>
    <YeuCau>KeKhai</YeuCau>
    <GiangVienId>47</GiangVienId>
    <Ngay>2017-06-27T21:50:18.7364147</Ngay>
    <KetQuaId>1</KetQuaId>
  </NCKH_XuLy>
  <NCKH_XuLy>
    <Id>969</Id>
    <HoSoId>878</HoSoId>
    <YeuCau>KeKhai</YeuCau>
    <GiangVienId>47</GiangVienId>
    <Ngay>2017-06-27T21:53:19.7279326</Ngay>
    <KetQuaId>1</KetQuaId>
  </NCKH_XuLy>
  <NCKH_XuLy>
    <Id>972</Id>
    <HoSoId>927</HoSoId>
    <YeuCau>KeKhai</YeuCau>
    <GiangVienId>47</GiangVienId>
    <Ngay>2017-06-27T21:56:25.5876591</Ngay>
    <KetQuaId>1</KetQuaId>
  </NCKH_XuLy>
  <NCKH_XuLy>
    <Id>975</Id>
    <HoSoId>885</HoSoId>
    <YeuCau>KeKhai</YeuCau>
    <GiangVienId>47</GiangVienId>
    <Ngay>2017-06-27T21:59:27.686779</Ngay>
    <KetQuaId>0</KetQuaId>
    <GhiChu>Cái link em gửi không đọc được em ạ&lt;div&gt;&lt;br/&gt;&lt;/div&gt;&lt;div&gt;Hương&lt;/div&gt;</GhiChu>
  </NCKH_XuLy>
  <NCKH_XuLy>
    <Id>978</Id>
    <HoSoId>749</HoSoId>
    <YeuCau>KeKhai</YeuCau>
    <GiangVienId>47</GiangVienId>
    <Ngay>2017-06-27T22:01:35.809804</Ngay>
    <KetQuaId>1</KetQuaId>
  </NCKH_XuLy>
  <NCKH_XuLy>
    <Id>980</Id>
    <HoSoId>945</HoSoId>
    <YeuCau>KeKhai</YeuCau>
    <GiangVienId>47</GiangVienId>
    <Ngay>2017-06-29T08:28:50.1750923</Ngay>
    <KetQuaId>1</KetQuaId>
  </NCKH_XuLy>
  <NCKH_XuLy>
    <Id>983</Id>
    <HoSoId>931</HoSoId>
    <YeuCau>KeKhai</YeuCau>
    <GiangVienId>47</GiangVienId>
    <Ngay>2017-06-29T09:09:29.6927814</Ngay>
    <KetQuaId>1</KetQuaId>
  </NCKH_XuLy>
  <NCKH_XuLy>
    <Id>986</Id>
    <HoSoId>941</HoSoId>
    <YeuCau>KeKhai</YeuCau>
    <GiangVienId>47</GiangVienId>
    <Ngay>2017-06-29T09:12:01.7774486</Ngay>
    <KetQuaId>1</KetQuaId>
  </NCKH_XuLy>
  <NCKH_XuLy>
    <Id>989</Id>
    <HoSoId>782</HoSoId>
    <YeuCau>KeKhai</YeuCau>
    <GiangVienId>47</GiangVienId>
    <Ngay>2017-07-02T20:49:22.2606209</Ngay>
    <KetQuaId>1</KetQuaId>
  </NCKH_XuLy>
  <NCKH_XuLy>
    <Id>992</Id>
    <HoSoId>935</HoSoId>
    <YeuCau>KeKhai</YeuCau>
    <GiangVienId>47</GiangVienId>
    <Ngay>2017-07-02T20:52:23.89274</Ngay>
    <KetQuaId>1</KetQuaId>
  </NCKH_XuLy>
  <NCKH_XuLy>
    <Id>995</Id>
    <HoSoId>947</HoSoId>
    <YeuCau>KeKhai</YeuCau>
    <GiangVienId>47</GiangVienId>
    <Ngay>2017-07-02T20:59:09.4934524</Ngay>
    <KetQuaId>1</KetQuaId>
  </NCKH_XuLy>
  <NCKH_XuLy>
    <Id>1000</Id>
    <HoSoId>978</HoSoId>
    <YeuCau>KeKhai</YeuCau>
    <GiangVienId>47</GiangVienId>
    <Ngay>2017-07-02T21:04:52.4610548</Ngay>
    <KetQuaId>1</KetQuaId>
  </NCKH_XuLy>
  <NCKH_XuLy>
    <Id>1031</Id>
    <HoSoId>1077</HoSoId>
    <YeuCau>KeKhai</YeuCau>
    <GiangVienId>47</GiangVienId>
    <Ngay>2017-07-07T10:29:55.5374014</Ngay>
    <KetQuaId>1</KetQuaId>
  </NCKH_XuLy>
  <NCKH_XuLy>
    <Id>1033</Id>
    <HoSoId>1050</HoSoId>
    <YeuCau>KeKhai</YeuCau>
    <GiangVienId>47</GiangVienId>
    <Ngay>2017-07-07T10:34:52.0793223</Ngay>
    <KetQuaId>1</KetQuaId>
  </NCKH_XuLy>
  <NCKH_XuLy>
    <Id>1036</Id>
    <HoSoId>1044</HoSoId>
    <YeuCau>KeKhai</YeuCau>
    <GiangVienId>47</GiangVienId>
    <Ngay>2017-07-07T10:37:53.9912418</Ngay>
    <KetQuaId>1</KetQuaId>
  </NCKH_XuLy>
  <NCKH_XuLy>
    <Id>1040</Id>
    <HoSoId>1059</HoSoId>
    <YeuCau>KeKhai</YeuCau>
    <GiangVienId>47</GiangVienId>
    <Ngay>2017-07-07T10:47:36.8770669</Ngay>
    <KetQuaId>1</KetQuaId>
  </NCKH_XuLy>
  <NCKH_XuLy>
    <Id>1044</Id>
    <HoSoId>1066</HoSoId>
    <YeuCau>KeKhai</YeuCau>
    <GiangVienId>47</GiangVienId>
    <Ngay>2017-07-07T10:49:38.24528</Ngay>
    <KetQuaId>1</KetQuaId>
  </NCKH_XuLy>
  <NCKH_XuLy>
    <Id>1047</Id>
    <HoSoId>1085</HoSoId>
    <YeuCau>KeKhai</YeuCau>
    <GiangVienId>47</GiangVienId>
    <Ngay>2017-07-07T11:30:59.9738458</Ngay>
    <KetQuaId>1</KetQuaId>
  </NCKH_XuLy>
  <NCKH_XuLy>
    <Id>1050</Id>
    <HoSoId>1064</HoSoId>
    <YeuCau>KeKhai</YeuCau>
    <GiangVienId>47</GiangVienId>
    <Ngay>2017-07-07T12:20:08.4452308</Ngay>
    <KetQuaId>1</KetQuaId>
  </NCKH_XuLy>
  <NCKH_XuLy>
    <Id>1054</Id>
    <HoSoId>1115</HoSoId>
    <YeuCau>KeKhai</YeuCau>
    <GiangVienId>47</GiangVienId>
    <Ngay>2017-07-10T11:00:14.9622347</Ngay>
    <KetQuaId>1</KetQuaId>
  </NCKH_XuLy>
  <NCKH_XuLy>
    <Id>1059</Id>
    <HoSoId>13</HoSoId>
    <YeuCau>XinSua</YeuCau>
    <GiangVienId>47</GiangVienId>
    <Ngay>2017-08-12T07:43:06.3569112</Ngay>
    <KetQuaId>1</KetQuaId>
  </NCKH_XuLy>
  <NCKH_XuLy>
    <Id>1064</Id>
    <HoSoId>669</HoSoId>
    <YeuCau>KeKhai</YeuCau>
    <GiangVienId>47</GiangVienId>
    <Ngay>2017-08-13T23:53:04.3680842</Ngay>
    <KetQuaId>1</KetQuaId>
  </NCKH_XuLy>
  <NCKH_XuLy>
    <Id>1068</Id>
    <HoSoId>1146</HoSoId>
    <YeuCau>KeKhai</YeuCau>
    <GiangVienId>47</GiangVienId>
    <Ngay>2017-08-14T00:00:50.3253026</Ngay>
    <KetQuaId>1</KetQuaId>
  </NCKH_XuLy>
  <NCKH_XuLy>
    <Id>1073</Id>
    <HoSoId>13</HoSoId>
    <YeuCau>KeKhai</YeuCau>
    <GiangVienId>47</GiangVienId>
    <Ngay>2017-08-14T00:16:01.8973037</Ngay>
    <KetQuaId>1</KetQuaId>
  </NCKH_XuLy>
  <NCKH_XuLy>
    <Id>1077</Id>
    <HoSoId>1126</HoSoId>
    <YeuCau>KeKhai</YeuCau>
    <GiangVienId>47</GiangVienId>
    <Ngay>2017-08-14T00:22:36.8431974</Ngay>
    <KetQuaId>0</KetQuaId>
    <GhiChu>Tương tự, anh gửi cho em minh chứng gì là báo đã được xuất bản cái ạ&lt;div&gt;&lt;br/&gt;&lt;/div&gt;&lt;div&gt;&lt;br/&gt;&lt;/div&gt;</GhiChu>
  </NCKH_XuLy>
  <NCKH_XuLy>
    <Id>1079</Id>
    <HoSoId>1174</HoSoId>
    <YeuCau>KeKhai</YeuCau>
    <GiangVienId>47</GiangVienId>
    <Ngay>2017-08-14T00:54:42.5885798</Ngay>
    <KetQuaId>1</KetQuaId>
  </NCKH_XuLy>
  <NCKH_XuLy>
    <Id>1081</Id>
    <HoSoId>1167</HoSoId>
    <YeuCau>KeKhai</YeuCau>
    <GiangVienId>47</GiangVienId>
    <Ngay>2017-08-14T10:54:56.7182352</Ngay>
    <KetQuaId>1</KetQuaId>
  </NCKH_XuLy>
  <NCKH_XuLy>
    <Id>1083</Id>
    <HoSoId>13</HoSoId>
    <YeuCau>KeKhai</YeuCau>
    <GiangVienId>47</GiangVienId>
    <Ngay>2017-08-14T11:03:27.1043317</Ngay>
    <KetQuaId>1</KetQuaId>
  </NCKH_XuLy>
  <NCKH_XuLy>
    <Id>1085</Id>
    <HoSoId>1128</HoSoId>
    <YeuCau>KeKhai</YeuCau>
    <GiangVienId>47</GiangVienId>
    <Ngay>2017-08-14T11:17:10.4269778</Ngay>
    <KetQuaId>1</KetQuaId>
  </NCKH_XuLy>
  <NCKH_XuLy>
    <Id>1086</Id>
    <HoSoId>1146</HoSoId>
    <YeuCau>XinSua</YeuCau>
    <GiangVienId>47</GiangVienId>
    <Ngay>2017-08-14T11:31:12.7972573</Ngay>
    <KetQuaId>1</KetQuaId>
  </NCKH_XuLy>
  <NCKH_XuLy>
    <Id>1089</Id>
    <HoSoId>1184</HoSoId>
    <YeuCau>KeKhai</YeuCau>
    <GiangVienId>47</GiangVienId>
    <Ngay>2017-08-15T14:11:16.9682576</Ngay>
    <KetQuaId>1</KetQuaId>
  </NCKH_XuLy>
  <NCKH_XuLy>
    <Id>1092</Id>
    <HoSoId>1188</HoSoId>
    <YeuCau>KeKhai</YeuCau>
    <GiangVienId>47</GiangVienId>
    <Ngay>2017-08-15T15:05:15.1283452</Ngay>
    <KetQuaId>1</KetQuaId>
  </NCKH_XuLy>
  <NCKH_XuLy>
    <Id>1095</Id>
    <HoSoId>1199</HoSoId>
    <YeuCau>KeKhai</YeuCau>
    <GiangVienId>47</GiangVienId>
    <Ngay>2018-07-10T00:36:43.3770715</Ngay>
    <KetQuaId>1</KetQuaId>
  </NCKH_XuLy>
  <NCKH_XuLy>
    <Id>1115</Id>
    <HoSoId>1434</HoSoId>
    <YeuCau>KeKhai</YeuCau>
    <GiangVienId>47</GiangVienId>
    <Ngay>2018-07-10T20:33:21.8791789</Ngay>
    <KetQuaId>0</KetQuaId>
    <GhiChu>Chị vừa thêm DOI cho em vào rồi, nhưng chắc em nên cần tìm số ISSN khác đi vì theo số này thì trên http://mjl.clarivate.com/cgi-bin/jrnlst/jlsearch.cgi?PC=MASTER&amp;amp;Error=1&lt;div&gt;&lt;br/&gt;&lt;/div&gt;&lt;div&gt;không search được ra bài báo, mặc dù vào trang hindawi họ có nói index trong SCIE, nói chung là bài ISI sẽ bị phòng KHCN trường kiểm tra kỹ nên mình nên chọn ISSN đúng ( print, electronics...etc) để họ search cái ra ngay&lt;/div&gt;</GhiChu>
  </NCKH_XuLy>
  <NCKH_XuLy>
    <Id>1122</Id>
    <HoSoId>1430</HoSoId>
    <YeuCau>KeKhai</YeuCau>
    <GiangVienId>47</GiangVienId>
    <Ngay>2018-07-10T20:47:52.2671076</Ngay>
    <KetQuaId>1</KetQuaId>
  </NCKH_XuLy>
  <NCKH_XuLy>
    <Id>1126</Id>
    <HoSoId>1444</HoSoId>
    <YeuCau>KeKhai</YeuCau>
    <GiangVienId>47</GiangVienId>
    <Ngay>2018-07-10T20:54:19.3817876</Ngay>
    <KetQuaId>1</KetQuaId>
  </NCKH_XuLy>
  <NCKH_XuLy>
    <Id>1128</Id>
    <HoSoId>1428</HoSoId>
    <YeuCau>KeKhai</YeuCau>
    <GiangVienId>47</GiangVienId>
    <Ngay>2018-07-10T20:55:44.7607375</Ngay>
    <KetQuaId>0</KetQuaId>
    <GhiChu>cái này chắc em kê khai nhầm hả? ISSN không nằm trong ISI index và không thấy link minh chứng</GhiChu>
  </NCKH_XuLy>
  <NCKH_XuLy>
    <Id>1132</Id>
    <HoSoId>1385</HoSoId>
    <YeuCau>KeKhai</YeuCau>
    <GiangVienId>47</GiangVienId>
    <Ngay>2018-07-10T20:58:43.8802521</Ngay>
    <KetQuaId>1</KetQuaId>
  </NCKH_XuLy>
  <NCKH_XuLy>
    <Id>1135</Id>
    <HoSoId>1322</HoSoId>
    <YeuCau>KeKhai</YeuCau>
    <GiangVienId>47</GiangVienId>
    <Ngay>2018-07-10T21:01:10.7233101</Ngay>
    <KetQuaId>1</KetQuaId>
  </NCKH_XuLy>
  <NCKH_XuLy>
    <Id>1140</Id>
    <HoSoId>1255</HoSoId>
    <YeuCau>KeKhai</YeuCau>
    <GiangVienId>47</GiangVienId>
    <Ngay>2018-07-10T21:04:01.9648108</Ngay>
    <KetQuaId>1</KetQuaId>
  </NCKH_XuLy>
  <NCKH_XuLy>
    <Id>1142</Id>
    <HoSoId>1308</HoSoId>
    <YeuCau>KeKhai</YeuCau>
    <GiangVienId>47</GiangVienId>
    <Ngay>2018-07-10T21:08:11.9240499</Ngay>
    <KetQuaId>0</KetQuaId>
    <GhiChu>cái này em cứ để kê khai này ở đây, chị chọn nút Không hợp lệ thì em có thể chỉnh sửa.&lt;div&gt;N&lt;span style="font-size: 0.8em;"&gt;ăm sau khi nào đợt kê khai mới thì em ấn nút hoàn tất kê khai thì công trình này sẽ được tính vào mùa năm sau.&lt;/span&gt;&lt;br/&gt;&lt;/div&gt;&lt;div&gt;&lt;span style="font-size: 0.8em;"&gt;&lt;br/&gt;&lt;/span&gt;&lt;/div&gt;&lt;div&gt;&lt;font size="1"&gt;Nếu giờ chị chọn DUYỆt kê khai này của em thì khi công trình này sẽ được tính vào năm nay là sai&lt;/font&gt;&lt;/div&gt;&lt;div&gt;&lt;font size="1"&gt;&lt;br/&gt;&lt;/font&gt;&lt;/div&gt;&lt;div&gt;&lt;font size="1"&gt;&lt;br/&gt;&lt;/font&gt;&lt;/div&gt;</GhiChu>
  </NCKH_XuLy>
  <NCKH_XuLy>
    <Id>1144</Id>
    <HoSoId>1247</HoSoId>
    <YeuCau>KeKhai</YeuCau>
    <GiangVienId>47</GiangVienId>
    <Ngay>2018-07-10T21:16:21.8585104</Ngay>
    <KetQuaId>1</KetQuaId>
  </NCKH_XuLy>
  <NCKH_XuLy>
    <Id>1146</Id>
    <HoSoId>1280</HoSoId>
    <YeuCau>KeKhai</YeuCau>
    <GiangVienId>47</GiangVienId>
    <Ngay>2018-07-10T21:18:19.7323174</Ngay>
    <KetQuaId>1</KetQuaId>
  </NCKH_XuLy>
  <NCKH_XuLy>
    <Id>1151</Id>
    <HoSoId>1310</HoSoId>
    <YeuCau>KeKhai</YeuCau>
    <GiangVienId>47</GiangVienId>
    <Ngay>2018-07-10T21:36:55.7738776</Ngay>
    <KetQuaId>0</KetQuaId>
    <GhiChu>Anh bổ sung DOI cho em&amp;nbsp;&lt;div&gt;&lt;ul class="details no-padding-bottom" style="box-sizing: border-box; margin: 0px; padding: 0px 0px 20px; border: 0px; font-family: &amp;quot;noto sans&amp;quot;, Helvetica, Roboto, Arial, sans-serif; font-stretch: inherit; line-height: 18px; font-size: 13px; vertical-align: baseline; list-style: none; -webkit-font-smoothing: antialiased; color: rgb(89, 89, 89); width: 740px;"&gt;&lt;li style="box-sizing: border-box; margin: 0px; padding: 0px; border: 0px; font-family: inherit; font-style: inherit; font-variant-caps: inherit; font-stretch: inherit; line-height: inherit; vertical-align: baseline; color: rgb(51, 51, 51);"&gt;&lt;/li&gt;&lt;ul class="article-components" style="box-sizing: border-box; margin: 0px; padding: 0px; border: 0px; font-family: inherit; font-style: inherit; font-variant-caps: inherit; font-stretch: inherit; line-height: 1.6; font-size: inherit; vertical-align: baseline; list-style: none;"&gt;&lt;li class="source" style="box-sizing: border-box; margin: 0px 0px 5px; padding: 0px; border: 0px; font-style: inherit; font-variant-caps: inherit; font-stretch: inherit; line-height: 18px; vertical-align: baseline; color: rgb(89, 89, 89); -webkit-font-smoothing: antialiased; min-height: 19px;"&gt;&lt;a href="https://doi.org/10.1017/jfm.2018.435" target="_blank" class="url doi" style="box-sizing: border-box; margin: 0px 0px 2px; padding: 0px; border: 0px; font-style: inherit; font-variant-caps: inherit; font-stretch: inherit; line-height: 18px; vertical-align: baseline; text-decoration: none; transition: all 0.3s ease; clear: both; -webkit-font-smoothing: antialiased; cursor: pointer; color: rgb(0, 113, 204) !important;"&gt;https://doi.org/10.1017/jfm.2018.435&lt;/a&gt;&lt;/li&gt;&lt;/ul&gt;&lt;li&gt;và ngoài ra, anh tìm cho em số ISSN khác đi cái nhé, vì nếu theo số này thì không thấy tạp chí này index trên ISI của&amp;nbsp;&lt;/li&gt;&lt;/ul&gt;&lt;div&gt;http://mjl.clarivate.com&lt;font color="#595959" face="noto sans, Helvetica, Roboto, Arial, sans-serif" size="2"&gt;&lt;span style="caret-color: rgb(89, 89, 89);"&gt;&lt;br/&gt;&lt;/span&gt;&lt;/font&gt;&lt;/div&gt;&lt;/div&gt;&lt;div&gt;&lt;br/&gt;&lt;/div&gt;&lt;div&gt;anh ạ.&lt;/div&gt;&lt;div&gt;&lt;br/&gt;&lt;/div&gt;&lt;div&gt;Em cũng định tìm số ISSN khác như em vẫn phải xử lý hậu kì cho 1 số bài, nhưng nhiều quá không có thời gian.&lt;/div&gt;</GhiChu>
  </NCKH_XuLy>
  <NCKH_XuLy>
    <Id>1153</Id>
    <HoSoId>1366</HoSoId>
    <YeuCau>KeKhai</YeuCau>
    <GiangVienId>47</GiangVienId>
    <Ngay>2018-07-11T00:27:48.5486857</Ngay>
    <KetQuaId>1</KetQuaId>
  </NCKH_XuLy>
  <NCKH_XuLy>
    <Id>1161</Id>
    <HoSoId>1466</HoSoId>
    <YeuCau>KeKhai</YeuCau>
    <GiangVienId>47</GiangVienId>
    <Ngay>2018-07-11T00:44:09.1040079</Ngay>
    <KetQuaId>0</KetQuaId>
    <GhiChu>Hoà chuyển cho chị bản được đăng chính thức không, bản này mới nói accepted , và không có số vol, issue gì cả,&amp;nbsp;&lt;div&gt;&lt;br/&gt;&lt;/div&gt;&lt;div&gt;&amp;nbsp;hoặc gửi chị cái link minh chứng online ,&amp;nbsp;&lt;/div&gt;&lt;div&gt;&lt;br/&gt;&lt;/div&gt;&lt;div&gt;Còn nếu đây mới chỉ là bản proof, chưa chính thức có đưa lên phòng kHCN trường họ cũng không chấp nhận đâu. họ chỉ chấp nhận khi lên bản chính thức có số vol, issue thôi. Nên nếu chưa có thì kê khai này để năm sau vậy&lt;/div&gt;</GhiChu>
  </NCKH_XuLy>
  <NCKH_XuLy>
    <Id>1164</Id>
    <HoSoId>1289</HoSoId>
    <YeuCau>KeKhai</YeuCau>
    <GiangVienId>47</GiangVienId>
    <Ngay>2018-07-11T00:55:21.6523892</Ngay>
    <KetQuaId>1</KetQuaId>
  </NCKH_XuLy>
  <NCKH_XuLy>
    <Id>1167</Id>
    <HoSoId>1510</HoSoId>
    <YeuCau>KeKhai</YeuCau>
    <GiangVienId>47</GiangVienId>
    <Ngay>2018-07-11T00:59:22.7820127</Ngay>
    <KetQuaId>1</KetQuaId>
  </NCKH_XuLy>
  <NCKH_XuLy>
    <Id>1171</Id>
    <HoSoId>1423</HoSoId>
    <YeuCau>KeKhai</YeuCau>
    <GiangVienId>47</GiangVienId>
    <Ngay>2018-07-11T01:04:07.5293129</Ngay>
    <KetQuaId>1</KetQuaId>
  </NCKH_XuLy>
  <NCKH_XuLy>
    <Id>1174</Id>
    <HoSoId>1413</HoSoId>
    <YeuCau>KeKhai</YeuCau>
    <GiangVienId>47</GiangVienId>
    <Ngay>2018-07-11T01:15:33.1505171</Ngay>
    <KetQuaId>1</KetQuaId>
  </NCKH_XuLy>
  <NCKH_XuLy>
    <Id>1176</Id>
    <HoSoId>1323</HoSoId>
    <YeuCau>KeKhai</YeuCau>
    <GiangVienId>47</GiangVienId>
    <Ngay>2018-07-11T01:16:56.797864</Ngay>
    <KetQuaId>1</KetQuaId>
  </NCKH_XuLy>
  <NCKH_XuLy>
    <Id>1182</Id>
    <HoSoId>1402</HoSoId>
    <YeuCau>KeKhai</YeuCau>
    <GiangVienId>47</GiangVienId>
    <Ngay>2018-07-11T01:21:51.3263813</Ngay>
    <KetQuaId>1</KetQuaId>
  </NCKH_XuLy>
  <NCKH_XuLy>
    <Id>1184</Id>
    <HoSoId>1400</HoSoId>
    <YeuCau>KeKhai</YeuCau>
    <GiangVienId>47</GiangVienId>
    <Ngay>2018-07-11T01:24:09.8390246</Ngay>
    <KetQuaId>1</KetQuaId>
  </NCKH_XuLy>
  <NCKH_XuLy>
    <Id>1186</Id>
    <HoSoId>1395</HoSoId>
    <YeuCau>KeKhai</YeuCau>
    <GiangVienId>47</GiangVienId>
    <Ngay>2018-07-11T01:25:57.9940146</Ngay>
    <KetQuaId>1</KetQuaId>
  </NCKH_XuLy>
  <NCKH_XuLy>
    <Id>1188</Id>
    <HoSoId>1351</HoSoId>
    <YeuCau>KeKhai</YeuCau>
    <GiangVienId>47</GiangVienId>
    <Ngay>2018-07-11T01:27:11.0021428</Ngay>
    <KetQuaId>1</KetQuaId>
  </NCKH_XuLy>
  <NCKH_XuLy>
    <Id>1191</Id>
    <HoSoId>844</HoSoId>
    <YeuCau>XinSua</YeuCau>
    <GiangVienId>106</GiangVienId>
    <Ngay>2018-07-11T01:51:40.3063235</Ngay>
    <KetQuaId>1</KetQuaId>
  </NCKH_XuLy>
  <NCKH_XuLy>
    <Id>1198</Id>
    <HoSoId>13</HoSoId>
    <YeuCau>XinSua</YeuCau>
    <GiangVienId>47</GiangVienId>
    <Ngay>2018-07-11T18:32:36.5118066</Ngay>
    <KetQuaId>1</KetQuaId>
  </NCKH_XuLy>
  <NCKH_XuLy>
    <Id>1199</Id>
    <HoSoId>13</HoSoId>
    <YeuCau>KeKhai</YeuCau>
    <GiangVienId>47</GiangVienId>
    <Ngay>2018-07-11T18:47:23.8101651</Ngay>
    <KetQuaId>1</KetQuaId>
  </NCKH_XuLy>
  <NCKH_XuLy>
    <Id>1202</Id>
    <HoSoId>1573</HoSoId>
    <YeuCau>KeKhai</YeuCau>
    <GiangVienId>47</GiangVienId>
    <Ngay>2018-07-11T19:13:56.1517619</Ngay>
    <KetQuaId>1</KetQuaId>
  </NCKH_XuLy>
  <NCKH_XuLy>
    <Id>1207</Id>
    <HoSoId>1424</HoSoId>
    <YeuCau>KeKhai</YeuCau>
    <GiangVienId>47</GiangVienId>
    <Ngay>2018-07-11T19:26:26.8406804</Ngay>
    <KetQuaId>0</KetQuaId>
    <GhiChu>báo này em không thấy nằm trong danh muc ISI. và cũng chưa có ngày đăng chính thức nên anh cứ để đó và sửa sau khi nào có thông tin chính thức nhé</GhiChu>
  </NCKH_XuLy>
  <NCKH_XuLy>
    <Id>1210</Id>
    <HoSoId>1606</HoSoId>
    <YeuCau>KeKhai</YeuCau>
    <GiangVienId>47</GiangVienId>
    <Ngay>2018-07-11T23:38:03.4707962</Ngay>
    <KetQuaId>1</KetQuaId>
  </NCKH_XuLy>
  <NCKH_XuLy>
    <Id>1211</Id>
    <HoSoId>1609</HoSoId>
    <YeuCau>KeKhai</YeuCau>
    <GiangVienId>47</GiangVienId>
    <Ngay>2018-07-11T23:38:59.3032943</Ngay>
    <KetQuaId>1</KetQuaId>
  </NCKH_XuLy>
  <NCKH_XuLy>
    <Id>1214</Id>
    <HoSoId>1625</HoSoId>
    <YeuCau>KeKhai</YeuCau>
    <GiangVienId>47</GiangVienId>
    <Ngay>2018-07-11T23:59:12.5642253</Ngay>
    <KetQuaId>1</KetQuaId>
  </NCKH_XuLy>
  <NCKH_XuLy>
    <Id>1217</Id>
    <HoSoId>1645</HoSoId>
    <YeuCau>KeKhai</YeuCau>
    <GiangVienId>47</GiangVienId>
    <Ngay>2018-07-12T00:18:05.7034155</Ngay>
    <KetQuaId>0</KetQuaId>
    <GhiChu>cái này là hội thảo về Geo-Spatial Knowledge and Intelligence lập nên một dang book chapter trong chuối sách thuộc&amp;nbsp;&lt;a class="gtm-book-series-link" href="https://link.springer.com/bookseries/7899" style="box-sizing: border-box; background-color: transparent; -webkit-text-decoration-skip: ink; color: rgb(142, 37, 85); font-family: &amp;quot;Source Sans Pro&amp;quot;, Helvetica, Arial, sans-serif; font-size: 14px; letter-spacing: 0.23800000548362732px;"&gt;Communications in Computer and Information Science&lt;/a&gt;&lt;span style="caret-color: rgb(51, 51, 51); color: rgb(51, 51, 51); font-family: &amp;quot;Source Sans Pro&amp;quot;, Helvetica, Arial, sans-serif; font-size: 14px; letter-spacing: 0.23800000548362732px; background-color: rgb(252, 252, 252);"&gt;&amp;nbsp; của Springer Links, và cái số ISSN anh mà anh kê khai là của cái Communications in Computer and Information Science này.&lt;/span&gt;&lt;div&gt;&lt;font color="#333333" face="Source Sans Pro, Helvetica, Arial, sans-serif"&gt;&lt;span style="caret-color: rgb(51, 51, 51); font-size: 14px; letter-spacing: 0.23800000548362732px; background-color: rgb(252, 252, 252);"&gt;&lt;br/&gt;&lt;/span&gt;&lt;/font&gt;&lt;/div&gt;&lt;div&gt;&lt;font color="#333333" face="Source Sans Pro, Helvetica, Arial, sans-serif"&gt;&lt;span style="caret-color: rgb(51, 51, 51); font-size: 14px; letter-spacing: 0.23800000548362732px; background-color: rgb(252, 252, 252);"&gt;Theo cái ISSN này, thì nó không nằm trong index của ISI nhưng em có check thấy nó nằm trong index của Scopus.&lt;/span&gt;&lt;/font&gt;&lt;/div&gt;&lt;div&gt;&lt;font color="#333333" face="Source Sans Pro, Helvetica, Arial, sans-serif"&gt;&lt;span style="caret-color: rgb(51, 51, 51); font-size: 14px; letter-spacing: 0.23800000548362732px; background-color: rgb(252, 252, 252);"&gt;&lt;br/&gt;&lt;/span&gt;&lt;/font&gt;&lt;/div&gt;&lt;div&gt;&lt;font color="#333333" face="Source Sans Pro, Helvetica, Arial, sans-serif"&gt;&lt;span style="caret-color: rgb(51, 51, 51); font-size: 14px; letter-spacing: 0.23800000548362732px; background-color: rgb(252, 252, 252);"&gt;Em có thể tự chỉnh lại cho anh kê khai , nhưng em nghĩ anh nên tự chỉnh thì hơn. Chú ý khi chỉnh lại kê khai anh chọn đúng danh mục Scopus, và cẩn thận ngày tháng bị nhẩy ngày&amp;nbsp;&lt;/span&gt;&lt;/font&gt;&lt;/div&gt;</GhiChu>
  </NCKH_XuLy>
  <NCKH_XuLy>
    <Id>1222</Id>
    <HoSoId>1638</HoSoId>
    <YeuCau>KeKhai</YeuCau>
    <GiangVienId>47</GiangVienId>
    <Ngay>2018-07-12T00:33:26.6666331</Ngay>
    <KetQuaId>1</KetQuaId>
  </NCKH_XuLy>
  <NCKH_XuLy>
    <Id>1223</Id>
    <HoSoId>1650</HoSoId>
    <YeuCau>KeKhai</YeuCau>
    <GiangVienId>47</GiangVienId>
    <Ngay>2018-07-12T00:36:38.1569695</Ngay>
    <KetQuaId>1</KetQuaId>
  </NCKH_XuLy>
  <NCKH_XuLy>
    <Id>1226</Id>
    <HoSoId>1644</HoSoId>
    <YeuCau>KeKhai</YeuCau>
    <GiangVienId>47</GiangVienId>
    <Ngay>2018-07-12T00:45:08.7614663</Ngay>
    <KetQuaId>1</KetQuaId>
  </NCKH_XuLy>
  <NCKH_XuLy>
    <Id>1229</Id>
    <HoSoId>1651</HoSoId>
    <YeuCau>KeKhai</YeuCau>
    <GiangVienId>47</GiangVienId>
    <Ngay>2018-07-12T00:58:17.3272513</Ngay>
    <KetQuaId>1</KetQuaId>
  </NCKH_XuLy>
  <NCKH_XuLy>
    <Id>1232</Id>
    <HoSoId>1658</HoSoId>
    <YeuCau>KeKhai</YeuCau>
    <GiangVienId>47</GiangVienId>
    <Ngay>2018-07-12T01:32:02.2108079</Ngay>
    <KetQuaId>1</KetQuaId>
  </NCKH_XuLy>
  <NCKH_XuLy>
    <Id>1235</Id>
    <HoSoId>1593</HoSoId>
    <YeuCau>KeKhai</YeuCau>
    <GiangVienId>47</GiangVienId>
    <Ngay>2018-07-12T01:36:05.6024354</Ngay>
    <KetQuaId>0</KetQuaId>
    <GhiChu>Nếu có số DOI thì điền số DOI vào cho chị,&lt;div&gt;&lt;br/&gt;&lt;/div&gt;&lt;div&gt;nếu không có thì up cho chị cái file mình chứng lên gồm bìa, mục lục, &amp;nbsp;và bài báo có só trang nhé. &amp;nbsp;theo cái link em gửi thì nó chẳng minh chứng được điều gì&lt;/div&gt;</GhiChu>
  </NCKH_XuLy>
  <NCKH_XuLy>
    <Id>1238</Id>
    <HoSoId>1679</HoSoId>
    <YeuCau>KeKhai</YeuCau>
    <GiangVienId>47</GiangVienId>
    <Ngay>2018-07-12T01:40:29.0556981</Ngay>
    <KetQuaId>1</KetQuaId>
  </NCKH_XuLy>
  <NCKH_XuLy>
    <Id>1241</Id>
    <HoSoId>1687</HoSoId>
    <YeuCau>KeKhai</YeuCau>
    <GiangVienId>47</GiangVienId>
    <Ngay>2018-07-12T01:43:25.0864073</Ngay>
    <KetQuaId>1</KetQuaId>
  </NCKH_XuLy>
  <NCKH_XuLy>
    <Id>1243</Id>
    <HoSoId>1693</HoSoId>
    <YeuCau>KeKhai</YeuCau>
    <GiangVienId>47</GiangVienId>
    <Ngay>2018-07-12T03:58:32.0306464</Ngay>
    <KetQuaId>0</KetQuaId>
    <GhiChu>loại</GhiChu>
  </NCKH_XuLy>
  <NCKH_XuLy>
    <Id>1247</Id>
    <HoSoId>1645</HoSoId>
    <YeuCau>KeKhai</YeuCau>
    <GiangVienId>47</GiangVienId>
    <Ngay>2018-07-12T11:41:50.0782711</Ngay>
    <KetQuaId>1</KetQuaId>
  </NCKH_XuLy>
  <NCKH_XuLy>
    <Id>1253</Id>
    <HoSoId>1710</HoSoId>
    <YeuCau>KeKhai</YeuCau>
    <GiangVienId>47</GiangVienId>
    <Ngay>2018-07-12T11:51:40.3989079</Ngay>
    <KetQuaId>1</KetQuaId>
  </NCKH_XuLy>
  <NCKH_XuLy>
    <Id>1255</Id>
    <HoSoId>1712</HoSoId>
    <YeuCau>KeKhai</YeuCau>
    <GiangVienId>47</GiangVienId>
    <Ngay>2018-07-12T11:58:13.847199</Ngay>
    <KetQuaId>1</KetQuaId>
  </NCKH_XuLy>
  <NCKH_XuLy>
    <Id>1261</Id>
    <HoSoId>1702</HoSoId>
    <YeuCau>KeKhai</YeuCau>
    <GiangVienId>47</GiangVienId>
    <Ngay>2018-07-12T12:07:15.6517506</Ngay>
    <KetQuaId>0</KetQuaId>
    <GhiChu>loại</GhiChu>
  </NCKH_XuLy>
  <NCKH_XuLy>
    <Id>1263</Id>
    <HoSoId>1735</HoSoId>
    <YeuCau>KeKhai</YeuCau>
    <GiangVienId>47</GiangVienId>
    <Ngay>2018-07-12T14:21:08.8702602</Ngay>
    <KetQuaId>0</KetQuaId>
    <GhiChu>anh cho tạm cái link này vào DOI cho em, sau đó trong minh chứng anh upload bài báo pdf có mục lục số trang nhé. Đăng nào em cũng phải collect &amp;nbsp;báo bản mềm gửi nhà trường mà hội thảo này thì không biết download bài ở đâu</GhiChu>
  </NCKH_XuLy>
  <NCKH_XuLy>
    <Id>1265</Id>
    <HoSoId>1737</HoSoId>
    <YeuCau>KeKhai</YeuCau>
    <GiangVienId>47</GiangVienId>
    <Ngay>2018-07-12T14:23:31.2049102</Ngay>
    <KetQuaId>1</KetQuaId>
  </NCKH_XuLy>
  <NCKH_XuLy>
    <Id>1277</Id>
    <HoSoId>1758</HoSoId>
    <YeuCau>KeKhai</YeuCau>
    <GiangVienId>47</GiangVienId>
    <Ngay>2018-07-12T15:07:29.5751442</Ngay>
    <KetQuaId>0</KetQuaId>
    <GhiChu>kê khai trùng</GhiChu>
  </NCKH_XuLy>
  <NCKH_XuLy>
    <Id>1280</Id>
    <HoSoId>1795</HoSoId>
    <YeuCau>KeKhai</YeuCau>
    <GiangVienId>47</GiangVienId>
    <Ngay>2018-07-12T19:02:22.5618973</Ngay>
    <KetQuaId>1</KetQuaId>
  </NCKH_XuLy>
  <NCKH_XuLy>
    <Id>1281</Id>
    <HoSoId>1790</HoSoId>
    <YeuCau>KeKhai</YeuCau>
    <GiangVienId>47</GiangVienId>
    <Ngay>2018-07-12T19:03:56.364862</Ngay>
    <KetQuaId>1</KetQuaId>
  </NCKH_XuLy>
  <NCKH_XuLy>
    <Id>1282</Id>
    <HoSoId>1793</HoSoId>
    <YeuCau>KeKhai</YeuCau>
    <GiangVienId>47</GiangVienId>
    <Ngay>2018-07-12T19:05:42.3826482</Ngay>
    <KetQuaId>1</KetQuaId>
  </NCKH_XuLy>
  <NCKH_XuLy>
    <Id>1289</Id>
    <HoSoId>1735</HoSoId>
    <YeuCau>KeKhai</YeuCau>
    <GiangVienId>47</GiangVienId>
    <Ngay>2018-07-12T19:24:25.553421</Ngay>
    <KetQuaId>1</KetQuaId>
  </NCKH_XuLy>
  <NCKH_XuLy>
    <Id>1295</Id>
    <HoSoId>1803</HoSoId>
    <YeuCau>KeKhai</YeuCau>
    <GiangVienId>47</GiangVienId>
    <Ngay>2018-07-13T03:55:45.6749078</Ngay>
    <KetQuaId>0</KetQuaId>
    <GhiChu>cái này để treo, năm sau khi nghiệm thu thì nhập ngày nghiệm thu vào và kê khai nhé. Đề tài trường thì chỉ tính giờ KL 1 lần duy nhất khi nghiệm thu.&lt;div&gt;&lt;br/&gt;&lt;/div&gt;&lt;div&gt;Ngoài ra , về mây cái đề tài khác Dũng khai, tôi đang phải hỏi phòng kHCN là có được tính không. Vì cần có chính sách hay quy định chung, do trong Viện có các đề tài nguồn vốn khác cũng đang không biết có được tính KL không trong khi đóng góp là như nhau&lt;/div&gt;</GhiChu>
  </NCKH_XuLy>
  <NCKH_XuLy>
    <Id>1297</Id>
    <HoSoId>1810</HoSoId>
    <YeuCau>KeKhai</YeuCau>
    <GiangVienId>47</GiangVienId>
    <Ngay>2018-07-13T03:57:04.8606468</Ngay>
    <KetQuaId>1</KetQuaId>
  </NCKH_XuLy>
  <NCKH_XuLy>
    <Id>1302</Id>
    <HoSoId>1580</HoSoId>
    <YeuCau>KeKhai</YeuCau>
    <GiangVienId>47</GiangVienId>
    <Ngay>2018-07-16T19:42:48.1430966</Ngay>
    <KetQuaId>0</KetQuaId>
    <GhiChu>tạm treo đề tài này năm sau em kê khai nhé. Vì trường thì chỉ khi nào xong mới tính giờ của năm xong thôi</GhiChu>
  </NCKH_XuLy>
  <NCKH_XuLy>
    <Id>1308</Id>
    <HoSoId>1297</HoSoId>
    <YeuCau>KeKhai</YeuCau>
    <GiangVienId>47</GiangVienId>
    <Ngay>2018-07-27T15:18:09.4692216</Ngay>
    <KetQuaId>1</KetQuaId>
  </NCKH_XuLy>
  <NCKH_XuLy>
    <Id>1310</Id>
    <HoSoId>1310</HoSoId>
    <YeuCau>KeKhai</YeuCau>
    <GiangVienId>47</GiangVienId>
    <Ngay>2018-07-27T16:55:30.571881</Ngay>
    <KetQuaId>0</KetQuaId>
    <GhiChu>Theo cái ISSN này thì em chỉ tra được báo này trên danh mục scopus thôi&lt;div&gt;&lt;br/&gt;&lt;/div&gt;&lt;div&gt;https://www.scopus.com/sources?sortField=citescore&amp;amp;sortDirection=desc&amp;amp;isHiddenField=false&amp;amp;field=issn&amp;amp;issn=0022-1120&amp;amp;_openAccess=on&amp;amp;_countCheck=on&amp;amp;count=0&amp;amp;countField=documentsMin&amp;amp;_bestPercentile=on&amp;amp;_quartile=on&amp;amp;_quartile=on&amp;amp;_quartile=on&amp;amp;_quartile=on&amp;amp;_type=on&amp;amp;_type=on&amp;amp;_type=on&amp;amp;_type=on&amp;amp;year=2017&amp;amp;offset=&amp;amp;resultsPerPage=20&lt;br/&gt;&lt;/div&gt;&lt;div&gt;&lt;br/&gt;&lt;/div&gt;&lt;div&gt;Còn danh mục ISI ( thật ra chính là SCI/SCIE), thì không có báo này anh ạ&lt;/div&gt;&lt;div&gt;&lt;br/&gt;&lt;/div&gt;&lt;div&gt;http://mjl.clarivate.com&lt;br/&gt;&lt;/div&gt;</GhiChu>
  </NCKH_XuLy>
  <NCKH_XuLy>
    <Id>1314</Id>
    <HoSoId>1842</HoSoId>
    <YeuCau>KeKhai</YeuCau>
    <GiangVienId>47</GiangVienId>
    <Ngay>2018-07-28T11:23:42.1474673</Ngay>
    <KetQuaId>1</KetQuaId>
  </NCKH_XuLy>
  <NCKH_XuLy>
    <Id>1315</Id>
    <HoSoId>1881</HoSoId>
    <YeuCau>KeKhai</YeuCau>
    <GiangVienId>47</GiangVienId>
    <Ngay>2018-07-29T13:01:47.1515573</Ngay>
    <KetQuaId>1</KetQuaId>
  </NCKH_XuLy>
  <NCKH_XuLy>
    <Id>1322</Id>
    <HoSoId>1875</HoSoId>
    <YeuCau>KeKhai</YeuCau>
    <GiangVienId>47</GiangVienId>
    <Ngay>2018-07-29T15:57:50.569711</Ngay>
    <KetQuaId>0</KetQuaId>
    <GhiChu>Bài này cứ để pending ở đây, năm sau có xuất bản chính thức thì anh sẽ vào chỉnh sửa thông tin và có minh chứng đầy đủ cho đúng cái entry này, và em sẽ ấn DUYỆT nhé.</GhiChu>
  </NCKH_XuLy>
  <NCKH_XuLy>
    <Id>1329</Id>
    <HoSoId>1855</HoSoId>
    <YeuCau>KeKhai</YeuCau>
    <GiangVienId>47</GiangVienId>
    <Ngay>2018-07-29T17:17:05.6140628</Ngay>
    <KetQuaId>1</KetQuaId>
  </NCKH_XuLy>
  <NCKH_XuLy>
    <Id>1334</Id>
    <HoSoId>1850</HoSoId>
    <YeuCau>KeKhai</YeuCau>
    <GiangVienId>47</GiangVienId>
    <Ngay>2018-07-29T17:31:58.0604303</Ngay>
    <KetQuaId>1</KetQuaId>
  </NCKH_XuLy>
  <NCKH_XuLy>
    <Id>1337</Id>
    <HoSoId>1836</HoSoId>
    <YeuCau>KeKhai</YeuCau>
    <GiangVienId>47</GiangVienId>
    <Ngay>2018-07-29T17:38:46.9215484</Ngay>
    <KetQuaId>1</KetQuaId>
  </NCKH_XuLy>
  <NCKH_XuLy>
    <Id>1343</Id>
    <HoSoId>1890</HoSoId>
    <YeuCau>KeKhai</YeuCau>
    <GiangVienId>47</GiangVienId>
    <Ngay>2018-07-30T14:53:51.0308457</Ngay>
    <KetQuaId>1</KetQuaId>
  </NCKH_XuLy>
  <NCKH_XuLy>
    <Id>1347</Id>
    <HoSoId>1466</HoSoId>
    <YeuCau>KeKhai</YeuCau>
    <GiangVienId>47</GiangVienId>
    <Ngay>2018-07-31T15:29:51.7311943</Ngay>
    <KetQuaId>1</KetQuaId>
  </NCKH_XuLy>
  <NCKH_XuLy>
    <Id>1351</Id>
    <HoSoId>1897</HoSoId>
    <YeuCau>KeKhai</YeuCau>
    <GiangVienId>47</GiangVienId>
    <Ngay>2018-08-01T07:28:17.8625985</Ngay>
    <KetQuaId>0</KetQuaId>
    <GhiChu>trùng</GhiChu>
  </NCKH_XuLy>
  <NCKH_XuLy>
    <Id>1353</Id>
    <HoSoId>1901</HoSoId>
    <YeuCau>KeKhai</YeuCau>
    <GiangVienId>47</GiangVienId>
    <Ngay>2018-08-01T07:39:45.0438055</Ngay>
    <KetQuaId>1</KetQuaId>
  </NCKH_XuLy>
</data>