﻿<?xml version="1.0" encoding="utf-8"?>
<data>
  <NCKH_PMSC>
    <HoSoId>28</HoSoId>
    <So>14737</So>
    <NgayDon>2011-09-26T00:00:00</NgayDon>
    <NgayBang>2015-10-27T00:00:00</NgayBang>
  </NCKH_PMSC>
  <NCKH_PMSC>
    <HoSoId>33</HoSoId>
    <So>10206</So>
    <NgayDon>2010-06-05T00:00:00</NgayDon>
    <NgayBang>2012-04-16T00:00:00</NgayBang>
  </NCKH_PMSC>
  <NCKH_PMSC>
    <HoSoId>147</HoSoId>
    <NgayDon>2012-03-05T00:00:00</NgayDon>
    <NgayBang>2015-06-22T00:00:00</NgayBang>
  </NCKH_PMSC>
  <NCKH_PMSC>
    <HoSoId>227</HoSoId>
    <NgayDon>2010-12-17T00:00:00</NgayDon>
    <NgayBang>2015-07-27T00:00:00</NgayBang>
  </NCKH_PMSC>
  <NCKH_PMSC>
    <HoSoId>738</HoSoId>
    <So>1-2012-03115</So>
    <NgayDon>2016-12-08T00:00:00</NgayDon>
    <NgayBang>2016-12-08T00:00:00</NgayBang>
  </NCKH_PMSC>
  <NCKH_PMSC>
    <HoSoId>743</HoSoId>
    <So>1201203018</So>
    <NgayDon>2016-11-30T00:00:00</NgayDon>
    <NgayBang>2016-11-30T00:00:00</NgayBang>
  </NCKH_PMSC>
  <NCKH_PMSC>
    <HoSoId>1828</HoSoId>
    <So>1-2017-04307</So>
    <NgayDon>2017-11-27T00:00:00</NgayDon>
    <NgayBang>2017-11-27T00:00:00</NgayBang>
  </NCKH_PMSC>
</data>