﻿<?xml version="1.0" encoding="utf-8"?>
<data>
  <NCKH_Duyet>
    <HoSoId>558</HoSoId>
  </NCKH_Duyet>
  <NCKH_Duyet>
    <HoSoId>85</HoSoId>
  </NCKH_Duyet>
  <NCKH_Duyet>
    <HoSoId>254</HoSoId>
  </NCKH_Duyet>
  <NCKH_Duyet>
    <HoSoId>659</HoSoId>
  </NCKH_Duyet>
  <NCKH_Duyet>
    <HoSoId>761</HoSoId>
  </NCKH_Duyet>
  <NCKH_Duyet>
    <HoSoId>818</HoSoId>
  </NCKH_Duyet>
  <NCKH_Duyet>
    <HoSoId>1000</HoSoId>
  </NCKH_Duyet>
  <NCKH_Duyet>
    <HoSoId>212</HoSoId>
  </NCKH_Duyet>
  <NCKH_Duyet>
    <HoSoId>972</HoSoId>
  </NCKH_Duyet>
  <NCKH_Duyet>
    <HoSoId>983</HoSoId>
  </NCKH_Duyet>
  <NCKH_Duyet>
    <HoSoId>995</HoSoId>
  </NCKH_Duyet>
  <NCKH_Duyet>
    <HoSoId>1135</HoSoId>
  </NCKH_Duyet>
  <NCKH_Duyet>
    <HoSoId>1164</HoSoId>
  </NCKH_Duyet>
  <NCKH_Duyet>
    <HoSoId>1140</HoSoId>
  </NCKH_Duyet>
  <NCKH_Duyet>
    <HoSoId>1191</HoSoId>
  </NCKH_Duyet>
  <NCKH_Duyet>
    <HoSoId>1199</HoSoId>
  </NCKH_Duyet>
  <NCKH_Duyet>
    <HoSoId>1217</HoSoId>
  </NCKH_Duyet>
  <NCKH_Duyet>
    <HoSoId>1211</HoSoId>
  </NCKH_Duyet>
  <NCKH_Duyet>
    <HoSoId>1214</HoSoId>
  </NCKH_Duyet>
  <NCKH_Duyet>
    <HoSoId>1202</HoSoId>
  </NCKH_Duyet>
  <NCKH_Duyet>
    <HoSoId>1207</HoSoId>
  </NCKH_Duyet>
  <NCKH_Duyet>
    <HoSoId>1223</HoSoId>
  </NCKH_Duyet>
  <NCKH_Duyet>
    <HoSoId>1519</HoSoId>
  </NCKH_Duyet>
  <NCKH_Duyet>
    <HoSoId>1485</HoSoId>
  </NCKH_Duyet>
  <NCKH_Duyet>
    <HoSoId>1473</HoSoId>
  </NCKH_Duyet>
  <NCKH_Duyet>
    <HoSoId>1470</HoSoId>
  </NCKH_Duyet>
  <NCKH_Duyet>
    <HoSoId>1449</HoSoId>
  </NCKH_Duyet>
  <NCKH_Duyet>
    <HoSoId>1484</HoSoId>
  </NCKH_Duyet>
  <NCKH_Duyet>
    <HoSoId>1430</HoSoId>
  </NCKH_Duyet>
  <NCKH_Duyet>
    <HoSoId>1465</HoSoId>
  </NCKH_Duyet>
  <NCKH_Duyet>
    <HoSoId>1455</HoSoId>
  </NCKH_Duyet>
  <NCKH_Duyet>
    <HoSoId>1447</HoSoId>
  </NCKH_Duyet>
  <NCKH_Duyet>
    <HoSoId>1444</HoSoId>
  </NCKH_Duyet>
  <NCKH_Duyet>
    <HoSoId>1393</HoSoId>
  </NCKH_Duyet>
  <NCKH_Duyet>
    <HoSoId>1388</HoSoId>
  </NCKH_Duyet>
  <NCKH_Duyet>
    <HoSoId>1399</HoSoId>
  </NCKH_Duyet>
  <NCKH_Duyet>
    <HoSoId>1385</HoSoId>
  </NCKH_Duyet>
  <NCKH_Duyet>
    <HoSoId>1382</HoSoId>
  </NCKH_Duyet>
  <NCKH_Duyet>
    <HoSoId>1377</HoSoId>
  </NCKH_Duyet>
  <NCKH_Duyet>
    <HoSoId>1322</HoSoId>
  </NCKH_Duyet>
  <NCKH_Duyet>
    <HoSoId>1253</HoSoId>
  </NCKH_Duyet>
  <NCKH_Duyet>
    <HoSoId>1255</HoSoId>
  </NCKH_Duyet>
  <NCKH_Duyet>
    <HoSoId>1281</HoSoId>
  </NCKH_Duyet>
  <NCKH_Duyet>
    <HoSoId>1353</HoSoId>
  </NCKH_Duyet>
  <NCKH_Duyet>
    <HoSoId>1247</HoSoId>
  </NCKH_Duyet>
  <NCKH_Duyet>
    <HoSoId>1243</HoSoId>
  </NCKH_Duyet>
  <NCKH_Duyet>
    <HoSoId>1280</HoSoId>
  </NCKH_Duyet>
  <NCKH_Duyet>
    <HoSoId>1265</HoSoId>
  </NCKH_Duyet>
  <NCKH_Duyet>
    <HoSoId>1263</HoSoId>
  </NCKH_Duyet>
  <NCKH_Duyet>
    <HoSoId>1277</HoSoId>
  </NCKH_Duyet>
  <NCKH_Duyet>
    <HoSoId>1371</HoSoId>
  </NCKH_Duyet>
  <NCKH_Duyet>
    <HoSoId>1498</HoSoId>
  </NCKH_Duyet>
  <NCKH_Duyet>
    <HoSoId>1443</HoSoId>
  </NCKH_Duyet>
  <NCKH_Duyet>
    <HoSoId>1433</HoSoId>
  </NCKH_Duyet>
  <NCKH_Duyet>
    <HoSoId>1315</HoSoId>
  </NCKH_Duyet>
  <NCKH_Duyet>
    <HoSoId>1314</HoSoId>
  </NCKH_Duyet>
  <NCKH_Duyet>
    <HoSoId>1302</HoSoId>
  </NCKH_Duyet>
  <NCKH_Duyet>
    <HoSoId>1295</HoSoId>
  </NCKH_Duyet>
  <NCKH_Duyet>
    <HoSoId>1289</HoSoId>
  </NCKH_Duyet>
  <NCKH_Duyet>
    <HoSoId>1282</HoSoId>
  </NCKH_Duyet>
  <NCKH_Duyet>
    <HoSoId>1512</HoSoId>
  </NCKH_Duyet>
  <NCKH_Duyet>
    <HoSoId>1510</HoSoId>
  </NCKH_Duyet>
  <NCKH_Duyet>
    <HoSoId>1423</HoSoId>
  </NCKH_Duyet>
  <NCKH_Duyet>
    <HoSoId>1419</HoSoId>
  </NCKH_Duyet>
  <NCKH_Duyet>
    <HoSoId>1411</HoSoId>
  </NCKH_Duyet>
  <NCKH_Duyet>
    <HoSoId>1413</HoSoId>
  </NCKH_Duyet>
  <NCKH_Duyet>
    <HoSoId>1404</HoSoId>
  </NCKH_Duyet>
  <NCKH_Duyet>
    <HoSoId>1323</HoSoId>
  </NCKH_Duyet>
  <NCKH_Duyet>
    <HoSoId>1329</HoSoId>
  </NCKH_Duyet>
  <NCKH_Duyet>
    <HoSoId>1334</HoSoId>
  </NCKH_Duyet>
  <NCKH_Duyet>
    <HoSoId>1337</HoSoId>
  </NCKH_Duyet>
  <NCKH_Duyet>
    <HoSoId>1417</HoSoId>
  </NCKH_Duyet>
  <NCKH_Duyet>
    <HoSoId>1407</HoSoId>
  </NCKH_Duyet>
  <NCKH_Duyet>
    <HoSoId>1402</HoSoId>
  </NCKH_Duyet>
  <NCKH_Duyet>
    <HoSoId>1343</HoSoId>
  </NCKH_Duyet>
  <NCKH_Duyet>
    <HoSoId>1400</HoSoId>
  </NCKH_Duyet>
  <NCKH_Duyet>
    <HoSoId>1397</HoSoId>
  </NCKH_Duyet>
  <NCKH_Duyet>
    <HoSoId>1395</HoSoId>
  </NCKH_Duyet>
  <NCKH_Duyet>
    <HoSoId>1347</HoSoId>
  </NCKH_Duyet>
  <NCKH_Duyet>
    <HoSoId>1351</HoSoId>
  </NCKH_Duyet>
  <NCKH_Duyet>
    <HoSoId>1532</HoSoId>
  </NCKH_Duyet>
  <NCKH_Duyet>
    <HoSoId>1409</HoSoId>
  </NCKH_Duyet>
  <NCKH_Duyet>
    <HoSoId>1428</HoSoId>
  </NCKH_Duyet>
  <NCKH_Duyet>
    <HoSoId>1573</HoSoId>
  </NCKH_Duyet>
  <NCKH_Duyet>
    <HoSoId>1564</HoSoId>
  </NCKH_Duyet>
  <NCKH_Duyet>
    <HoSoId>1554</HoSoId>
  </NCKH_Duyet>
  <NCKH_Duyet>
    <HoSoId>1559</HoSoId>
  </NCKH_Duyet>
  <NCKH_Duyet>
    <HoSoId>1606</HoSoId>
  </NCKH_Duyet>
  <NCKH_Duyet>
    <HoSoId>1609</HoSoId>
  </NCKH_Duyet>
  <NCKH_Duyet>
    <HoSoId>1613</HoSoId>
  </NCKH_Duyet>
  <NCKH_Duyet>
    <HoSoId>1625</HoSoId>
  </NCKH_Duyet>
  <NCKH_Duyet>
    <HoSoId>1670</HoSoId>
  </NCKH_Duyet>
  <NCKH_Duyet>
    <HoSoId>1631</HoSoId>
  </NCKH_Duyet>
  <NCKH_Duyet>
    <HoSoId>1650</HoSoId>
  </NCKH_Duyet>
  <NCKH_Duyet>
    <HoSoId>1644</HoSoId>
  </NCKH_Duyet>
  <NCKH_Duyet>
    <HoSoId>1690</HoSoId>
  </NCKH_Duyet>
  <NCKH_Duyet>
    <HoSoId>1642</HoSoId>
  </NCKH_Duyet>
  <NCKH_Duyet>
    <HoSoId>1651</HoSoId>
  </NCKH_Duyet>
  <NCKH_Duyet>
    <HoSoId>1658</HoSoId>
  </NCKH_Duyet>
  <NCKH_Duyet>
    <HoSoId>1664</HoSoId>
  </NCKH_Duyet>
  <NCKH_Duyet>
    <HoSoId>1679</HoSoId>
  </NCKH_Duyet>
  <NCKH_Duyet>
    <HoSoId>1683</HoSoId>
  </NCKH_Duyet>
  <NCKH_Duyet>
    <HoSoId>1681</HoSoId>
  </NCKH_Duyet>
  <NCKH_Duyet>
    <HoSoId>1687</HoSoId>
  </NCKH_Duyet>
  <NCKH_Duyet>
    <HoSoId>1685</HoSoId>
  </NCKH_Duyet>
  <NCKH_Duyet>
    <HoSoId>1634</HoSoId>
  </NCKH_Duyet>
  <NCKH_Duyet>
    <HoSoId>1645</HoSoId>
  </NCKH_Duyet>
  <NCKH_Duyet>
    <HoSoId>1629</HoSoId>
  </NCKH_Duyet>
  <NCKH_Duyet>
    <HoSoId>1627</HoSoId>
  </NCKH_Duyet>
  <NCKH_Duyet>
    <HoSoId>1707</HoSoId>
  </NCKH_Duyet>
  <NCKH_Duyet>
    <HoSoId>1710</HoSoId>
  </NCKH_Duyet>
  <NCKH_Duyet>
    <HoSoId>1712</HoSoId>
  </NCKH_Duyet>
  <NCKH_Duyet>
    <HoSoId>1676</HoSoId>
  </NCKH_Duyet>
  <NCKH_Duyet>
    <HoSoId>1582</HoSoId>
  </NCKH_Duyet>
  <NCKH_Duyet>
    <HoSoId>1732</HoSoId>
  </NCKH_Duyet>
  <NCKH_Duyet>
    <HoSoId>1729</HoSoId>
  </NCKH_Duyet>
  <NCKH_Duyet>
    <HoSoId>1737</HoSoId>
  </NCKH_Duyet>
  <NCKH_Duyet>
    <HoSoId>1741</HoSoId>
  </NCKH_Duyet>
  <NCKH_Duyet>
    <HoSoId>1743</HoSoId>
  </NCKH_Duyet>
  <NCKH_Duyet>
    <HoSoId>1752</HoSoId>
  </NCKH_Duyet>
  <NCKH_Duyet>
    <HoSoId>1750</HoSoId>
  </NCKH_Duyet>
  <NCKH_Duyet>
    <HoSoId>1753</HoSoId>
  </NCKH_Duyet>
  <NCKH_Duyet>
    <HoSoId>1755</HoSoId>
  </NCKH_Duyet>
  <NCKH_Duyet>
    <HoSoId>669</HoSoId>
  </NCKH_Duyet>
  <NCKH_Duyet>
    <HoSoId>1756</HoSoId>
  </NCKH_Duyet>
  <NCKH_Duyet>
    <HoSoId>1795</HoSoId>
  </NCKH_Duyet>
  <NCKH_Duyet>
    <HoSoId>1790</HoSoId>
  </NCKH_Duyet>
  <NCKH_Duyet>
    <HoSoId>1793</HoSoId>
  </NCKH_Duyet>
  <NCKH_Duyet>
    <HoSoId>1538</HoSoId>
  </NCKH_Duyet>
  <NCKH_Duyet>
    <HoSoId>1704</HoSoId>
  </NCKH_Duyet>
  <NCKH_Duyet>
    <HoSoId>1735</HoSoId>
  </NCKH_Duyet>
  <NCKH_Duyet>
    <HoSoId>1810</HoSoId>
  </NCKH_Duyet>
  <NCKH_Duyet>
    <HoSoId>1819</HoSoId>
  </NCKH_Duyet>
  <NCKH_Duyet>
    <HoSoId>1659</HoSoId>
  </NCKH_Duyet>
  <NCKH_Duyet>
    <HoSoId>844</HoSoId>
  </NCKH_Duyet>
  <NCKH_Duyet>
    <HoSoId>1825</HoSoId>
  </NCKH_Duyet>
  <NCKH_Duyet>
    <HoSoId>1823</HoSoId>
  </NCKH_Duyet>
  <NCKH_Duyet>
    <HoSoId>1821</HoSoId>
  </NCKH_Duyet>
  <NCKH_Duyet>
    <HoSoId>1434</HoSoId>
  </NCKH_Duyet>
  <NCKH_Duyet>
    <HoSoId>1297</HoSoId>
  </NCKH_Duyet>
  <NCKH_Duyet>
    <HoSoId>1310</HoSoId>
  </NCKH_Duyet>
  <NCKH_Duyet>
    <HoSoId>1842</HoSoId>
  </NCKH_Duyet>
  <NCKH_Duyet>
    <HoSoId>1881</HoSoId>
  </NCKH_Duyet>
  <NCKH_Duyet>
    <HoSoId>1847</HoSoId>
  </NCKH_Duyet>
  <NCKH_Duyet>
    <HoSoId>1848</HoSoId>
  </NCKH_Duyet>
  <NCKH_Duyet>
    <HoSoId>1864</HoSoId>
  </NCKH_Duyet>
  <NCKH_Duyet>
    <HoSoId>1869</HoSoId>
  </NCKH_Duyet>
  <NCKH_Duyet>
    <HoSoId>1866</HoSoId>
  </NCKH_Duyet>
  <NCKH_Duyet>
    <HoSoId>13</HoSoId>
  </NCKH_Duyet>
  <NCKH_Duyet>
    <HoSoId>1859</HoSoId>
  </NCKH_Duyet>
  <NCKH_Duyet>
    <HoSoId>1856</HoSoId>
  </NCKH_Duyet>
  <NCKH_Duyet>
    <HoSoId>1853</HoSoId>
  </NCKH_Duyet>
  <NCKH_Duyet>
    <HoSoId>1850</HoSoId>
  </NCKH_Duyet>
  <NCKH_Duyet>
    <HoSoId>1862</HoSoId>
  </NCKH_Duyet>
  <NCKH_Duyet>
    <HoSoId>1873</HoSoId>
  </NCKH_Duyet>
  <NCKH_Duyet>
    <HoSoId>1836</HoSoId>
  </NCKH_Duyet>
  <NCKH_Duyet>
    <HoSoId>1556</HoSoId>
  </NCKH_Duyet>
  <NCKH_Duyet>
    <HoSoId>1622</HoSoId>
  </NCKH_Duyet>
  <NCKH_Duyet>
    <HoSoId>1883</HoSoId>
  </NCKH_Duyet>
  <NCKH_Duyet>
    <HoSoId>1886</HoSoId>
  </NCKH_Duyet>
  <NCKH_Duyet>
    <HoSoId>1890</HoSoId>
  </NCKH_Duyet>
  <NCKH_Duyet>
    <HoSoId>1638</HoSoId>
  </NCKH_Duyet>
  <NCKH_Duyet>
    <HoSoId>1894</HoSoId>
  </NCKH_Duyet>
  <NCKH_Duyet>
    <HoSoId>1466</HoSoId>
  </NCKH_Duyet>
  <NCKH_Duyet>
    <HoSoId>1261</HoSoId>
  </NCKH_Duyet>
  <NCKH_Duyet>
    <HoSoId>1892</HoSoId>
  </NCKH_Duyet>
  <NCKH_Duyet>
    <HoSoId>1840</HoSoId>
  </NCKH_Duyet>
  <NCKH_Duyet>
    <HoSoId>1901</HoSoId>
  </NCKH_Duyet>
  <NCKH_Duyet>
    <HoSoId>1907</HoSoId>
  </NCKH_Duyet>
  <NCKH_Duyet>
    <HoSoId>1910</HoSoId>
  </NCKH_Duyet>
</data>