﻿<data>
  <CBGD>
    <GiangVienId>106</GiangVienId>
    <MaHP>ET2030</MaHP>
    <SoLop>1</SoLop>
  </CBGD>
  <CBGD>
    <GiangVienId>31</GiangVienId>
    <MaHP>ET2030</MaHP>
    <SoLop>2</SoLop>
  </CBGD>
  <CBGD>
    <GiangVienId>15</GiangVienId>
    <MaHP>ET2030</MaHP>
    <SoLop>2</SoLop>
  </CBGD>
  <CBGD>
    <GiangVienId>32</GiangVienId>
    <MaHP>ET2030</MaHP>
  </CBGD>
  <CBGD>
    <GiangVienId>23</GiangVienId>
    <MaHP>ET2030</MaHP>
    <SoLop>2</SoLop>
  </CBGD>
  <CBGD>
    <GiangVienId>13</GiangVienId>
    <MaHP>ET2040</MaHP>
    <SoLop>2</SoLop>
  </CBGD>
  <CBGD>
    <GiangVienId>5</GiangVienId>
    <MaHP>ET2040</MaHP>
    <SoLop>2</SoLop>
  </CBGD>
  <CBGD>
    <GiangVienId>8</GiangVienId>
    <MaHP>ET2040</MaHP>
    <SoLop>1</SoLop>
  </CBGD>
  <CBGD>
    <GiangVienId>3660</GiangVienId>
    <MaHP>ET2040</MaHP>
    <SoLop>1</SoLop>
  </CBGD>
  <CBGD>
    <GiangVienId>13</GiangVienId>
    <MaHP>ET2041</MaHP>
  </CBGD>
  <CBGD>
    <GiangVienId>5</GiangVienId>
    <MaHP>ET2041</MaHP>
  </CBGD>
  <CBGD>
    <GiangVienId>8</GiangVienId>
    <MaHP>ET2041</MaHP>
    <SoLop>2</SoLop>
  </CBGD>
  <CBGD>
    <GiangVienId>3660</GiangVienId>
    <MaHP>ET2041</MaHP>
  </CBGD>
  <CBGD>
    <GiangVienId>76</GiangVienId>
    <MaHP>ET2050</MaHP>
    <SoLop>3</SoLop>
  </CBGD>
  <CBGD>
    <GiangVienId>85</GiangVienId>
    <MaHP>ET2050</MaHP>
    <SoLop>2</SoLop>
  </CBGD>
  <CBGD>
    <GiangVienId>83</GiangVienId>
    <MaHP>ET2050</MaHP>
    <SoLop>1</SoLop>
  </CBGD>
  <CBGD>
    <GiangVienId>76</GiangVienId>
    <MaHP>ET2060</MaHP>
    <SoLop>1</SoLop>
  </CBGD>
  <CBGD>
    <GiangVienId>85</GiangVienId>
    <MaHP>ET2060</MaHP>
    <SoLop>1</SoLop>
  </CBGD>
  <CBGD>
    <GiangVienId>81</GiangVienId>
    <MaHP>ET2060</MaHP>
    <SoLop>1</SoLop>
  </CBGD>
  <CBGD>
    <GiangVienId>82</GiangVienId>
    <MaHP>ET2060</MaHP>
    <SoLop>2</SoLop>
  </CBGD>
  <CBGD>
    <GiangVienId>79</GiangVienId>
    <MaHP>ET2060</MaHP>
    <SoLop>2</SoLop>
  </CBGD>
  <CBGD>
    <GiangVienId>76</GiangVienId>
    <MaHP>ET2070</MaHP>
    <SoLop>1</SoLop>
  </CBGD>
  <CBGD>
    <GiangVienId>74</GiangVienId>
    <MaHP>ET2070</MaHP>
    <SoLop>4</SoLop>
  </CBGD>
  <CBGD>
    <GiangVienId>83</GiangVienId>
    <MaHP>ET2070</MaHP>
    <SoLop>3</SoLop>
  </CBGD>
  <CBGD>
    <GiangVienId>74</GiangVienId>
    <MaHP>ET2080</MaHP>
  </CBGD>
  <CBGD>
    <GiangVienId>87</GiangVienId>
    <MaHP>ET2080</MaHP>
    <SoLop>3</SoLop>
  </CBGD>
  <CBGD>
    <GiangVienId>80</GiangVienId>
    <MaHP>ET2080</MaHP>
    <SoLop>4</SoLop>
  </CBGD>
  <CBGD>
    <GiangVienId>42</GiangVienId>
    <MaHP>ET3210</MaHP>
    <SoLop>2</SoLop>
  </CBGD>
  <CBGD>
    <GiangVienId>41</GiangVienId>
    <MaHP>ET3210</MaHP>
    <SoLop>3</SoLop>
  </CBGD>
  <CBGD>
    <GiangVienId>54</GiangVienId>
    <MaHP>ET3210</MaHP>
    <SoLop>3</SoLop>
  </CBGD>
  <CBGD>
    <GiangVienId>30</GiangVienId>
    <MaHP>ET3220</MaHP>
    <SoLop>4</SoLop>
  </CBGD>
  <CBGD>
    <GiangVienId>18</GiangVienId>
    <MaHP>ET3220</MaHP>
    <SoLop>3</SoLop>
  </CBGD>
  <CBGD>
    <GiangVienId>16</GiangVienId>
    <MaHP>ET3220</MaHP>
    <SoLop>2</SoLop>
  </CBGD>
  <CBGD>
    <GiangVienId>24</GiangVienId>
    <MaHP>ET4020</MaHP>
    <SoLop>1</SoLop>
  </CBGD>
  <CBGD>
    <GiangVienId>79</GiangVienId>
    <MaHP>ET4020</MaHP>
    <SoLop>1</SoLop>
  </CBGD>
  <CBGD>
    <GiangVienId>81</GiangVienId>
    <MaHP>ET4020</MaHP>
    <SoLop>2</SoLop>
  </CBGD>
  <CBGD>
    <GiangVienId>82</GiangVienId>
    <MaHP>ET4020</MaHP>
    <SoLop>1</SoLop>
  </CBGD>
  <CBGD>
    <GiangVienId>24</GiangVienId>
    <MaHP>ET4021</MaHP>
    <SoLop>1</SoLop>
  </CBGD>
  <CBGD>
    <GiangVienId>79</GiangVienId>
    <MaHP>ET4021</MaHP>
  </CBGD>
  <CBGD>
    <GiangVienId>81</GiangVienId>
    <MaHP>ET4021</MaHP>
  </CBGD>
  <CBGD>
    <GiangVienId>82</GiangVienId>
    <MaHP>ET4021</MaHP>
    <SoLop>1</SoLop>
  </CBGD>
  <CBGD>
    <GiangVienId>26</GiangVienId>
    <MaHP>ET4030</MaHP>
    <SoLop>2</SoLop>
  </CBGD>
  <CBGD>
    <GiangVienId>19</GiangVienId>
    <MaHP>ET4030</MaHP>
    <SoLop>2</SoLop>
  </CBGD>
  <CBGD>
    <GiangVienId>16</GiangVienId>
    <MaHP>ET4030</MaHP>
    <SoLop>1</SoLop>
  </CBGD>
  <CBGD>
    <GiangVienId>26</GiangVienId>
    <MaHP>ET4031</MaHP>
  </CBGD>
  <CBGD>
    <GiangVienId>19</GiangVienId>
    <MaHP>ET4031</MaHP>
    <SoLop>1</SoLop>
  </CBGD>
  <CBGD>
    <GiangVienId>16</GiangVienId>
    <MaHP>ET4031</MaHP>
    <SoLop>1</SoLop>
  </CBGD>
  <CBGD>
    <GiangVienId>3047</GiangVienId>
    <MaHP>ET4040</MaHP>
  </CBGD>
  <CBGD>
    <GiangVienId>23</GiangVienId>
    <MaHP>ET4040</MaHP>
    <SoLop>3</SoLop>
  </CBGD>
  <CBGD>
    <GiangVienId>26</GiangVienId>
    <MaHP>ET4040</MaHP>
    <SoLop>1</SoLop>
  </CBGD>
  <CBGD>
    <GiangVienId>57</GiangVienId>
    <MaHP>ET4090</MaHP>
    <SoLop>1</SoLop>
  </CBGD>
  <CBGD>
    <GiangVienId>33</GiangVienId>
    <MaHP>ET4090</MaHP>
  </CBGD>
  <CBGD>
    <GiangVienId>35</GiangVienId>
    <MaHP>ET4090</MaHP>
    <SoLop>1</SoLop>
  </CBGD>
  <CBGD>
    <GiangVienId>54</GiangVienId>
    <MaHP>ET4090</MaHP>
    <SoLop>1</SoLop>
  </CBGD>
  <CBGD>
    <GiangVienId>10</GiangVienId>
    <MaHP>ET4100</MaHP>
  </CBGD>
  <CBGD>
    <GiangVienId>2</GiangVienId>
    <MaHP>ET4100</MaHP>
    <SoLop>1</SoLop>
  </CBGD>
  <CBGD>
    <GiangVienId>2</GiangVienId>
    <MaHP>ET4110</MaHP>
  </CBGD>
  <CBGD>
    <GiangVienId>13</GiangVienId>
    <MaHP>ET4110</MaHP>
    <SoLop>1</SoLop>
  </CBGD>
  <CBGD>
    <GiangVienId>12</GiangVienId>
    <MaHP>ET4120</MaHP>
    <SoLop>1</SoLop>
  </CBGD>
  <CBGD>
    <GiangVienId>5</GiangVienId>
    <MaHP>ET4120</MaHP>
  </CBGD>
  <CBGD>
    <GiangVienId>38</GiangVienId>
    <MaHP>ET4130</MaHP>
  </CBGD>
  <CBGD>
    <GiangVienId>40</GiangVienId>
    <MaHP>ET4130</MaHP>
  </CBGD>
  <CBGD>
    <GiangVienId>36</GiangVienId>
    <MaHP>ET4130</MaHP>
    <SoLop>1</SoLop>
  </CBGD>
  <CBGD>
    <GiangVienId>40</GiangVienId>
    <MaHP>ET4150</MaHP>
  </CBGD>
  <CBGD>
    <GiangVienId>37</GiangVienId>
    <MaHP>ET4150</MaHP>
  </CBGD>
  <CBGD>
    <GiangVienId>35</GiangVienId>
    <MaHP>ET4150</MaHP>
  </CBGD>
  <CBGD>
    <GiangVienId>68</GiangVienId>
    <MaHP>ET4230</MaHP>
    <SoLop>2</SoLop>
  </CBGD>
  <CBGD>
    <GiangVienId>73</GiangVienId>
    <MaHP>ET4230</MaHP>
    <SoLop>2</SoLop>
  </CBGD>
  <CBGD>
    <GiangVienId>44</GiangVienId>
    <MaHP>ET4230</MaHP>
    <SoLop>3</SoLop>
  </CBGD>
  <CBGD>
    <GiangVienId>35</GiangVienId>
    <MaHP>ET4230</MaHP>
  </CBGD>
  <CBGD>
    <GiangVienId>18</GiangVienId>
    <MaHP>ET4230</MaHP>
  </CBGD>
  <CBGD>
    <GiangVienId>40</GiangVienId>
    <MaHP>ET4330</MaHP>
    <SoLop>3</SoLop>
  </CBGD>
  <CBGD>
    <GiangVienId>47</GiangVienId>
    <MaHP>ET4330</MaHP>
  </CBGD>
  <CBGD>
    <GiangVienId>60</GiangVienId>
    <MaHP>ET4330</MaHP>
  </CBGD>
  <CBGD>
    <GiangVienId>73</GiangVienId>
    <MaHP>ET4330</MaHP>
    <SoLop>1</SoLop>
  </CBGD>
  <CBGD>
    <GiangVienId>56</GiangVienId>
    <MaHP>ET4340</MaHP>
    <SoLop>1</SoLop>
  </CBGD>
  <CBGD>
    <GiangVienId>104</GiangVienId>
    <MaHP>ET4340</MaHP>
    <SoLop>1</SoLop>
  </CBGD>
  <CBGD>
    <GiangVienId>20</GiangVienId>
    <MaHP>ET4360</MaHP>
    <SoLop>3</SoLop>
  </CBGD>
  <CBGD>
    <GiangVienId>49</GiangVienId>
    <MaHP>ET4370</MaHP>
    <SoLop>3</SoLop>
  </CBGD>
  <CBGD>
    <GiangVienId>57</GiangVienId>
    <MaHP>ET4380</MaHP>
  </CBGD>
  <CBGD>
    <GiangVienId>46</GiangVienId>
    <MaHP>ET4380</MaHP>
    <SoLop>2</SoLop>
  </CBGD>
  <CBGD>
    <GiangVienId>33</GiangVienId>
    <MaHP>ET4380</MaHP>
    <SoLop>1</SoLop>
  </CBGD>
  <CBGD>
    <GiangVienId>10</GiangVienId>
    <MaHP>ET4470</MaHP>
  </CBGD>
  <CBGD>
    <GiangVienId>5</GiangVienId>
    <MaHP>ET4470</MaHP>
  </CBGD>
  <CBGD>
    <GiangVienId>3660</GiangVienId>
    <MaHP>ET4470</MaHP>
    <SoLop>1</SoLop>
  </CBGD>
  <CBGD>
    <GiangVienId>12</GiangVienId>
    <MaHP>ET4520</MaHP>
  </CBGD>
  <CBGD>
    <GiangVienId>5</GiangVienId>
    <MaHP>ET4520</MaHP>
    <SoLop>2</SoLop>
  </CBGD>
  <CBGD>
    <GiangVienId>3047</GiangVienId>
    <MaHP>ET4590</MaHP>
  </CBGD>
  <CBGD>
    <GiangVienId>2</GiangVienId>
    <MaHP>ET4590</MaHP>
  </CBGD>
  <CBGD>
    <GiangVienId>18</GiangVienId>
    <MaHP>ET4590</MaHP>
    <SoLop>1</SoLop>
  </CBGD>
  <CBGD>
    <GiangVienId>33</GiangVienId>
    <MaHP>ET5240</MaHP>
  </CBGD>
  <CBGD>
    <GiangVienId>35</GiangVienId>
    <MaHP>ET5240</MaHP>
  </CBGD>
  <CBGD>
    <GiangVienId>38</GiangVienId>
    <MaHP>ET5260</MaHP>
  </CBGD>
  <CBGD>
    <GiangVienId>40</GiangVienId>
    <MaHP>ET5260</MaHP>
  </CBGD>
  <CBGD>
    <GiangVienId>36</GiangVienId>
    <MaHP>ET5260</MaHP>
  </CBGD>
  <CBGD>
    <GiangVienId>37</GiangVienId>
    <MaHP>ET5260</MaHP>
  </CBGD>
  <CBGD>
    <GiangVienId>36</GiangVienId>
    <MaHP>ET5270</MaHP>
    <SoLop>1</SoLop>
  </CBGD>
  <CBGD>
    <GiangVienId>35</GiangVienId>
    <MaHP>ET5270</MaHP>
    <SoLop>1</SoLop>
  </CBGD>
  <CBGD>
    <GiangVienId>33</GiangVienId>
    <MaHP>ET5270</MaHP>
  </CBGD>
  <CBGD>
    <GiangVienId>38</GiangVienId>
    <MaHP>ET5290</MaHP>
    <SoLop>1</SoLop>
  </CBGD>
  <CBGD>
    <GiangVienId>40</GiangVienId>
    <MaHP>ET5290</MaHP>
  </CBGD>
  <CBGD>
    <GiangVienId>15</GiangVienId>
    <MaHP>ET4060</MaHP>
    <SoLop>1</SoLop>
  </CBGD>
  <CBGD>
    <GiangVienId>32</GiangVienId>
    <MaHP>ET4060</MaHP>
    <SoLop>2</SoLop>
  </CBGD>
  <CBGD>
    <GiangVienId>32</GiangVienId>
    <MaHP>ET2100</MaHP>
    <SoLop>1</SoLop>
  </CBGD>
  <CBGD>
    <GiangVienId>15</GiangVienId>
    <MaHP>ET2100</MaHP>
    <SoLop>3</SoLop>
  </CBGD>
  <CBGD>
    <GiangVienId>106</GiangVienId>
    <MaHP>ET2100</MaHP>
    <SoLop>2</SoLop>
  </CBGD>
  <CBGD>
    <GiangVienId>32</GiangVienId>
    <MaHP>ET4430</MaHP>
    <SoLop>1</SoLop>
  </CBGD>
  <CBGD>
    <GiangVienId>106</GiangVienId>
    <MaHP>ET4430</MaHP>
    <SoLop>4</SoLop>
  </CBGD>
  <CBGD>
    <GiangVienId>37</GiangVienId>
    <MaHP>ET4400</MaHP>
    <SoLop>2</SoLop>
  </CBGD>
  <CBGD>
    <GiangVienId>25</GiangVienId>
    <MaHP>ET4610</MaHP>
    <SoLop>1</SoLop>
  </CBGD>
  <CBGD>
    <GiangVienId>17</GiangVienId>
    <MaHP>ET4610</MaHP>
    <SoLop>2</SoLop>
  </CBGD>
  <CBGD>
    <GiangVienId>10</GiangVienId>
    <MaHP>ET4570</MaHP>
    <SoLop>1</SoLop>
  </CBGD>
  <CBGD>
    <GiangVienId>5</GiangVienId>
    <MaHP>ET4570</MaHP>
  </CBGD>
  <CBGD>
    <GiangVienId>8</GiangVienId>
    <MaHP>ET4540</MaHP>
    <SoLop>1</SoLop>
  </CBGD>
  <CBGD>
    <GiangVienId>5</GiangVienId>
    <MaHP>ET4540</MaHP>
    <SoLop>1</SoLop>
  </CBGD>
  <CBGD>
    <GiangVienId>12</GiangVienId>
    <MaHP>ET4540</MaHP>
  </CBGD>
  <CBGD>
    <GiangVienId>3660</GiangVienId>
    <MaHP>ET2012</MaHP>
    <SoLop>1</SoLop>
  </CBGD>
  <CBGD>
    <GiangVienId>13</GiangVienId>
    <MaHP>ET2012</MaHP>
    <SoLop>2</SoLop>
  </CBGD>
  <CBGD>
    <GiangVienId>12</GiangVienId>
    <MaHP>ET2012</MaHP>
  </CBGD>
  <CBGD>
    <GiangVienId>3655</GiangVienId>
    <MaHP>ET2012</MaHP>
  </CBGD>
  <CBGD>
    <GiangVienId>3047</GiangVienId>
    <MaHP>ET2012</MaHP>
    <SoLop>1</SoLop>
  </CBGD>
  <CBGD>
    <GiangVienId>25</GiangVienId>
    <MaHP>ET2012</MaHP>
    <SoLop>2</SoLop>
  </CBGD>
  <CBGD>
    <GiangVienId>42</GiangVienId>
    <MaHP>ET4310</MaHP>
    <SoLop>1</SoLop>
  </CBGD>
  <CBGD>
    <GiangVienId>46</GiangVienId>
    <MaHP>ET4310</MaHP>
    <SoLop>1</SoLop>
  </CBGD>
  <CBGD>
    <GiangVienId>47</GiangVienId>
    <MaHP>ET4310</MaHP>
  </CBGD>
  <CBGD>
    <GiangVienId>34</GiangVienId>
    <MaHP>ET4310</MaHP>
    <SoLop>2</SoLop>
  </CBGD>
  <CBGD>
    <GiangVienId>3047</GiangVienId>
    <MaHP>ET2040E</MaHP>
  </CBGD>
  <CBGD>
    <GiangVienId>25</GiangVienId>
    <MaHP>ET2040E</MaHP>
    <SoLop>1</SoLop>
  </CBGD>
  <CBGD>
    <GiangVienId>104</GiangVienId>
    <MaHP>ET3014</MaHP>
    <SoLop>1</SoLop>
  </CBGD>
  <CBGD>
    <GiangVienId>57</GiangVienId>
    <MaHP>ET3044</MaHP>
    <SoLop>1</SoLop>
  </CBGD>
  <CBGD>
    <GiangVienId>42</GiangVienId>
    <MaHP>ET3054</MaHP>
    <SoLop>1</SoLop>
  </CBGD>
  <CBGD>
    <GiangVienId>40</GiangVienId>
    <MaHP>ET3064</MaHP>
    <SoLop>1</SoLop>
  </CBGD>
  <CBGD>
    <GiangVienId>2</GiangVienId>
    <MaHP>ET3176</MaHP>
    <SoLop>1</SoLop>
  </CBGD>
  <CBGD>
    <GiangVienId>3</GiangVienId>
    <MaHP>ET3176</MaHP>
  </CBGD>
  <CBGD>
    <GiangVienId>4</GiangVienId>
    <MaHP>ET3176</MaHP>
  </CBGD>
  <CBGD>
    <GiangVienId>5</GiangVienId>
    <MaHP>ET3176</MaHP>
  </CBGD>
  <CBGD>
    <GiangVienId>8</GiangVienId>
    <MaHP>ET3176</MaHP>
  </CBGD>
  <CBGD>
    <GiangVienId>10</GiangVienId>
    <MaHP>ET3176</MaHP>
  </CBGD>
  <CBGD>
    <GiangVienId>12</GiangVienId>
    <MaHP>ET3176</MaHP>
  </CBGD>
  <CBGD>
    <GiangVienId>3655</GiangVienId>
    <MaHP>ET3176</MaHP>
  </CBGD>
  <CBGD>
    <GiangVienId>56</GiangVienId>
    <MaHP>ET3240E</MaHP>
  </CBGD>
  <CBGD>
    <GiangVienId>52</GiangVienId>
    <MaHP>ET3240E</MaHP>
    <SoLop>1</SoLop>
  </CBGD>
  <CBGD>
    <GiangVienId>53</GiangVienId>
    <MaHP>ET3240E</MaHP>
  </CBGD>
  <CBGD>
    <GiangVienId>60</GiangVienId>
    <MaHP>ET3250E</MaHP>
    <SoLop>1</SoLop>
  </CBGD>
  <CBGD>
    <GiangVienId>57</GiangVienId>
    <MaHP>ET4090E</MaHP>
  </CBGD>
  <CBGD>
    <GiangVienId>33</GiangVienId>
    <MaHP>ET4090E</MaHP>
    <SoLop>1</SoLop>
  </CBGD>
  <CBGD>
    <GiangVienId>57</GiangVienId>
    <MaHP>ET4240E</MaHP>
  </CBGD>
  <CBGD>
    <GiangVienId>60</GiangVienId>
    <MaHP>ET4240E</MaHP>
    <SoLop>1</SoLop>
  </CBGD>
  <CBGD>
    <GiangVienId>68</GiangVienId>
    <MaHP>ET4280E</MaHP>
  </CBGD>
  <CBGD>
    <GiangVienId>49</GiangVienId>
    <MaHP>ET4300</MaHP>
    <SoLop>1</SoLop>
  </CBGD>
  <CBGD>
    <GiangVienId>42</GiangVienId>
    <MaHP>ET4310E</MaHP>
  </CBGD>
  <CBGD>
    <GiangVienId>46</GiangVienId>
    <MaHP>ET4310E</MaHP>
  </CBGD>
  <CBGD>
    <GiangVienId>47</GiangVienId>
    <MaHP>ET4310E</MaHP>
    <SoLop>1</SoLop>
  </CBGD>
  <CBGD>
    <GiangVienId>4</GiangVienId>
    <MaHP>ET4486</MaHP>
    <SoLop>1</SoLop>
  </CBGD>
  <CBGD>
    <GiangVienId>3655</GiangVienId>
    <MaHP>ET4497</MaHP>
    <SoLop>1</SoLop>
  </CBGD>
  <CBGD>
    <GiangVienId>3</GiangVienId>
    <MaHP>ET4498</MaHP>
    <SoLop>1</SoLop>
  </CBGD>
  <CBGD>
    <GiangVienId>12</GiangVienId>
    <MaHP>ET4546</MaHP>
    <SoLop>1</SoLop>
  </CBGD>
  <CBGD>
    <GiangVienId>2</GiangVienId>
    <MaHP>ET4566</MaHP>
    <SoLop>1</SoLop>
  </CBGD>
  <CBGD>
    <GiangVienId>2</GiangVienId>
    <MaHP>ET5028</MaHP>
  </CBGD>
  <CBGD>
    <GiangVienId>3</GiangVienId>
    <MaHP>ET5028</MaHP>
    <SoLop>1</SoLop>
  </CBGD>
  <CBGD>
    <GiangVienId>4</GiangVienId>
    <MaHP>ET5028</MaHP>
  </CBGD>
  <CBGD>
    <GiangVienId>5</GiangVienId>
    <MaHP>ET5028</MaHP>
  </CBGD>
  <CBGD>
    <GiangVienId>8</GiangVienId>
    <MaHP>ET5028</MaHP>
  </CBGD>
  <CBGD>
    <GiangVienId>10</GiangVienId>
    <MaHP>ET5028</MaHP>
  </CBGD>
  <CBGD>
    <GiangVienId>12</GiangVienId>
    <MaHP>ET5028</MaHP>
  </CBGD>
  <CBGD>
    <GiangVienId>3655</GiangVienId>
    <MaHP>ET5028</MaHP>
  </CBGD>
  <CBGD>
    <GiangVienId>76</GiangVienId>
    <MaHP>ET2014</MaHP>
    <SoLop>1</SoLop>
  </CBGD>
  <CBGD>
    <GiangVienId>25</GiangVienId>
    <MaHP>ET3230E</MaHP>
    <SoLop>1</SoLop>
  </CBGD>
  <CBGD>
    <GiangVienId>56</GiangVienId>
    <MaHP>ET3230E</MaHP>
  </CBGD>
  <CBGD>
    <GiangVienId>17</GiangVienId>
    <MaHP>ET3300E</MaHP>
  </CBGD>
  <CBGD>
    <GiangVienId>19</GiangVienId>
    <MaHP>ET3300E</MaHP>
  </CBGD>
  <CBGD>
    <GiangVienId>30</GiangVienId>
    <MaHP>ET3300E</MaHP>
    <SoLop>1</SoLop>
  </CBGD>
  <CBGD>
    <GiangVienId>3047</GiangVienId>
    <MaHP>ET4040E</MaHP>
    <SoLop>1</SoLop>
  </CBGD>
  <CBGD>
    <GiangVienId>26</GiangVienId>
    <MaHP>ET4040E</MaHP>
  </CBGD>
  <CBGD>
    <GiangVienId>57</GiangVienId>
    <MaHP>ET4070E</MaHP>
    <SoLop>1</SoLop>
  </CBGD>
  <CBGD>
    <GiangVienId>18</GiangVienId>
    <MaHP>ET5080E</MaHP>
  </CBGD>
  <CBGD>
    <GiangVienId>16</GiangVienId>
    <MaHP>ET5080E</MaHP>
    <SoLop>1</SoLop>
  </CBGD>
  <CBGD>
    <GiangVienId>3047</GiangVienId>
    <MaHP>ET2015</MaHP>
  </CBGD>
  <CBGD>
    <GiangVienId>25</GiangVienId>
    <MaHP>ET2015</MaHP>
    <SoLop>1</SoLop>
  </CBGD>
  <CBGD>
    <GiangVienId>32</GiangVienId>
    <MaHP>ET3006</MaHP>
  </CBGD>
  <CBGD>
    <GiangVienId>83</GiangVienId>
    <MaHP>ET3036</MaHP>
  </CBGD>
  <CBGD>
    <GiangVienId>3660</GiangVienId>
    <MaHP>ET3076</MaHP>
  </CBGD>
  <CBGD>
    <GiangVienId>14</GiangVienId>
    <MaHP>ET3076</MaHP>
  </CBGD>
  <CBGD>
    <GiangVienId>2</GiangVienId>
    <MaHP>ET3178</MaHP>
  </CBGD>
  <CBGD>
    <GiangVienId>3</GiangVienId>
    <MaHP>ET3178</MaHP>
  </CBGD>
  <CBGD>
    <GiangVienId>4</GiangVienId>
    <MaHP>ET3178</MaHP>
  </CBGD>
  <CBGD>
    <GiangVienId>5</GiangVienId>
    <MaHP>ET3178</MaHP>
  </CBGD>
  <CBGD>
    <GiangVienId>8</GiangVienId>
    <MaHP>ET3178</MaHP>
  </CBGD>
  <CBGD>
    <GiangVienId>10</GiangVienId>
    <MaHP>ET3178</MaHP>
  </CBGD>
  <CBGD>
    <GiangVienId>12</GiangVienId>
    <MaHP>ET3178</MaHP>
  </CBGD>
  <CBGD>
    <GiangVienId>3655</GiangVienId>
    <MaHP>ET3178</MaHP>
  </CBGD>
  <CBGD>
    <GiangVienId>37</GiangVienId>
    <MaHP>ET2080</MaHP>
    <SoLop>1</SoLop>
  </CBGD>
  <CBGD>
    <GiangVienId>38</GiangVienId>
    <MaHP>ET6160</MaHP>
    <SoLop>1</SoLop>
  </CBGD>
  <CBGD>
    <GiangVienId>69</GiangVienId>
    <MaHP>ET6160</MaHP>
  </CBGD>
  <CBGD>
    <GiangVienId>40</GiangVienId>
    <MaHP>ET6210</MaHP>
  </CBGD>
  <CBGD>
    <GiangVienId>69</GiangVienId>
    <MaHP>ET6210</MaHP>
    <SoLop>1</SoLop>
  </CBGD>
  <CBGD>
    <GiangVienId>43</GiangVienId>
    <MaHP>ET6200</MaHP>
    <SoLop>1</SoLop>
  </CBGD>
  <CBGD>
    <GiangVienId>3655</GiangVienId>
    <MaHP>ET6300</MaHP>
  </CBGD>
  <CBGD>
    <GiangVienId>24</GiangVienId>
    <MaHP>ET6080</MaHP>
    <SoLop>1</SoLop>
  </CBGD>
  <CBGD>
    <GiangVienId>26</GiangVienId>
    <MaHP>ET6250</MaHP>
    <SoLop>1</SoLop>
  </CBGD>
  <CBGD>
    <GiangVienId>56</GiangVienId>
    <MaHP>ET6250</MaHP>
  </CBGD>
  <CBGD>
    <GiangVienId>19</GiangVienId>
    <MaHP>ET6220</MaHP>
    <SoLop>1</SoLop>
  </CBGD>
  <CBGD>
    <GiangVienId>3047</GiangVienId>
    <MaHP>ET6220</MaHP>
  </CBGD>
  <CBGD>
    <GiangVienId>39</GiangVienId>
    <MaHP>ET6070</MaHP>
    <SoLop>1</SoLop>
  </CBGD>
  <CBGD>
    <GiangVienId>76</GiangVienId>
    <MaHP>ET6070</MaHP>
  </CBGD>
  <CBGD>
    <GiangVienId>79</GiangVienId>
    <MaHP>ET6070</MaHP>
  </CBGD>
  <CBGD>
    <GiangVienId>74</GiangVienId>
    <MaHP>ET6070</MaHP>
  </CBGD>
  <CBGD>
    <GiangVienId>32</GiangVienId>
    <MaHP>ET6230</MaHP>
    <SoLop>1</SoLop>
  </CBGD>
  <CBGD>
    <GiangVienId>61</GiangVienId>
    <MaHP>ET6040</MaHP>
    <SoLop>1</SoLop>
  </CBGD>
  <CBGD>
    <GiangVienId>68</GiangVienId>
    <MaHP>ET6040</MaHP>
  </CBGD>
  <CBGD>
    <GiangVienId>59</GiangVienId>
    <MaHP>ET6040</MaHP>
  </CBGD>
  <CBGD>
    <GiangVienId>73</GiangVienId>
    <MaHP>ET6040</MaHP>
  </CBGD>
  <CBGD>
    <GiangVienId>47</GiangVienId>
    <MaHP>ET6040</MaHP>
  </CBGD>
  <CBGD>
    <GiangVienId>57</GiangVienId>
    <MaHP>ET6030</MaHP>
  </CBGD>
  <CBGD>
    <GiangVienId>60</GiangVienId>
    <MaHP>ET6030</MaHP>
    <SoLop>1</SoLop>
  </CBGD>
  <CBGD>
    <GiangVienId>3660</GiangVienId>
    <MaHP>ET4520</MaHP>
    <SoLop>1</SoLop>
  </CBGD>
  <CBGD>
    <GiangVienId>10</GiangVienId>
    <MaHP>ET7061</MaHP>
    <SoLop>1</SoLop>
  </CBGD>
  <CBGD>
    <GiangVienId>30</GiangVienId>
    <MaHP>ET7000</MaHP>
    <SoLop>1</SoLop>
  </CBGD>
  <CBGD>
    <GiangVienId>69</GiangVienId>
    <MaHP>ET7081</MaHP>
    <SoLop>1</SoLop>
  </CBGD>
  <CBGD>
    <GiangVienId>3047</GiangVienId>
    <MaHP>ET7111</MaHP>
    <SoLop>1</SoLop>
  </CBGD>
  <CBGD>
    <GiangVienId>3047</GiangVienId>
    <MaHP>ET7030</MaHP>
    <SoLop>1</SoLop>
  </CBGD>
  <CBGD>
    <GiangVienId>57</GiangVienId>
    <MaHP>ET7101</MaHP>
    <SoLop>1</SoLop>
  </CBGD>
  <CBGD>
    <GiangVienId>60</GiangVienId>
    <MaHP>ET7010</MaHP>
    <SoLop>1</SoLop>
  </CBGD>
  <CBGD>
    <GiangVienId>42</GiangVienId>
    <MaHP>ET7131</MaHP>
    <SoLop>1</SoLop>
  </CBGD>
  <CBGD>
    <GiangVienId>32</GiangVienId>
    <MaHP>ET6470</MaHP>
  </CBGD>
  <CBGD>
    <GiangVienId>18</GiangVienId>
    <MaHP>ET6470</MaHP>
  </CBGD>
  <CBGD>
    <GiangVienId>3655</GiangVienId>
    <MaHP>ET6420</MaHP>
  </CBGD>
  <CBGD>
    <GiangVienId>2</GiangVienId>
    <MaHP>ET6420</MaHP>
  </CBGD>
  <CBGD>
    <GiangVienId>10</GiangVienId>
    <MaHP>ET6360</MaHP>
  </CBGD>
  <CBGD>
    <GiangVienId>87</GiangVienId>
    <MaHP>ET6460</MaHP>
  </CBGD>
  <CBGD>
    <GiangVienId>73</GiangVienId>
    <MaHP>ET6460</MaHP>
  </CBGD>
  <CBGD>
    <GiangVienId>30</GiangVienId>
    <MaHP>ET6280</MaHP>
  </CBGD>
  <CBGD>
    <GiangVienId>47</GiangVienId>
    <MaHP>ET6110</MaHP>
  </CBGD>
  <CBGD>
    <GiangVienId>42</GiangVienId>
    <MaHP>ET6110</MaHP>
  </CBGD>
  <CBGD>
    <GiangVienId>63</GiangVienId>
    <MaHP>ET6110</MaHP>
  </CBGD>
  <CBGD>
    <GiangVienId>61</GiangVienId>
    <MaHP>ET6090</MaHP>
  </CBGD>
  <CBGD>
    <GiangVienId>68</GiangVienId>
    <MaHP>ET6090</MaHP>
  </CBGD>
  <CBGD>
    <GiangVienId>3</GiangVienId>
    <MaHP>ET6440</MaHP>
  </CBGD>
  <CBGD>
    <GiangVienId>2</GiangVienId>
    <MaHP>ET6400</MaHP>
  </CBGD>
  <CBGD>
    <GiangVienId>3</GiangVienId>
    <MaHP>ET6450</MaHP>
  </CBGD>
  <CBGD>
    <GiangVienId>3660</GiangVienId>
    <MaHP>ET6450</MaHP>
  </CBGD>
  <CBGD>
    <GiangVienId>79</GiangVienId>
    <MaHP>ET6150</MaHP>
  </CBGD>
  <CBGD>
    <GiangVienId>83</GiangVienId>
    <MaHP>ET6140</MaHP>
  </CBGD>
  <CBGD>
    <GiangVienId>40</GiangVienId>
    <MaHP>ET6140</MaHP>
  </CBGD>
  <CBGD>
    <GiangVienId>69</GiangVienId>
    <MaHP>ET6140</MaHP>
  </CBGD>
  <CBGD>
    <GiangVienId>18</GiangVienId>
    <MaHP>ET6130</MaHP>
  </CBGD>
  <CBGD>
    <GiangVienId>3047</GiangVienId>
    <MaHP>ET6130</MaHP>
  </CBGD>
  <CBGD>
    <GiangVienId>83</GiangVienId>
    <MaHP>ET6130</MaHP>
  </CBGD>
  <CBGD>
    <GiangVienId>54</GiangVienId>
    <MaHP>ET6050</MaHP>
  </CBGD>
  <CBGD>
    <GiangVienId>57</GiangVienId>
    <MaHP>ET6050</MaHP>
  </CBGD>
  <CBGD>
    <GiangVienId>33</GiangVienId>
    <MaHP>ET6050</MaHP>
  </CBGD>
  <CBGD>
    <GiangVienId>60</GiangVienId>
    <MaHP>ET6060</MaHP>
  </CBGD>
  <CBGD>
    <GiangVienId>62</GiangVienId>
    <MaHP>ET6060</MaHP>
  </CBGD>
  <CBGD>
    <GiangVienId>76</GiangVienId>
    <MaHP>ET6060</MaHP>
  </CBGD>
  <CBGD>
    <GiangVienId>79</GiangVienId>
    <MaHP>ET6060</MaHP>
  </CBGD>
  <CBGD>
    <GiangVienId>21</GiangVienId>
    <MaHP>ET2012</MaHP>
    <SoLop>10</SoLop>
  </CBGD>
  <CBGD>
    <GiangVienId>9</GiangVienId>
    <MaHP>ET2014</MaHP>
  </CBGD>
  <CBGD>
    <GiangVienId>29</GiangVienId>
    <MaHP>ET2015</MaHP>
    <SoLop>6</SoLop>
  </CBGD>
  <CBGD>
    <GiangVienId>29</GiangVienId>
    <MaHP>ET2030</MaHP>
    <SoLop>38</SoLop>
  </CBGD>
  <CBGD>
    <GiangVienId>7</GiangVienId>
    <MaHP>ET2040</MaHP>
    <SoLop>30</SoLop>
  </CBGD>
  <CBGD>
    <GiangVienId>7</GiangVienId>
    <MaHP>ET2041</MaHP>
    <SoLop>4</SoLop>
  </CBGD>
  <CBGD>
    <GiangVienId>75</GiangVienId>
    <MaHP>ET2050</MaHP>
    <SoLop>22</SoLop>
  </CBGD>
  <CBGD>
    <GiangVienId>86</GiangVienId>
    <MaHP>ET2070</MaHP>
    <SoLop>23</SoLop>
  </CBGD>
  <CBGD>
    <GiangVienId>86</GiangVienId>
    <MaHP>ET2080</MaHP>
    <SoLop>26</SoLop>
  </CBGD>
  <CBGD>
    <GiangVienId>29</GiangVienId>
    <MaHP>ET3116</MaHP>
    <SoLop>2</SoLop>
  </CBGD>
  <CBGD>
    <GiangVienId>55</GiangVienId>
    <MaHP>ET3146</MaHP>
    <SoLop>2</SoLop>
  </CBGD>
  <CBGD>
    <GiangVienId>48</GiangVienId>
    <MaHP>ET3210</MaHP>
    <SoLop>27</SoLop>
  </CBGD>
  <CBGD>
    <GiangVienId>21</GiangVienId>
    <MaHP>ET3220</MaHP>
    <SoLop>44</SoLop>
  </CBGD>
  <CBGD>
    <GiangVienId>55</GiangVienId>
    <MaHP>ET3230E</MaHP>
    <SoLop>4</SoLop>
  </CBGD>
  <CBGD>
    <GiangVienId>75</GiangVienId>
    <MaHP>ET4020</MaHP>
    <SoLop>25</SoLop>
  </CBGD>
  <CBGD>
    <GiangVienId>75</GiangVienId>
    <MaHP>ET4020E</MaHP>
    <SoLop>2</SoLop>
  </CBGD>
  <CBGD>
    <GiangVienId>75</GiangVienId>
    <MaHP>ET4021</MaHP>
    <SoLop>9</SoLop>
  </CBGD>
  <CBGD>
    <GiangVienId>21</GiangVienId>
    <MaHP>ET4040</MaHP>
    <SoLop>22</SoLop>
  </CBGD>
  <CBGD>
    <GiangVienId>21</GiangVienId>
    <MaHP>ET4040E</MaHP>
    <SoLop>2</SoLop>
  </CBGD>
  <CBGD>
    <GiangVienId>72</GiangVienId>
    <MaHP>ET4070E</MaHP>
    <SoLop>2</SoLop>
  </CBGD>
  <CBGD>
    <GiangVienId>65</GiangVienId>
    <MaHP>ET4230</MaHP>
    <SoLop>6</SoLop>
  </CBGD>
  <CBGD>
    <GiangVienId>50</GiangVienId>
    <MaHP>ET4310</MaHP>
    <SoLop>13</SoLop>
  </CBGD>
  <CBGD>
    <GiangVienId>50</GiangVienId>
    <MaHP>ET4370</MaHP>
    <SoLop>13</SoLop>
  </CBGD>
  <CBGD>
    <GiangVienId>11</GiangVienId>
    <MaHP>ET4520</MaHP>
    <SoLop>6</SoLop>
  </CBGD>
  <CBGD>
    <GiangVienId>29</GiangVienId>
    <MaHP>ET2012</MaHP>
    <SoLop>11</SoLop>
  </CBGD>
  <CBGD>
    <GiangVienId>29</GiangVienId>
    <MaHP>ET3066</MaHP>
  </CBGD>
  <CBGD>
    <GiangVienId>55</GiangVienId>
    <MaHP>ET3240E</MaHP>
    <SoLop>2</SoLop>
  </CBGD>
  <CBGD>
    <GiangVienId>11</GiangVienId>
    <MaHP>ET4100</MaHP>
    <SoLop>6</SoLop>
  </CBGD>
  <CBGD>
    <GiangVienId>11</GiangVienId>
    <MaHP>ET4110</MaHP>
    <SoLop>6</SoLop>
  </CBGD>
  <CBGD>
    <GiangVienId>11</GiangVienId>
    <MaHP>ET4120</MaHP>
    <SoLop>6</SoLop>
  </CBGD>
  <CBGD>
    <GiangVienId>64</GiangVienId>
    <MaHP>ET4230</MaHP>
    <SoLop>25</SoLop>
  </CBGD>
  <CBGD>
    <GiangVienId>72</GiangVienId>
    <MaHP>ET4280E</MaHP>
  </CBGD>
  <CBGD>
    <GiangVienId>50</GiangVienId>
    <MaHP>ET4310E</MaHP>
    <SoLop>2</SoLop>
  </CBGD>
  <CBGD>
    <GiangVienId>11</GiangVienId>
    <MaHP>ET4470</MaHP>
    <SoLop>6</SoLop>
  </CBGD>
  <CBGD>
    <GiangVienId>11</GiangVienId>
    <MaHP>ET4566</MaHP>
    <SoLop>3</SoLop>
  </CBGD>
  <CBGD>
    <GiangVienId>11</GiangVienId>
    <MaHP>ET4570</MaHP>
    <SoLop>3</SoLop>
  </CBGD>
  <CBGD>
    <GiangVienId>3047</GiangVienId>
    <MaHP>ET2011</MaHP>
    <SoLop>1</SoLop>
  </CBGD>
  <CBGD>
    <GiangVienId>26</GiangVienId>
    <MaHP>ET1000</MaHP>
  </CBGD>
  <CBGD>
    <GiangVienId>25</GiangVienId>
    <MaHP>ET1000</MaHP>
  </CBGD>
  <CBGD>
    <GiangVienId>47</GiangVienId>
    <MaHP>ET1000</MaHP>
  </CBGD>
  <CBGD>
    <GiangVienId>17</GiangVienId>
    <MaHP>ET1000</MaHP>
  </CBGD>
  <CBGD>
    <GiangVienId>39</GiangVienId>
    <MaHP>ET1000</MaHP>
  </CBGD>
  <CBGD>
    <GiangVienId>87</GiangVienId>
    <MaHP>ET6020</MaHP>
    <SoLop>1</SoLop>
  </CBGD>
  <CBGD>
    <GiangVienId>24</GiangVienId>
    <MaHP>ET6020</MaHP>
  </CBGD>
  <CBGD>
    <GiangVienId>5</GiangVienId>
    <MaHP>ET6330</MaHP>
    <SoLop>1</SoLop>
  </CBGD>
  <CBGD>
    <GiangVienId>57</GiangVienId>
    <MaHP>ET7091</MaHP>
    <SoLop>1</SoLop>
  </CBGD>
  <CBGD>
    <GiangVienId>40</GiangVienId>
    <MaHP>ET6120</MaHP>
  </CBGD>
  <CBGD>
    <GiangVienId>60</GiangVienId>
    <MaHP>ET6120</MaHP>
  </CBGD>
  <CBGD>
    <GiangVienId>57</GiangVienId>
    <MaHP>ET6120</MaHP>
  </CBGD>
  <CBGD>
    <GiangVienId>104</GiangVienId>
    <MaHP>ET6120</MaHP>
  </CBGD>
  <CBGD>
    <GiangVienId>74</GiangVienId>
    <MaHP>ET6190</MaHP>
    <SoLop>1</SoLop>
  </CBGD>
  <CBGD>
    <GiangVienId>60</GiangVienId>
    <MaHP>ET6190</MaHP>
  </CBGD>
  <CBGD>
    <GiangVienId>79</GiangVienId>
    <MaHP>ET6190</MaHP>
  </CBGD>
  <CBGD>
    <GiangVienId>4</GiangVienId>
    <MaHP>ET4550</MaHP>
    <SoLop>1</SoLop>
  </CBGD>
  <CBGD>
    <GiangVienId>8</GiangVienId>
    <MaHP>ET4550</MaHP>
    <SoLop>2</SoLop>
  </CBGD>
  <CBGD>
    <GiangVienId>32</GiangVienId>
    <MaHP>ET4290</MaHP>
    <SoLop>2</SoLop>
  </CBGD>
  <CBGD>
    <GiangVienId>69</GiangVienId>
    <MaHP>ET4290</MaHP>
    <SoLop>2</SoLop>
  </CBGD>
  <CBGD>
    <GiangVienId>73</GiangVienId>
    <MaHP>ET4280</MaHP>
    <SoLop>1</SoLop>
  </CBGD>
  <CBGD>
    <GiangVienId>68</GiangVienId>
    <MaHP>ET4280</MaHP>
  </CBGD>
  <CBGD>
    <GiangVienId>44</GiangVienId>
    <MaHP>ET4280</MaHP>
    <SoLop>1</SoLop>
  </CBGD>
  <CBGD>
    <GiangVienId>89</GiangVienId>
    <MaHP>ET2020</MaHP>
    <SoLop>3</SoLop>
  </CBGD>
  <CBGD>
    <GiangVienId>92</GiangVienId>
    <MaHP>ET2020</MaHP>
    <SoLop>3</SoLop>
  </CBGD>
  <CBGD>
    <GiangVienId>93</GiangVienId>
    <MaHP>ET2020</MaHP>
    <SoLop>3</SoLop>
  </CBGD>
  <CBGD>
    <GiangVienId>94</GiangVienId>
    <MaHP>ET2020</MaHP>
    <SoLop>3</SoLop>
  </CBGD>
  <CBGD>
    <GiangVienId>96</GiangVienId>
    <MaHP>ET2020</MaHP>
    <SoLop>3</SoLop>
  </CBGD>
  <CBGD>
    <GiangVienId>90</GiangVienId>
    <MaHP>ET2020</MaHP>
    <SoLop>3</SoLop>
  </CBGD>
  <CBGD>
    <GiangVienId>95</GiangVienId>
    <MaHP>ET2020</MaHP>
    <SoLop>3</SoLop>
  </CBGD>
  <CBGD>
    <GiangVienId>57</GiangVienId>
    <MaHP>ET3180</MaHP>
  </CBGD>
  <CBGD>
    <GiangVienId>60</GiangVienId>
    <MaHP>ET3180</MaHP>
  </CBGD>
  <CBGD>
    <GiangVienId>62</GiangVienId>
    <MaHP>ET3180</MaHP>
    <SoLop>1</SoLop>
  </CBGD>
  <CBGD>
    <GiangVienId>66</GiangVienId>
    <MaHP>ET3180</MaHP>
    <SoLop>2</SoLop>
  </CBGD>
  <CBGD>
    <GiangVienId>38</GiangVienId>
    <MaHP>ET3180</MaHP>
    <SoLop>1</SoLop>
  </CBGD>
  <CBGD>
    <GiangVienId>56</GiangVienId>
    <MaHP>ET3230</MaHP>
    <SoLop>2</SoLop>
  </CBGD>
  <CBGD>
    <GiangVienId>45</GiangVienId>
    <MaHP>ET3230</MaHP>
    <SoLop>1</SoLop>
  </CBGD>
  <CBGD>
    <GiangVienId>25</GiangVienId>
    <MaHP>ET3230</MaHP>
  </CBGD>
  <CBGD>
    <GiangVienId>52</GiangVienId>
    <MaHP>ET3230</MaHP>
  </CBGD>
  <CBGD>
    <GiangVienId>53</GiangVienId>
    <MaHP>ET3230</MaHP>
    <SoLop>2</SoLop>
  </CBGD>
  <CBGD>
    <GiangVienId>51</GiangVienId>
    <MaHP>ET3230</MaHP>
    <SoLop>2</SoLop>
  </CBGD>
  <CBGD>
    <GiangVienId>55</GiangVienId>
    <MaHP>ET3230</MaHP>
    <SoLop>42</SoLop>
  </CBGD>
  <CBGD>
    <GiangVienId>53</GiangVienId>
    <MaHP>ET3240</MaHP>
    <SoLop>1</SoLop>
  </CBGD>
  <CBGD>
    <GiangVienId>51</GiangVienId>
    <MaHP>ET3240</MaHP>
    <SoLop>2</SoLop>
  </CBGD>
  <CBGD>
    <GiangVienId>52</GiangVienId>
    <MaHP>ET3240</MaHP>
    <SoLop>2</SoLop>
  </CBGD>
  <CBGD>
    <GiangVienId>33</GiangVienId>
    <MaHP>ET3240</MaHP>
    <SoLop>1</SoLop>
  </CBGD>
  <CBGD>
    <GiangVienId>55</GiangVienId>
    <MaHP>ET3240</MaHP>
    <SoLop>32</SoLop>
  </CBGD>
  <CBGD>
    <GiangVienId>106</GiangVienId>
    <MaHP>ET3260</MaHP>
    <SoLop>1</SoLop>
  </CBGD>
  <CBGD>
    <GiangVienId>31</GiangVienId>
    <MaHP>ET3260</MaHP>
    <SoLop>4</SoLop>
  </CBGD>
  <CBGD>
    <GiangVienId>15</GiangVienId>
    <MaHP>ET3260</MaHP>
    <SoLop>1</SoLop>
  </CBGD>
  <CBGD>
    <GiangVienId>32</GiangVienId>
    <MaHP>ET3260</MaHP>
    <SoLop>2</SoLop>
  </CBGD>
  <CBGD>
    <GiangVienId>68</GiangVienId>
    <MaHP>ET3250</MaHP>
    <SoLop>1</SoLop>
  </CBGD>
  <CBGD>
    <GiangVienId>39</GiangVienId>
    <MaHP>ET3250</MaHP>
    <SoLop>4</SoLop>
  </CBGD>
  <CBGD>
    <GiangVienId>66</GiangVienId>
    <MaHP>ET3250</MaHP>
    <SoLop>2</SoLop>
  </CBGD>
  <CBGD>
    <GiangVienId>60</GiangVienId>
    <MaHP>ET3250</MaHP>
  </CBGD>
  <CBGD>
    <GiangVienId>72</GiangVienId>
    <MaHP>ET3250</MaHP>
    <SoLop>18</SoLop>
  </CBGD>
  <CBGD>
    <GiangVienId>67</GiangVienId>
    <MaHP>ET3250</MaHP>
    <SoLop>21</SoLop>
  </CBGD>
  <CBGD>
    <GiangVienId>38</GiangVienId>
    <MaHP>ET3250</MaHP>
    <SoLop>1</SoLop>
  </CBGD>
  <CBGD>
    <GiangVienId>17</GiangVienId>
    <MaHP>ET3300</MaHP>
    <SoLop>1</SoLop>
  </CBGD>
  <CBGD>
    <GiangVienId>19</GiangVienId>
    <MaHP>ET3300</MaHP>
  </CBGD>
  <CBGD>
    <GiangVienId>5838</GiangVienId>
    <MaHP>ET3300</MaHP>
    <SoLop>5</SoLop>
  </CBGD>
  <CBGD>
    <GiangVienId>30</GiangVienId>
    <MaHP>ET3300</MaHP>
    <SoLop>1</SoLop>
  </CBGD>
  <CBGD>
    <GiangVienId>106</GiangVienId>
    <MaHP>ET3300</MaHP>
  </CBGD>
  <CBGD>
    <GiangVienId>20</GiangVienId>
    <MaHP>ET3300</MaHP>
    <SoLop>1</SoLop>
  </CBGD>
  <CBGD>
    <GiangVienId>39</GiangVienId>
    <MaHP>ET4080</MaHP>
  </CBGD>
  <CBGD>
    <GiangVienId>62</GiangVienId>
    <MaHP>ET4080</MaHP>
    <SoLop>1</SoLop>
  </CBGD>
  <CBGD>
    <GiangVienId>63</GiangVienId>
    <MaHP>ET4080</MaHP>
    <SoLop>1</SoLop>
  </CBGD>
  <CBGD>
    <GiangVienId>69</GiangVienId>
    <MaHP>ET4080</MaHP>
  </CBGD>
  <CBGD>
    <GiangVienId>59</GiangVienId>
    <MaHP>ET4080</MaHP>
  </CBGD>
  <CBGD>
    <GiangVienId>61</GiangVienId>
    <MaHP>ET4080</MaHP>
    <SoLop>1</SoLop>
  </CBGD>
  <CBGD>
    <GiangVienId>65</GiangVienId>
    <MaHP>ET4080</MaHP>
    <SoLop>18</SoLop>
  </CBGD>
  <CBGD>
    <GiangVienId>43</GiangVienId>
    <MaHP>ET4250</MaHP>
    <SoLop>2</SoLop>
  </CBGD>
  <CBGD>
    <GiangVienId>45</GiangVienId>
    <MaHP>ET4250</MaHP>
    <SoLop>2</SoLop>
  </CBGD>
  <CBGD>
    <GiangVienId>57</GiangVienId>
    <MaHP>ET4250</MaHP>
  </CBGD>
  <CBGD>
    <GiangVienId>47</GiangVienId>
    <MaHP>ET4250</MaHP>
  </CBGD>
  <CBGD>
    <GiangVienId>51</GiangVienId>
    <MaHP>ET4250</MaHP>
    <SoLop>1</SoLop>
  </CBGD>
  <CBGD>
    <GiangVienId>56</GiangVienId>
    <MaHP>ET4250</MaHP>
  </CBGD>
  <CBGD>
    <GiangVienId>5839</GiangVienId>
    <MaHP>ET4350</MaHP>
    <SoLop>2</SoLop>
  </CBGD>
  <CBGD>
    <GiangVienId>24</GiangVienId>
    <MaHP>ET4350</MaHP>
    <SoLop>1</SoLop>
  </CBGD>
  <CBGD>
    <GiangVienId>59</GiangVienId>
    <MaHP>ET4410</MaHP>
    <SoLop>2</SoLop>
  </CBGD>
  <CBGD>
    <GiangVienId>61</GiangVienId>
    <MaHP>ET4410</MaHP>
  </CBGD>
  <CBGD>
    <GiangVienId>63</GiangVienId>
    <MaHP>ET4410</MaHP>
    <SoLop>1</SoLop>
  </CBGD>
  <CBGD>
    <GiangVienId>4</GiangVienId>
    <MaHP>ET4480</MaHP>
  </CBGD>
  <CBGD>
    <GiangVienId>5837</GiangVienId>
    <MaHP>ET4480</MaHP>
    <SoLop>1</SoLop>
  </CBGD>
  <CBGD>
    <GiangVienId>4</GiangVienId>
    <MaHP>ET4490</MaHP>
  </CBGD>
  <CBGD>
    <GiangVienId>5837</GiangVienId>
    <MaHP>ET4490</MaHP>
    <SoLop>1</SoLop>
  </CBGD>
  <CBGD>
    <GiangVienId>3655</GiangVienId>
    <MaHP>ET4490</MaHP>
    <SoLop>1</SoLop>
  </CBGD>
  <CBGD>
    <GiangVienId>10</GiangVienId>
    <MaHP>ET4500</MaHP>
    <SoLop>1</SoLop>
  </CBGD>
  <CBGD>
    <GiangVienId>2</GiangVienId>
    <MaHP>ET4500</MaHP>
    <SoLop>1</SoLop>
  </CBGD>
  <CBGD>
    <GiangVienId>11</GiangVienId>
    <MaHP>ET4500</MaHP>
    <SoLop>4</SoLop>
  </CBGD>
  <CBGD>
    <GiangVienId>4</GiangVienId>
    <MaHP>ET4530</MaHP>
    <SoLop>1</SoLop>
  </CBGD>
  <CBGD>
    <GiangVienId>5837</GiangVienId>
    <MaHP>ET4530</MaHP>
    <SoLop>1</SoLop>
  </CBGD>
  <CBGD>
    <GiangVienId>34</GiangVienId>
    <MaHP>ET4600</MaHP>
    <SoLop>2</SoLop>
  </CBGD>
  <CBGD>
    <GiangVienId>5840</GiangVienId>
    <MaHP>ET4600</MaHP>
  </CBGD>
  <CBGD>
    <GiangVienId>40</GiangVienId>
    <MaHP>ET3310</MaHP>
    <SoLop>1</SoLop>
  </CBGD>
  <CBGD>
    <GiangVienId>37</GiangVienId>
    <MaHP>ET3310</MaHP>
    <SoLop>1</SoLop>
  </CBGD>
  <CBGD>
    <GiangVienId>5840</GiangVienId>
    <MaHP>ET3310</MaHP>
    <SoLop>4</SoLop>
  </CBGD>
  <CBGD>
    <GiangVienId>4</GiangVienId>
    <MaHP>ET6310</MaHP>
  </CBGD>
  <CBGD>
    <GiangVienId>5837</GiangVienId>
    <MaHP>ET6310</MaHP>
    <SoLop>1</SoLop>
  </CBGD>
  <CBGD>
    <GiangVienId>3660</GiangVienId>
    <MaHP>ET2010</MaHP>
  </CBGD>
  <CBGD>
    <GiangVienId>13</GiangVienId>
    <MaHP>ET2010</MaHP>
  </CBGD>
  <CBGD>
    <GiangVienId>12</GiangVienId>
    <MaHP>ET2010</MaHP>
  </CBGD>
  <CBGD>
    <GiangVienId>3655</GiangVienId>
    <MaHP>ET2010</MaHP>
  </CBGD>
  <CBGD>
    <GiangVienId>3047</GiangVienId>
    <MaHP>ET2010</MaHP>
  </CBGD>
  <CBGD>
    <GiangVienId>25</GiangVienId>
    <MaHP>ET2010</MaHP>
  </CBGD>
  <CBGD>
    <GiangVienId>29</GiangVienId>
    <MaHP>ET2010</MaHP>
  </CBGD>
  <CBGD>
    <GiangVienId>9</GiangVienId>
    <MaHP>ET2010</MaHP>
  </CBGD>
  <CBGD>
    <GiangVienId>3660</GiangVienId>
    <MaHP>ET3102</MaHP>
  </CBGD>
  <CBGD>
    <GiangVienId>13</GiangVienId>
    <MaHP>ET3102</MaHP>
  </CBGD>
  <CBGD>
    <GiangVienId>12</GiangVienId>
    <MaHP>ET3102</MaHP>
  </CBGD>
  <CBGD>
    <GiangVienId>3655</GiangVienId>
    <MaHP>ET3102</MaHP>
  </CBGD>
  <CBGD>
    <GiangVienId>3047</GiangVienId>
    <MaHP>ET3102</MaHP>
  </CBGD>
  <CBGD>
    <GiangVienId>25</GiangVienId>
    <MaHP>ET3102</MaHP>
  </CBGD>
  <CBGD>
    <GiangVienId>9</GiangVienId>
    <MaHP>ET3102</MaHP>
  </CBGD>
  <CBGD>
    <GiangVienId>26</GiangVienId>
    <MaHP>ET2000</MaHP>
  </CBGD>
  <CBGD>
    <GiangVienId>25</GiangVienId>
    <MaHP>ET2000</MaHP>
  </CBGD>
  <CBGD>
    <GiangVienId>47</GiangVienId>
    <MaHP>ET2000</MaHP>
  </CBGD>
  <CBGD>
    <GiangVienId>17</GiangVienId>
    <MaHP>ET2000</MaHP>
  </CBGD>
  <CBGD>
    <GiangVienId>55</GiangVienId>
    <MaHP>ET2000</MaHP>
  </CBGD>
  <CBGD>
    <GiangVienId>25</GiangVienId>
    <MaHP>ET2000E</MaHP>
  </CBGD>
  <CBGD>
    <GiangVienId>47</GiangVienId>
    <MaHP>ET2000E</MaHP>
  </CBGD>
  <CBGD>
    <GiangVienId>17</GiangVienId>
    <MaHP>ET2000E</MaHP>
  </CBGD>
  <CBGD>
    <GiangVienId>26</GiangVienId>
    <MaHP>ET2000E</MaHP>
  </CBGD>
  <CBGD>
    <GiangVienId>55</GiangVienId>
    <MaHP>ET2000E</MaHP>
  </CBGD>
  <CBGD>
    <GiangVienId>62</GiangVienId>
    <MaHP>ET3024</MaHP>
  </CBGD>
  <CBGD>
    <GiangVienId>72</GiangVienId>
    <MaHP>ET3024</MaHP>
  </CBGD>
  <CBGD>
    <GiangVienId>67</GiangVienId>
    <MaHP>ET3024</MaHP>
  </CBGD>
  <CBGD>
    <GiangVienId>52</GiangVienId>
    <MaHP>ET3034</MaHP>
  </CBGD>
  <CBGD>
    <GiangVienId>72</GiangVienId>
    <MaHP>ET3034</MaHP>
  </CBGD>
  <CBGD>
    <GiangVienId>67</GiangVienId>
    <MaHP>ET3034</MaHP>
  </CBGD>
  <CBGD>
    <GiangVienId>30</GiangVienId>
    <MaHP>ET3220E</MaHP>
  </CBGD>
  <CBGD>
    <GiangVienId>18</GiangVienId>
    <MaHP>ET3220E</MaHP>
  </CBGD>
  <CBGD>
    <GiangVienId>16</GiangVienId>
    <MaHP>ET3220E</MaHP>
  </CBGD>
  <CBGD>
    <GiangVienId>21</GiangVienId>
    <MaHP>ET3220E</MaHP>
  </CBGD>
  <CBGD>
    <GiangVienId>104</GiangVienId>
    <MaHP>ET3280</MaHP>
  </CBGD>
  <CBGD>
    <GiangVienId>41</GiangVienId>
    <MaHP>ET3280</MaHP>
  </CBGD>
  <CBGD>
    <GiangVienId>54</GiangVienId>
    <MaHP>ET3280</MaHP>
  </CBGD>
  <CBGD>
    <GiangVienId>33</GiangVienId>
    <MaHP>ET3280</MaHP>
  </CBGD>
  <CBGD>
    <GiangVienId>35</GiangVienId>
    <MaHP>ET3280</MaHP>
  </CBGD>
  <CBGD>
    <GiangVienId>48</GiangVienId>
    <MaHP>ET3280</MaHP>
  </CBGD>
  <CBGD>
    <GiangVienId>104</GiangVienId>
    <MaHP>ET3280E</MaHP>
  </CBGD>
  <CBGD>
    <GiangVienId>41</GiangVienId>
    <MaHP>ET3280E</MaHP>
  </CBGD>
  <CBGD>
    <GiangVienId>33</GiangVienId>
    <MaHP>ET3280E</MaHP>
  </CBGD>
  <CBGD>
    <GiangVienId>48</GiangVienId>
    <MaHP>ET3280E</MaHP>
  </CBGD>
  <CBGD>
    <GiangVienId>5840</GiangVienId>
    <MaHP>ET3310G</MaHP>
  </CBGD>
  <CBGD>
    <GiangVienId>37</GiangVienId>
    <MaHP>ET3310G</MaHP>
  </CBGD>
  <CBGD>
    <GiangVienId>38</GiangVienId>
    <MaHP>ET3310G</MaHP>
  </CBGD>
  <CBGD>
    <GiangVienId>40</GiangVienId>
    <MaHP>ET3310G</MaHP>
  </CBGD>
  <CBGD>
    <GiangVienId>68</GiangVienId>
    <MaHP>ET4070</MaHP>
  </CBGD>
  <CBGD>
    <GiangVienId>61</GiangVienId>
    <MaHP>ET4070</MaHP>
  </CBGD>
  <CBGD>
    <GiangVienId>63</GiangVienId>
    <MaHP>ET4070</MaHP>
  </CBGD>
  <CBGD>
    <GiangVienId>69</GiangVienId>
    <MaHP>ET4070</MaHP>
  </CBGD>
  <CBGD>
    <GiangVienId>47</GiangVienId>
    <MaHP>ET4070</MaHP>
  </CBGD>
  <CBGD>
    <GiangVienId>65</GiangVienId>
    <MaHP>ET4070</MaHP>
  </CBGD>
  <CBGD>
    <GiangVienId>64</GiangVienId>
    <MaHP>ET4070</MaHP>
  </CBGD>
  <CBGD>
    <GiangVienId>72</GiangVienId>
    <MaHP>ET4070</MaHP>
  </CBGD>
  <CBGD>
    <GiangVienId>37</GiangVienId>
    <MaHP>ET4140</MaHP>
  </CBGD>
  <CBGD>
    <GiangVienId>36</GiangVienId>
    <MaHP>ET4140</MaHP>
  </CBGD>
  <CBGD>
    <GiangVienId>40</GiangVienId>
    <MaHP>ET4140</MaHP>
  </CBGD>
  <CBGD>
    <GiangVienId>38</GiangVienId>
    <MaHP>ET4140</MaHP>
  </CBGD>
  <CBGD>
    <GiangVienId>67</GiangVienId>
    <MaHP>ET4140</MaHP>
  </CBGD>
  <CBGD>
    <GiangVienId>49</GiangVienId>
    <MaHP>ET4260</MaHP>
  </CBGD>
  <CBGD>
    <GiangVienId>50</GiangVienId>
    <MaHP>ET4260</MaHP>
  </CBGD>
  <CBGD>
    <GiangVienId>14</GiangVienId>
    <MaHP>ET6320</MaHP>
  </CBGD>
  <CBGD>
    <GiangVienId>5</GiangVienId>
    <MaHP>ET6320</MaHP>
  </CBGD>
  <CBGD>
    <GiangVienId>47</GiangVienId>
    <MaHP>ET7041</MaHP>
  </CBGD>
  <CBGD>
    <GiangVienId>25</GiangVienId>
    <MaHP>ET7041</MaHP>
  </CBGD>
  <CBGD>
    <GiangVienId>20</GiangVienId>
    <MaHP>ET7121</MaHP>
  </CBGD>
  <CBGD>
    <GiangVienId>26</GiangVienId>
    <MaHP>ET7121</MaHP>
  </CBGD>
</data>