﻿<?xml version="1.0" encoding="utf-8"?>
<data>
  <CTDT>
    <Ma>CTTT</Ma>
    <GiaiNghia>Chương trình tiên tiến</GiaiNghia>
    <PhanCapGD>0</PhanCapGD>
    <UuTienPC>20</UuTienPC>
  </CTDT>
  <CTDT>
    <Ma>DHCQ</Ma>
    <GiaiNghia>Đại học chính quy</GiaiNghia>
    <PhanCapGD>0</PhanCapGD>
    <UuTienPC>50</UuTienPC>
  </CTDT>
  <CTDT>
    <Ma>KSCLC</Ma>
    <GiaiNghia>Kỹ sư chất lượng cao</GiaiNghia>
    <PhanCapGD>0</PhanCapGD>
    <UuTienPC>20</UuTienPC>
  </CTDT>
  <CTDT>
    <Ma>KSTN</Ma>
    <GiaiNghia>Kỹ sư tài năng</GiaiNghia>
    <PhanCapGD>0</PhanCapGD>
    <UuTienPC>20</UuTienPC>
  </CTDT>
  <CTDT>
    <Ma>SDH</Ma>
    <GiaiNghia>Sau đại học</GiaiNghia>
    <PhanCapGD>40</PhanCapGD>
    <UuTienPC>10</UuTienPC>
  </CTDT>
  <CTDT>
    <Ma>SIE</Ma>
    <GiaiNghia>Hợp tác đào tạo quốc tế</GiaiNghia>
    <PhanCapGD>0</PhanCapGD>
    <UuTienPC>30</UuTienPC>
  </CTDT>
  <CTDT>
    <Ma>IPE</Ma>
    <GiaiNghia>Việt Nhật</GiaiNghia>
    <PhanCapGD>0</PhanCapGD>
    <UuTienPC>30</UuTienPC>
  </CTDT>
  <CTDT>
    <Ma>VB2</Ma>
    <GiaiNghia>Văn bằng 2</GiaiNghia>
    <PhanCapGD>0</PhanCapGD>
    <UuTienPC>40</UuTienPC>
  </CTDT>
  <CTDT>
    <Ma>ICT</Ma>
    <GiaiNghia>Không biết</GiaiNghia>
    <PhanCapGD>0</PhanCapGD>
    <UuTienPC>20</UuTienPC>
  </CTDT>
</data>