﻿<?xml version="1.0" encoding="utf-8"?>
<data>
  <HocPhan>
    <Ma>ET3102</Ma>
    <Ten>Kỹ thuật điện tử</Ten>
    <LoaiLop>LT+BT</LoaiLop>
    <SoTC>4</SoTC>
    <CTKL>3-1-1-8</CTKL>
    <MaBM>7.03</MaBM>
  </HocPhan>
  <HocPhan>
    <Ma>ET2010</Ma>
    <Ten>Kỹ thuật điện tử</Ten>
    <LoaiLop>LT+BT</LoaiLop>
    <SoTC>3</SoTC>
    <CTKL>3-0-1-6</CTKL>
    <MaBM>7.03</MaBM>
  </HocPhan>
  <HocPhan>
    <Ma>ET2070</Ma>
    <Ten>Cơ sở truyền tin</Ten>
    <LoaiLop>LT+BT</LoaiLop>
    <SoTC>2</SoTC>
    <CTKL>2-0-1-4</CTKL>
    <MaBM>7.07</MaBM>
  </HocPhan>
  <HocPhan>
    <Ma>ET3220</Ma>
    <Ten>Điện tử số</Ten>
    <LoaiLop>LT+BT</LoaiLop>
    <SoTC>3</SoTC>
    <CTKL>3-0-1-6</CTKL>
    <MaBM>7.03</MaBM>
  </HocPhan>
  <HocPhan>
    <Ma>ET3230</Ma>
    <Ten>Điện tử tương tự I</Ten>
    <LoaiLop>LT+BT</LoaiLop>
    <SoTC>3</SoTC>
    <CTKL>3-0-1-6</CTKL>
    <MaBM>7.02</MaBM>
  </HocPhan>
  <HocPhan>
    <Ma>ET3260</Ma>
    <Ten>Kỹ thuật phần mềm ứng dụng</Ten>
    <LoaiLop>LT+BT</LoaiLop>
    <SoTC>2</SoTC>
    <CTKL>2-1-0-4</CTKL>
    <MaBM>7.03</MaBM>
  </HocPhan>
  <HocPhan>
    <Ma>ET3280</Ma>
    <Ten>Anten và truyền sóng</Ten>
    <LoaiLop>LT+BT</LoaiLop>
    <SoTC>2</SoTC>
    <CTKL>2-1-0-4</CTKL>
    <MaBM>7.02</MaBM>
  </HocPhan>
  <HocPhan>
    <Ma>ET2060</Ma>
    <Ten>Tín hiệu và hệ thống</Ten>
    <LoaiLop>LT+BT</LoaiLop>
    <SoTC>3</SoTC>
    <CTKL>3-1-0-6</CTKL>
    <MaBM>7.07</MaBM>
  </HocPhan>
  <HocPhan>
    <Ma>ET2080</Ma>
    <Ten>Cơ sở kỹ thuật đo lường</Ten>
    <LoaiLop>LT+BT</LoaiLop>
    <SoTC>2</SoTC>
    <CTKL>2-0-1-4</CTKL>
    <MaBM>7.07</MaBM>
  </HocPhan>
  <HocPhan>
    <Ma>ET3210</Ma>
    <Ten>Trường điện từ</Ten>
    <LoaiLop>LT+BT</LoaiLop>
    <SoTC>3</SoTC>
    <CTKL>3-0-1-6</CTKL>
    <MaBM>7.02</MaBM>
  </HocPhan>
  <HocPhan>
    <Ma>ET2030</Ma>
    <Ten>Ngôn ngữ lập trình</Ten>
    <LoaiLop>LT+BT</LoaiLop>
    <SoTC>3</SoTC>
    <CTKL>3-0-1-6</CTKL>
    <MaBM>7.03</MaBM>
  </HocPhan>
  <HocPhan>
    <Ma>ET2040</Ma>
    <Ten>Cấu kiện điện tử</Ten>
    <LoaiLop>LT+BT</LoaiLop>
    <SoTC>3</SoTC>
    <CTKL>3-0-1-6</CTKL>
    <MaBM>7.05</MaBM>
  </HocPhan>
  <HocPhan>
    <Ma>ET2050</Ma>
    <Ten>Lý thuyết mạch</Ten>
    <LoaiLop>LT+BT</LoaiLop>
    <SoTC>3</SoTC>
    <CTKL>3-0-1-6</CTKL>
    <MaBM>7.07</MaBM>
  </HocPhan>
  <HocPhan>
    <Ma>ET3240</Ma>
    <Ten>Điện tử tương tự II</Ten>
    <LoaiLop>LT+BT</LoaiLop>
    <SoTC>3</SoTC>
    <CTKL>3-0-1-6</CTKL>
    <MaBM>7.02</MaBM>
  </HocPhan>
  <HocPhan>
    <Ma>ET3310</Ma>
    <Ten>Lý thuyết mật mã</Ten>
    <LoaiLop>LT+BT</LoaiLop>
    <SoTC>3</SoTC>
    <CTKL>3-1-0-6</CTKL>
    <MaBM>7.09</MaBM>
  </HocPhan>
  <HocPhan>
    <Ma>ET4020</Ma>
    <Ten>Xử lý số tín hiệu</Ten>
    <LoaiLop>LT+BT</LoaiLop>
    <SoTC>3</SoTC>
    <CTKL>3-0-1-6</CTKL>
    <MaBM>7.03</MaBM>
  </HocPhan>
  <HocPhan>
    <Ma>ET4030</Ma>
    <Ten>Thiết kế, tổng hợp IC số và hệ thống số</Ten>
    <LoaiLop>LT+BT</LoaiLop>
    <SoTC>4</SoTC>
    <CTKL>4-1-0-8</CTKL>
    <MaBM>7.03</MaBM>
  </HocPhan>
  <HocPhan>
    <Ma>ET4250</Ma>
    <Ten>Hệ thống viễn thông</Ten>
    <LoaiLop>LT+BT</LoaiLop>
    <SoTC>3</SoTC>
    <CTKL>3-1-0-6</CTKL>
    <MaBM>7.02</MaBM>
  </HocPhan>
  <HocPhan>
    <Ma>ET4040</Ma>
    <Ten>Kiến trúc máy tính</Ten>
    <LoaiLop>LT+BT</LoaiLop>
    <SoTC>3</SoTC>
    <CTKL>3-0-1-6</CTKL>
    <MaBM>7.03</MaBM>
  </HocPhan>
  <HocPhan>
    <Ma>ET4070</Ma>
    <Ten>Cơ sở truyền số liệu</Ten>
    <LoaiLop>LT+BT</LoaiLop>
    <SoTC>3</SoTC>
    <CTKL>3-1-0-6</CTKL>
    <MaBM>7.04</MaBM>
  </HocPhan>
  <HocPhan>
    <Ma>ET4031</Ma>
    <Ten>Thiết kế, tổng hợp hệ thống số</Ten>
    <LoaiLop>LT+BT</LoaiLop>
    <SoTC>2</SoTC>
    <CTKL>2-1-0-4</CTKL>
    <MaBM>7.03</MaBM>
  </HocPhan>
  <HocPhan>
    <Ma>ET4080</Ma>
    <Ten>Mạng thông tin</Ten>
    <LoaiLop>LT+BT</LoaiLop>
    <SoTC>3</SoTC>
    <CTKL>3-0-1-6</CTKL>
    <MaBM>7.04</MaBM>
  </HocPhan>
  <HocPhan>
    <Ma>ET3180</Ma>
    <Ten>Thông tin vô tuyến</Ten>
    <LoaiLop>LT+BT</LoaiLop>
    <SoTC>3</SoTC>
    <CTKL>3-1-0-6</CTKL>
    <MaBM>7.04</MaBM>
  </HocPhan>
  <HocPhan>
    <Ma>ET4260</Ma>
    <Ten>Đa phương tiện</Ten>
    <LoaiLop>LT+BT</LoaiLop>
    <SoTC>2</SoTC>
    <CTKL>2-1-0-4</CTKL>
    <MaBM>7.02</MaBM>
  </HocPhan>
  <HocPhan>
    <Ma>ET4100</Ma>
    <Ten>Cơ sở điện sinh học</Ten>
    <LoaiLop>LT+BT</LoaiLop>
    <SoTC>2</SoTC>
    <CTKL>2-0-1-4</CTKL>
    <MaBM>7.05</MaBM>
  </HocPhan>
  <HocPhan>
    <Ma>ET4450</Ma>
    <Ten>Giải phẫu và sinh lý học</Ten>
    <LoaiLop>LT+BT</LoaiLop>
    <SoTC>2</SoTC>
    <CTKL>2-1-0-4</CTKL>
    <MaBM>7.05</MaBM>
  </HocPhan>
  <HocPhan>
    <Ma>ET4110</Ma>
    <Ten>Cảm biến và KT đo lường y sinh</Ten>
    <LoaiLop>LT+BT</LoaiLop>
    <SoTC>3</SoTC>
    <CTKL>3-0-1-6</CTKL>
    <MaBM>7.05</MaBM>
  </HocPhan>
  <HocPhan>
    <Ma>ET4470</Ma>
    <Ten>Mạch xử lý tín hiệu y sinh</Ten>
    <LoaiLop>LT+BT</LoaiLop>
    <SoTC>2</SoTC>
    <CTKL>2-0-1-4</CTKL>
    <MaBM>7.05</MaBM>
  </HocPhan>
  <HocPhan>
    <Ma>ET4480</Ma>
    <Ten>Công nghệ chẩn đoán hình ảnh I</Ten>
    <LoaiLop>LT+BT</LoaiLop>
    <SoTC>3</SoTC>
    <CTKL>3-1-0-6</CTKL>
    <MaBM>7.05</MaBM>
  </HocPhan>
  <HocPhan>
    <Ma>ET4120</Ma>
    <Ten>Thiết bị điện tử y sinh I</Ten>
    <LoaiLop>LT+BT</LoaiLop>
    <SoTC>2</SoTC>
    <CTKL>2-0-1-4</CTKL>
    <MaBM>7.05</MaBM>
  </HocPhan>
  <HocPhan>
    <Ma>ET4090</Ma>
    <Ten>Kỹ thuật siêu cao tần</Ten>
    <LoaiLop>LT+BT</LoaiLop>
    <SoTC>3</SoTC>
    <CTKL>3-1-0-6</CTKL>
    <MaBM>7.02</MaBM>
  </HocPhan>
  <HocPhan>
    <Ma>ET4590</Ma>
    <Ten>Cơ sở xử lý ảnh số</Ten>
    <LoaiLop>LT+BT</LoaiLop>
    <SoTC>3</SoTC>
    <CTKL>3-0-1-6</CTKL>
    <MaBM>7.03</MaBM>
  </HocPhan>
  <HocPhan>
    <Ma>ET4370</Ma>
    <Ten>Kỹ thuật truyền hình</Ten>
    <LoaiLop>LT+BT</LoaiLop>
    <SoTC>2</SoTC>
    <CTKL>2-0-1-4</CTKL>
    <MaBM>7.02</MaBM>
  </HocPhan>
  <HocPhan>
    <Ma>ET4340</Ma>
    <Ten>Thiết kế VLSI</Ten>
    <LoaiLop>LT+BT</LoaiLop>
    <SoTC>3</SoTC>
    <CTKL>3-1-0-6</CTKL>
    <MaBM>7.02</MaBM>
  </HocPhan>
  <HocPhan>
    <Ma>ET4230</Ma>
    <Ten>Mạng máy tính</Ten>
    <LoaiLop>LT+BT</LoaiLop>
    <SoTC>3</SoTC>
    <CTKL>3-0-1-6</CTKL>
    <MaBM>7.04</MaBM>
  </HocPhan>
  <HocPhan>
    <Ma>ET4290</Ma>
    <Ten>Hệ điều hành</Ten>
    <LoaiLop>LT+BT</LoaiLop>
    <SoTC>2</SoTC>
    <CTKL>2-1-0-4</CTKL>
    <MaBM>7.03</MaBM>
  </HocPhan>
  <HocPhan>
    <Ma>ET4350</Ma>
    <Ten>Điện tử công nghiệp</Ten>
    <LoaiLop>LT+BT</LoaiLop>
    <SoTC>2</SoTC>
    <CTKL>2-0-1-4</CTKL>
    <MaBM>7.03</MaBM>
  </HocPhan>
  <HocPhan>
    <Ma>ET4360</Ma>
    <Ten>Thiết kế hệ nhúng</Ten>
    <LoaiLop>LT+BT</LoaiLop>
    <SoTC>2</SoTC>
    <CTKL>2-1-0-4</CTKL>
    <MaBM>7.03</MaBM>
  </HocPhan>
  <HocPhan>
    <Ma>ET4430</Ma>
    <Ten>Lập trình nâng cao</Ten>
    <LoaiLop>LT+BT</LoaiLop>
    <SoTC>2</SoTC>
    <CTKL>2-0-1-4</CTKL>
    <MaBM>7.03</MaBM>
  </HocPhan>
  <HocPhan>
    <Ma>ET4600</Ma>
    <Ten>Công nghệ Nano</Ten>
    <LoaiLop>LT+BT</LoaiLop>
    <SoTC>2</SoTC>
    <CTKL>2-1-0-4</CTKL>
    <MaBM>7.09</MaBM>
  </HocPhan>
  <HocPhan>
    <Ma>ET4280</Ma>
    <Ten>Kỹ thuật mạng nâng cao</Ten>
    <LoaiLop>LT+BT</LoaiLop>
    <SoTC>2</SoTC>
    <CTKL>2-1-0-4</CTKL>
    <MaBM>7.04</MaBM>
  </HocPhan>
  <HocPhan>
    <Ma>ET4400</Ma>
    <Ten>Đo lường tự động</Ten>
    <LoaiLop>LT+BT</LoaiLop>
    <SoTC>2</SoTC>
    <CTKL>2-1-0-4</CTKL>
    <MaBM>7.09</MaBM>
  </HocPhan>
  <HocPhan>
    <Ma>ET4060</Ma>
    <Ten>Phân tích và thiết kế hướng đối tượng</Ten>
    <LoaiLop>LT+BT</LoaiLop>
    <SoTC>3</SoTC>
    <CTKL>3-1-0-6</CTKL>
    <MaBM>7.03</MaBM>
  </HocPhan>
  <HocPhan>
    <Ma>ET4610</Ma>
    <Ten>Điện tử công suất</Ten>
    <LoaiLop>LT+BT</LoaiLop>
    <SoTC>3</SoTC>
    <CTKL>3-0-1-6</CTKL>
    <MaBM>7.03</MaBM>
  </HocPhan>
  <HocPhan>
    <Ma>ET4310</Ma>
    <Ten>Thông tin quang</Ten>
    <LoaiLop>LT+BT</LoaiLop>
    <SoTC>3</SoTC>
    <CTKL>3-0-1-6</CTKL>
    <MaBM>7.02</MaBM>
  </HocPhan>
  <HocPhan>
    <Ma>ET4380</Ma>
    <Ten>Thông tin vệ tinh</Ten>
    <LoaiLop>LT+BT</LoaiLop>
    <SoTC>2</SoTC>
    <CTKL>2-1-0-4</CTKL>
    <MaBM>7.02</MaBM>
  </HocPhan>
  <HocPhan>
    <Ma>ET4410</Ma>
    <Ten>Tổ chức và quy hoạch mạng viễn thông</Ten>
    <LoaiLop>LT+BT</LoaiLop>
    <SoTC>2</SoTC>
    <CTKL>2-1-0-4</CTKL>
    <MaBM>7.04</MaBM>
  </HocPhan>
  <HocPhan>
    <Ma>ET4330</Ma>
    <Ten>Thông tin di động</Ten>
    <LoaiLop>LT+BT</LoaiLop>
    <SoTC>2</SoTC>
    <CTKL>2-1-0-4</CTKL>
    <MaBM>7.04</MaBM>
  </HocPhan>
  <HocPhan>
    <Ma>ET5270</Ma>
    <Ten>Viễn thám và GIS</Ten>
    <LoaiLop>LT+BT</LoaiLop>
    <SoTC>3</SoTC>
    <CTKL>3-1-0-6</CTKL>
    <MaBM>7.09</MaBM>
  </HocPhan>
  <HocPhan>
    <Ma>ET5290</Ma>
    <Ten>Dẫn đường và quản lý không lưu</Ten>
    <LoaiLop>LT+BT</LoaiLop>
    <SoTC>2</SoTC>
    <CTKL>2-1-0-4</CTKL>
    <MaBM>7.09</MaBM>
  </HocPhan>
  <HocPhan>
    <Ma>ET4130</Ma>
    <Ten>Truyền số liệu và chuyển tiếp điện văn</Ten>
    <LoaiLop>LT+BT</LoaiLop>
    <SoTC>3</SoTC>
    <CTKL>3-1-0-6</CTKL>
    <MaBM>7.09</MaBM>
  </HocPhan>
  <HocPhan>
    <Ma>ET4140</Ma>
    <Ten>Định vị và dẫn đường điện tử</Ten>
    <LoaiLop>LT+BT</LoaiLop>
    <SoTC>3</SoTC>
    <CTKL>3-0-1-6</CTKL>
    <MaBM>7.09</MaBM>
  </HocPhan>
  <HocPhan>
    <Ma>ET4520</Ma>
    <Ten>Thiết bị điện tử y sinh II</Ten>
    <LoaiLop>LT+BT</LoaiLop>
    <SoTC>3</SoTC>
    <CTKL>3-0-1-6</CTKL>
    <MaBM>7.05</MaBM>
  </HocPhan>
  <HocPhan>
    <Ma>ET4530</Ma>
    <Ten>Y học hạt nhân và kỹ thuật xạ trị</Ten>
    <LoaiLop>LT+BT</LoaiLop>
    <SoTC>3</SoTC>
    <CTKL>3-1-0-6</CTKL>
    <MaBM>7.05</MaBM>
  </HocPhan>
  <HocPhan>
    <Ma>ET4540</Ma>
    <Ten>Hệ thống thông tin y tế</Ten>
    <LoaiLop>LT+BT</LoaiLop>
    <SoTC>3</SoTC>
    <CTKL>3-1-0-6</CTKL>
    <MaBM>7.05</MaBM>
  </HocPhan>
  <HocPhan>
    <Ma>ET4550</Ma>
    <Ten>An toàn bức xạ và an toàn điện trong y tế</Ten>
    <LoaiLop>LT+BT</LoaiLop>
    <SoTC>2</SoTC>
    <CTKL>2-1-0-4</CTKL>
    <MaBM>7.05</MaBM>
  </HocPhan>
  <HocPhan>
    <Ma>ET4570</Ma>
    <Ten>Xử lý tín hiệu y sinh số</Ten>
    <LoaiLop>LT+BT</LoaiLop>
    <SoTC>3</SoTC>
    <CTKL>3-0-1-6</CTKL>
    <MaBM>7.05</MaBM>
  </HocPhan>
  <HocPhan>
    <Ma>ET2041</Ma>
    <Ten>Cấu kiện điện tử</Ten>
    <LoaiLop>LT+BT</LoaiLop>
    <SoTC>3</SoTC>
    <CTKL>3-0-1-6</CTKL>
    <MaBM>7.05</MaBM>
  </HocPhan>
  <HocPhan>
    <Ma>ET3300</Ma>
    <Ten>Kỹ thuật vi xử lý</Ten>
    <LoaiLop>LT+BT</LoaiLop>
    <SoTC>3</SoTC>
    <CTKL>3-1-0-6</CTKL>
    <MaBM>7.03</MaBM>
  </HocPhan>
  <HocPhan>
    <Ma>ET3250</Ma>
    <Ten>Thông tin số</Ten>
    <LoaiLop>LT+BT</LoaiLop>
    <SoTC>3</SoTC>
    <CTKL>3-0-1-6</CTKL>
    <MaBM>7.04</MaBM>
  </HocPhan>
  <HocPhan>
    <Ma>ET4021</Ma>
    <Ten>Xử lý số tín hiệu</Ten>
    <LoaiLop>LT+BT</LoaiLop>
    <SoTC>3</SoTC>
    <CTKL>3-0-1-6</CTKL>
    <MaBM>7.07</MaBM>
  </HocPhan>
  <HocPhan>
    <Ma>ET1000</Ma>
    <Ten>Nhập môn Công nghệ Điện tử Viễn thông</Ten>
    <LoaiLop>LT+BT</LoaiLop>
    <SoTC>3</SoTC>
    <CTKL>2-0-2-6</CTKL>
    <MaBM>7.03</MaBM>
  </HocPhan>
  <HocPhan>
    <Ma>ET1016</Ma>
    <Ten>Nhập môn kỹ thuật</Ten>
    <LoaiLop>LT+BT</LoaiLop>
    <SoTC>3</SoTC>
    <CTKL>2-2-0-6</CTKL>
  </HocPhan>
  <HocPhan>
    <Ma>ET2000</Ma>
    <Ten>Nhập môn kỹ thuật điện tử-viễn thông</Ten>
    <LoaiLop>LT+BT</LoaiLop>
    <SoTC>2</SoTC>
    <CTKL>2-0-1-4</CTKL>
    <MaBM>7.03</MaBM>
  </HocPhan>
  <HocPhan>
    <Ma>ET2000E</Ma>
    <Ten>Nhập môn kỹ thuật điện-điện tử</Ten>
    <LoaiLop>LT+BT</LoaiLop>
    <SoTC>3</SoTC>
    <CTKL>2-0-2-6</CTKL>
  </HocPhan>
  <HocPhan>
    <Ma>ET2012</Ma>
    <Ten>Kỹ thuật điện tử</Ten>
    <LoaiLop>LT+BT</LoaiLop>
    <SoTC>2</SoTC>
    <CTKL>2-0-1-4</CTKL>
    <MaBM>7.03</MaBM>
  </HocPhan>
  <HocPhan>
    <Ma>ET2014</Ma>
    <Ten>Điện tử</Ten>
    <LoaiLop>LT+BT</LoaiLop>
    <SoTC>2</SoTC>
    <CTKL>1-1-1-4</CTKL>
  </HocPhan>
  <HocPhan>
    <Ma>ET2020</Ma>
    <Ten>Thực tập cơ bản</Ten>
    <LoaiLop>TT</LoaiLop>
    <SoTC>3</SoTC>
    <CTKL>0-0-6-0</CTKL>
  </HocPhan>
  <HocPhan>
    <Ma>ET2040E</Ma>
    <Ten>Linh kiện điện tử bán dẫn</Ten>
    <LoaiLop>LT+BT</LoaiLop>
    <SoTC>3</SoTC>
    <CTKL>3-1-0-6</CTKL>
  </HocPhan>
  <HocPhan>
    <Ma>ET3006</Ma>
    <Ten>Ngôn ngữ lập trình</Ten>
    <LoaiLop>LT+BT</LoaiLop>
    <SoTC>3</SoTC>
    <CTKL>2-1-1-6</CTKL>
  </HocPhan>
  <HocPhan>
    <Ma>ET3014</Ma>
    <Ten>Trường điện từ, anten và truyền sóng vô tuyến</Ten>
    <LoaiLop>LT+BT</LoaiLop>
    <SoTC>3</SoTC>
    <CTKL>3-0.5-0.5-6</CTKL>
  </HocPhan>
  <HocPhan>
    <Ma>ET3024</Ma>
    <Ten>Thông tin vô tuyến</Ten>
    <LoaiLop>LT+BT</LoaiLop>
    <SoTC>2</SoTC>
    <CTKL>2-0.5-0.5-4</CTKL>
  </HocPhan>
  <HocPhan>
    <Ma>ET3034</Ma>
    <Ten>Các mạch tần số vô tuyến – thực nghiệm</Ten>
    <LoaiLop>LT+BT</LoaiLop>
    <SoTC>2</SoTC>
    <CTKL>1-1-1-4</CTKL>
  </HocPhan>
  <HocPhan>
    <Ma>ET3036</Ma>
    <Ten>Lý thuyết mạch</Ten>
    <LoaiLop>LT+BT</LoaiLop>
    <SoTC>4</SoTC>
    <CTKL>3-1-1-8</CTKL>
  </HocPhan>
  <HocPhan>
    <Ma>ET3044</Ma>
    <Ten>Điện tử học đối với các sóng viba</Ten>
    <LoaiLop>LT+BT</LoaiLop>
    <SoTC>1</SoTC>
    <CTKL>1-0-0-2</CTKL>
  </HocPhan>
  <HocPhan>
    <Ma>ET3054</Ma>
    <Ten>Quang điện tử học</Ten>
    <LoaiLop>LT+BT</LoaiLop>
    <SoTC>1</SoTC>
    <CTKL>1-0-0-2</CTKL>
  </HocPhan>
  <HocPhan>
    <Ma>ET3064</Ma>
    <Ten>Rada &amp; phát hiện từ xa</Ten>
    <LoaiLop>LT+BT</LoaiLop>
    <SoTC>1</SoTC>
    <CTKL>1-0-0-2</CTKL>
  </HocPhan>
  <HocPhan>
    <Ma>ET3076</Ma>
    <Ten>Cấu kiện điện tử</Ten>
    <LoaiLop>LT+BT</LoaiLop>
    <SoTC>4</SoTC>
    <CTKL>3-1-1-6</CTKL>
  </HocPhan>
  <HocPhan>
    <Ma>ET3176</Ma>
    <Ten>Thiết kế kỹ thuật y sinh I</Ten>
    <LoaiLop>DAMH</LoaiLop>
    <SoTC>1</SoTC>
    <CTKL>0-2-0-2</CTKL>
  </HocPhan>
  <HocPhan>
    <Ma>ET3211</Ma>
    <Ten>Bài tập trường điện từ</Ten>
    <LoaiLop>LT+BT</LoaiLop>
    <SoTC>1</SoTC>
    <CTKL>0-1-0-2</CTKL>
  </HocPhan>
  <HocPhan>
    <Ma>ET3220E</Ma>
    <Ten>Thiết kế hệ thống số I</Ten>
    <LoaiLop>LT+BT</LoaiLop>
    <SoTC>4</SoTC>
    <CTKL>3-1-1-8</CTKL>
  </HocPhan>
  <HocPhan>
    <Ma>ET3230E</Ma>
    <Ten>Điện tử tương tự 1</Ten>
    <LoaiLop>LT+BT</LoaiLop>
    <SoTC>4</SoTC>
    <CTKL>3-1-1-8</CTKL>
  </HocPhan>
  <HocPhan>
    <Ma>ET3240E</Ma>
    <Ten>Thiết kế mạch tương tự II</Ten>
    <LoaiLop>LT+BT</LoaiLop>
    <SoTC>4</SoTC>
    <CTKL>3-1-1-8</CTKL>
  </HocPhan>
  <HocPhan>
    <Ma>ET3250E</Ma>
    <Ten>Cơ sở hệ thống truyền thông</Ten>
    <LoaiLop>LT+BT</LoaiLop>
    <SoTC>3</SoTC>
    <CTKL>3-1-0-6</CTKL>
  </HocPhan>
  <HocPhan>
    <Ma>ET3270</Ma>
    <Ten>Thực tập kỹ thuật</Ten>
    <LoaiLop>TTTN</LoaiLop>
    <SoTC>2</SoTC>
    <CTKL>2-0-6-4</CTKL>
  </HocPhan>
  <HocPhan>
    <Ma>ET3300E</Ma>
    <Ten>Thiết kế hệ thống số 2</Ten>
    <LoaiLop>LT+BT</LoaiLop>
    <SoTC>4</SoTC>
    <CTKL>4-1-0-8</CTKL>
  </HocPhan>
  <HocPhan>
    <Ma>ET4020E</Ma>
    <Ten>Xử lý số tín hiệu</Ten>
    <LoaiLop>LT+BT</LoaiLop>
    <SoTC>3</SoTC>
    <CTKL>3-0-1-6</CTKL>
  </HocPhan>
  <HocPhan>
    <Ma>ET4040E</Ma>
    <Ten>Kiến trúc máy tính</Ten>
    <LoaiLop>LT+BT</LoaiLop>
    <SoTC>3</SoTC>
    <CTKL>3-0-1-6</CTKL>
  </HocPhan>
  <HocPhan>
    <Ma>ET4070E</Ma>
    <Ten>Thông tin số 1</Ten>
    <LoaiLop>LT+BT</LoaiLop>
    <SoTC>3</SoTC>
    <CTKL>3-0-1-6</CTKL>
  </HocPhan>
  <HocPhan>
    <Ma>ET4080E</Ma>
    <Ten>Cơ sở kỹ thuật mạng</Ten>
    <LoaiLop>LT+BT</LoaiLop>
    <SoTC>3</SoTC>
    <CTKL>3-1-0-6</CTKL>
  </HocPhan>
  <HocPhan>
    <Ma>ET4150</Ma>
    <Ten>Mạng thông tin hàng không</Ten>
    <LoaiLop>LT+BT</LoaiLop>
    <SoTC>3</SoTC>
    <CTKL>3-1-0-6</CTKL>
    <MaBM>7.09</MaBM>
  </HocPhan>
  <HocPhan>
    <Ma>ET4160</Ma>
    <Ten>Điện tử y sinh</Ten>
    <LoaiLop>LT+BT</LoaiLop>
    <SoTC>2</SoTC>
    <CTKL>2-1-0-4</CTKL>
    <MaBM>7.05</MaBM>
  </HocPhan>
  <HocPhan>
    <Ma>ET4300</Ma>
    <Ten>Đa phương tiện nâng cao</Ten>
    <LoaiLop>LT+BT</LoaiLop>
    <SoTC>2</SoTC>
    <CTKL>2-1-0-4</CTKL>
    <MaBM>7.04</MaBM>
  </HocPhan>
  <HocPhan>
    <Ma>ET4340E</Ma>
    <Ten>Phân tích và TK vi mạch điện tử</Ten>
    <LoaiLop>LT+BT</LoaiLop>
    <SoTC>3</SoTC>
    <CTKL>3-1-0-6</CTKL>
  </HocPhan>
  <HocPhan>
    <Ma>ET4360E</Ma>
    <Ten>Thiết kế hệ thống nhúng</Ten>
    <LoaiLop>LT+BT</LoaiLop>
    <SoTC>3</SoTC>
    <CTKL>3-1-0-6</CTKL>
  </HocPhan>
  <HocPhan>
    <Ma>ET4431</Ma>
    <Ten>Lập trình Java</Ten>
    <LoaiLop>LT+BT</LoaiLop>
    <SoTC>3</SoTC>
    <CTKL>3-0-1-6</CTKL>
  </HocPhan>
  <HocPhan>
    <Ma>ET4486</Ma>
    <Ten>Kỹ thuật chẩn đoán hình ảnh</Ten>
    <LoaiLop>LT+BT</LoaiLop>
    <SoTC>3</SoTC>
    <CTKL>3-1-0-6</CTKL>
  </HocPhan>
  <HocPhan>
    <Ma>ET4490</Ma>
    <Ten>Công nghệ chẩn đoán hình ảnh II</Ten>
    <LoaiLop>LT+BT</LoaiLop>
    <SoTC>3</SoTC>
    <CTKL>3-1-0-6</CTKL>
    <MaBM>7.05</MaBM>
  </HocPhan>
  <HocPhan>
    <Ma>ET4497</Ma>
    <Ten>Kỹ thuật siêu âm</Ten>
    <LoaiLop>LT+BT</LoaiLop>
    <SoTC>3</SoTC>
    <CTKL>3-1-0-6</CTKL>
  </HocPhan>
  <HocPhan>
    <Ma>ET4500</Ma>
    <Ten>Xử lý ảnh y tế</Ten>
    <LoaiLop>LT+BT</LoaiLop>
    <SoTC>3</SoTC>
    <CTKL>3-0-1-6</CTKL>
    <MaBM>7.05</MaBM>
  </HocPhan>
  <HocPhan>
    <Ma>ET4516</Ma>
    <Ten>Cơ sở thiết bị y sinh</Ten>
    <LoaiLop>LT+BT</LoaiLop>
    <SoTC>3</SoTC>
    <CTKL>2-1-1-6</CTKL>
  </HocPhan>
  <HocPhan>
    <Ma>ET4526</Ma>
    <Ten>Thiết bị điện tử y tế</Ten>
    <LoaiLop>LT+BT</LoaiLop>
    <SoTC>3</SoTC>
    <CTKL>2-1-1-6</CTKL>
  </HocPhan>
  <HocPhan>
    <Ma>ET4546</Ma>
    <Ten>Hệ thống thông tin y tế</Ten>
    <LoaiLop>LT+BT</LoaiLop>
    <SoTC>3</SoTC>
    <CTKL>2-1-1-6</CTKL>
  </HocPhan>
  <HocPhan>
    <Ma>ET4560</Ma>
    <Ten>Laser trong y tế</Ten>
    <LoaiLop>LT+BT</LoaiLop>
    <SoTC>2</SoTC>
    <CTKL>2-1-0-4</CTKL>
    <MaBM>7.05</MaBM>
  </HocPhan>
  <HocPhan>
    <Ma>ET4566</Ma>
    <Ten>Xử lý ảnh</Ten>
    <LoaiLop>LT+BT</LoaiLop>
    <SoTC>3</SoTC>
    <CTKL>2-1-1-6</CTKL>
  </HocPhan>
  <HocPhan>
    <Ma>ET5010</Ma>
    <Ten>Thực tập cuối khóa</Ten>
    <LoaiLop>TTTN</LoaiLop>
    <SoTC>4</SoTC>
    <CTKL>0-0-8-16</CTKL>
  </HocPhan>
  <HocPhan>
    <Ma>ET5010E</Ma>
    <Ten>Thiết kế vi mạch số</Ten>
    <LoaiLop>LT+BT</LoaiLop>
    <SoTC>3</SoTC>
    <CTKL>3-1-0-6</CTKL>
  </HocPhan>
  <HocPhan>
    <Ma>ET5011</Ma>
    <Ten>Thực tập cuối khóa</Ten>
    <LoaiLop>TTTN</LoaiLop>
    <SoTC>3</SoTC>
    <CTKL>0-0-6-6</CTKL>
  </HocPhan>
  <HocPhan>
    <Ma>ET5026</Ma>
    <Ten>Thực tập tốt nghiệp</Ten>
    <LoaiLop>TTTN</LoaiLop>
    <SoTC>4</SoTC>
    <CTKL>0-0-8-16</CTKL>
  </HocPhan>
  <HocPhan>
    <Ma>ET5028</Ma>
    <Ten>Thiết kế KTYS 5</Ten>
    <LoaiLop>LT+BT</LoaiLop>
    <SoTC>1</SoTC>
    <CTKL>0-2-0-2</CTKL>
  </HocPhan>
  <HocPhan>
    <Ma>ET5080E</Ma>
    <Ten>Thiết kế số sử dụng VHDL</Ten>
    <LoaiLop>LT+BT</LoaiLop>
    <SoTC>3</SoTC>
    <CTKL>3-1-0-6</CTKL>
  </HocPhan>
  <HocPhan>
    <Ma>ET5100E</Ma>
    <Ten>Thực tập tốt nghiệp</Ten>
    <LoaiLop>TTTN</LoaiLop>
    <SoTC>3</SoTC>
    <CTKL>0-0-8-16</CTKL>
  </HocPhan>
  <HocPhan>
    <Ma>ET5240</Ma>
    <Ten>Kỹ thuật vệ tinh</Ten>
    <LoaiLop>LT+BT</LoaiLop>
    <SoTC>2</SoTC>
    <CTKL>2-1-0-4</CTKL>
    <MaBM>7.09</MaBM>
  </HocPhan>
  <HocPhan>
    <Ma>ET5260</Ma>
    <Ten>Định vị sử dụng vệ tinh</Ten>
    <LoaiLop>LT+BT</LoaiLop>
    <SoTC>3</SoTC>
    <CTKL>3-1-0-6</CTKL>
    <MaBM>7.09</MaBM>
  </HocPhan>
  <HocPhan>
    <Ma>ET5280</Ma>
    <Ten>Thiết kế ứng dụng dựa trên vị trí</Ten>
    <LoaiLop>LT+BT</LoaiLop>
    <SoTC>2</SoTC>
    <CTKL>2-1-0-4</CTKL>
    <MaBM>7.09</MaBM>
  </HocPhan>
  <HocPhan>
    <Ma>ET5300</Ma>
    <Ten>Lập trình Java</Ten>
    <LoaiLop>LT+BT</LoaiLop>
    <SoTC>3</SoTC>
    <CTKL>3-0-1-6</CTKL>
  </HocPhan>
  <HocPhan>
    <Ma>ET5310</Ma>
    <Ten>Hệ điều hành Android</Ten>
    <LoaiLop>LT+BT</LoaiLop>
    <SoTC>3</SoTC>
    <CTKL>3-0-1-6</CTKL>
  </HocPhan>
  <HocPhan>
    <Ma>ET5310E</Ma>
    <Ten>Thiết kế khuếch đại thuật toán</Ten>
    <LoaiLop>LT+BT</LoaiLop>
    <SoTC>3</SoTC>
    <CTKL>3-1-0-6</CTKL>
  </HocPhan>
  <HocPhan>
    <Ma>ET5320E</Ma>
    <Ten>Thiết kế kiểm tra điện tử</Ten>
    <LoaiLop>LT+BT</LoaiLop>
    <SoTC>3</SoTC>
    <CTKL>3-0-1-6</CTKL>
  </HocPhan>
  <HocPhan>
    <Ma>ET6020</Ma>
    <Ten>Lọc số và mã hóa băng con</Ten>
    <LoaiLop>LT+BT</LoaiLop>
    <SoTC>2</SoTC>
    <CTKL>2-0-0-4</CTKL>
    <MaBM>7.04</MaBM>
  </HocPhan>
  <HocPhan>
    <Ma>ET6030</Ma>
    <Ten>Phân tích thiết kế hệ thống thông tin vô tuyến</Ten>
    <LoaiLop>LT+BT</LoaiLop>
    <SoTC>2</SoTC>
    <CTKL>2-0-0-4</CTKL>
    <MaBM>7.02</MaBM>
  </HocPhan>
  <HocPhan>
    <Ma>ET6040</Ma>
    <Ten>Mạng băng rộng</Ten>
    <LoaiLop>LT+BT</LoaiLop>
    <SoTC>2</SoTC>
    <CTKL>2-0-0-4</CTKL>
    <MaBM>7.04</MaBM>
  </HocPhan>
  <HocPhan>
    <Ma>ET6050</Ma>
    <Ten>Tương thích điện từ</Ten>
    <LoaiLop>LT+BT</LoaiLop>
    <SoTC>2</SoTC>
    <CTKL>2-0-0-4</CTKL>
    <MaBM>7.02</MaBM>
  </HocPhan>
  <HocPhan>
    <Ma>ET6060</Ma>
    <Ten>Xử lý tín hiệu không gian thời gian</Ten>
    <LoaiLop>LT+BT</LoaiLop>
    <SoTC>2</SoTC>
    <CTKL>2-0-0-4</CTKL>
    <MaBM>7.04</MaBM>
  </HocPhan>
  <HocPhan>
    <Ma>ET6070</Ma>
    <Ten>Kỹ thuật trải phổ và ứng dụng</Ten>
    <LoaiLop>LT+BT</LoaiLop>
    <SoTC>2</SoTC>
    <CTKL>2-0-0-4</CTKL>
    <MaBM>7.09</MaBM>
  </HocPhan>
  <HocPhan>
    <Ma>ET6080</Ma>
    <Ten>Hệ thống thông tin công nghiệp</Ten>
    <LoaiLop>LT+BT</LoaiLop>
    <SoTC>2</SoTC>
    <CTKL>2-0-0-4</CTKL>
    <MaBM>7.03</MaBM>
  </HocPhan>
  <HocPhan>
    <Ma>ET6090</Ma>
    <Ten>Nền tảng dịch vụ cho Mạng thế hệ mới</Ten>
    <LoaiLop>LT+BT</LoaiLop>
    <SoTC>2</SoTC>
    <CTKL>2-0-0-4</CTKL>
    <MaBM>7.04</MaBM>
  </HocPhan>
  <HocPhan>
    <Ma>ET6100</Ma>
    <Ten>Phân tích và thiết kế anten bằng phương pháp số</Ten>
    <LoaiLop>LT+BT</LoaiLop>
    <SoTC>2</SoTC>
    <CTKL>2-0-0-4</CTKL>
    <MaBM>7.02</MaBM>
  </HocPhan>
  <HocPhan>
    <Ma>ET6110</Ma>
    <Ten>Mạng thông tin quang thế hệ mới</Ten>
    <LoaiLop>LT+BT</LoaiLop>
    <SoTC>2</SoTC>
    <CTKL>2-0-0-4</CTKL>
    <MaBM>7.04</MaBM>
  </HocPhan>
  <HocPhan>
    <Ma>ET6120</Ma>
    <Ten>Rađa và hệ thống định vị toàn cầu</Ten>
    <LoaiLop>LT+BT</LoaiLop>
    <SoTC>2</SoTC>
    <CTKL>1.5-1-0-4</CTKL>
    <MaBM>7.02</MaBM>
  </HocPhan>
  <HocPhan>
    <Ma>ET6130</Ma>
    <Ten>Xử lý ảnh số</Ten>
    <LoaiLop>LT+BT</LoaiLop>
    <SoTC>2</SoTC>
    <CTKL>1.5-1-0-4</CTKL>
    <MaBM>7.03</MaBM>
  </HocPhan>
  <HocPhan>
    <Ma>ET6140</Ma>
    <Ten>Truyền thông đa phương tiện</Ten>
    <LoaiLop>LT+BT</LoaiLop>
    <SoTC>2</SoTC>
    <CTKL>1.5-1-0-4</CTKL>
    <MaBM>7.04</MaBM>
  </HocPhan>
  <HocPhan>
    <Ma>ET6150</Ma>
    <Ten>Truyền thông băng siêu rộng</Ten>
    <LoaiLop>LT+BT</LoaiLop>
    <SoTC>2</SoTC>
    <CTKL>1.5-0.5-0.5-4</CTKL>
    <MaBM>7.07</MaBM>
  </HocPhan>
  <HocPhan>
    <Ma>ET6160</Ma>
    <Ten>Các hệ thống phân tán</Ten>
    <LoaiLop>LT+BT</LoaiLop>
    <SoTC>2</SoTC>
    <CTKL>1.5-1-0-4</CTKL>
    <MaBM>7.04</MaBM>
  </HocPhan>
  <HocPhan>
    <Ma>ET6170</Ma>
    <Ten>Quang tử</Ten>
    <LoaiLop>LT+BT</LoaiLop>
    <SoTC>2</SoTC>
    <CTKL>2-0-0-4</CTKL>
    <MaBM>7.02</MaBM>
  </HocPhan>
  <HocPhan>
    <Ma>ET6190</Ma>
    <Ten>Mô hình hóa hệ thống và các phương pháp mô phỏng số</Ten>
    <LoaiLop>LT+BT</LoaiLop>
    <SoTC>2</SoTC>
    <CTKL>2-0-0-4</CTKL>
    <MaBM>7.04</MaBM>
  </HocPhan>
  <HocPhan>
    <Ma>ET6200</Ma>
    <Ten>Chuyên đề</Ten>
    <LoaiLop>LT+BT</LoaiLop>
    <SoTC>2</SoTC>
    <CTKL>2-0-0-4</CTKL>
  </HocPhan>
  <HocPhan>
    <Ma>ET6210</Ma>
    <Ten>Các hệ thống thời gian thực</Ten>
    <LoaiLop>LT+BT</LoaiLop>
    <SoTC>2</SoTC>
    <CTKL>2-0-0-4</CTKL>
    <MaBM>7.04</MaBM>
  </HocPhan>
  <HocPhan>
    <Ma>ET6220</Ma>
    <Ten>Kiến trúc máy tính song song</Ten>
    <LoaiLop>LT+BT</LoaiLop>
    <SoTC>2</SoTC>
    <CTKL>2-0-0-4</CTKL>
    <MaBM>7.03</MaBM>
  </HocPhan>
  <HocPhan>
    <Ma>ET6230</Ma>
    <Ten>Lập trình song song</Ten>
    <LoaiLop>LT+BT</LoaiLop>
    <SoTC>2</SoTC>
    <CTKL>2-0-0-4</CTKL>
    <MaBM>7.03</MaBM>
  </HocPhan>
  <HocPhan>
    <Ma>ET6240</Ma>
    <Ten>Thiết kế IC</Ten>
    <LoaiLop>LT+BT</LoaiLop>
    <SoTC>2</SoTC>
    <CTKL>2-0-0-4</CTKL>
    <MaBM>7.02</MaBM>
  </HocPhan>
  <HocPhan>
    <Ma>ET6250</Ma>
    <Ten>Kiểm tra thiết kế phần cứng số</Ten>
    <LoaiLop>LT+BT</LoaiLop>
    <SoTC>2</SoTC>
    <CTKL>2-0-0-4</CTKL>
    <MaBM>7.03</MaBM>
  </HocPhan>
  <HocPhan>
    <Ma>ET6260</Ma>
    <Ten>Kiểm tra và đóng vỏ IC</Ten>
    <LoaiLop>LT+BT</LoaiLop>
    <SoTC>2</SoTC>
    <CTKL>2-0-0-4</CTKL>
    <MaBM>7.02</MaBM>
  </HocPhan>
  <HocPhan>
    <Ma>ET6280</Ma>
    <Ten>Mạng nơ-ron và ứng dụng</Ten>
    <LoaiLop>LT+BT</LoaiLop>
    <SoTC>2</SoTC>
    <CTKL>1.5-1-0-4</CTKL>
    <MaBM>7.03</MaBM>
  </HocPhan>
  <HocPhan>
    <Ma>ET6290</Ma>
    <Ten>Độ tin cậy của hệ thống số</Ten>
    <LoaiLop>LT+BT</LoaiLop>
    <SoTC>2</SoTC>
    <CTKL>2-0-0-4</CTKL>
    <MaBM>7.03</MaBM>
  </HocPhan>
  <HocPhan>
    <Ma>ET6310</Ma>
    <Ten>Công nghệ chẩn đoán hình ảnh tiên tiến</Ten>
    <LoaiLop>LT+BT</LoaiLop>
    <SoTC>2</SoTC>
    <CTKL>2-0-0-4</CTKL>
    <MaBM>7.05</MaBM>
  </HocPhan>
  <HocPhan>
    <Ma>ET6320</Ma>
    <Ten>Thiết kế thiết bị điện tử y tế</Ten>
    <LoaiLop>LT+BT</LoaiLop>
    <SoTC>2</SoTC>
    <CTKL>2-0-0-4</CTKL>
    <MaBM>7.05</MaBM>
  </HocPhan>
  <HocPhan>
    <Ma>ET6330</Ma>
    <Ten>Thông tin y tế</Ten>
    <LoaiLop>LT+BT</LoaiLop>
    <SoTC>2</SoTC>
    <CTKL>2-0-0-4</CTKL>
    <MaBM>7.05</MaBM>
  </HocPhan>
  <HocPhan>
    <Ma>ET6340</Ma>
    <Ten>Mô hình hóa tín hiệu y sinh</Ten>
    <LoaiLop>LT+BT</LoaiLop>
    <SoTC>2</SoTC>
    <CTKL>2-0-0-4</CTKL>
    <MaBM>7.05</MaBM>
  </HocPhan>
  <HocPhan>
    <Ma>ET6350</Ma>
    <Ten>Kỹ thuật lập kế hoạch điều trị trong xạ trị</Ten>
    <LoaiLop>LT+BT</LoaiLop>
    <SoTC>2</SoTC>
    <CTKL>2-0-0-4</CTKL>
    <MaBM>7.05</MaBM>
  </HocPhan>
  <HocPhan>
    <Ma>ET6360</Ma>
    <Ten>Cơ sinh và ứng dụng</Ten>
    <LoaiLop>LT+BT</LoaiLop>
    <SoTC>2</SoTC>
    <CTKL>2-0-0-4</CTKL>
    <MaBM>7.05</MaBM>
  </HocPhan>
  <HocPhan>
    <Ma>ET6370</Ma>
    <Ten>Tính toán che chắn an toàn bức xạ trong y tế</Ten>
    <LoaiLop>LT+BT</LoaiLop>
    <SoTC>2</SoTC>
    <CTKL>2-0-0-4</CTKL>
    <MaBM>7.05</MaBM>
  </HocPhan>
  <HocPhan>
    <Ma>ET6380</Ma>
    <Ten>Thiết kế hệ thống theo dõi bệnh nhân</Ten>
    <LoaiLop>LT+BT</LoaiLop>
    <SoTC>2</SoTC>
    <CTKL>2-0-0-4</CTKL>
    <MaBM>7.05</MaBM>
  </HocPhan>
  <HocPhan>
    <Ma>ET6400</Ma>
    <Ten>Tái tạo ảnh y tế</Ten>
    <LoaiLop>LT+BT</LoaiLop>
    <SoTC>2</SoTC>
    <CTKL>2-0-0-4</CTKL>
    <MaBM>7.05</MaBM>
  </HocPhan>
  <HocPhan>
    <Ma>ET6410</Ma>
    <Ten>Mô phỏng hệ thống sinh lý</Ten>
    <LoaiLop>LT+BT</LoaiLop>
    <SoTC>2</SoTC>
    <CTKL>2-0-0-4</CTKL>
    <MaBM>7.05</MaBM>
  </HocPhan>
  <HocPhan>
    <Ma>ET6420</Ma>
    <Ten>Cảm biến sinh học</Ten>
    <LoaiLop>LT+BT</LoaiLop>
    <SoTC>2</SoTC>
    <CTKL>2-0-0-4</CTKL>
    <MaBM>7.05</MaBM>
  </HocPhan>
  <HocPhan>
    <Ma>ET6430</Ma>
    <Ten>Tối ưu vô tuyến cho các mạng thông tin di động thế hệ mới</Ten>
    <LoaiLop>LT+BT</LoaiLop>
    <SoTC>2</SoTC>
    <CTKL>2-0-0-4</CTKL>
    <MaBM>7.07</MaBM>
  </HocPhan>
  <HocPhan>
    <Ma>ET6440</Ma>
    <Ten>Quang học y sinh</Ten>
    <LoaiLop>LT+BT</LoaiLop>
    <SoTC>2</SoTC>
    <CTKL>2-0-0-4</CTKL>
    <MaBM>7.05</MaBM>
  </HocPhan>
  <HocPhan>
    <Ma>ET6450</Ma>
    <Ten>Thiết bị quang điện tử chuyên dụng dùng trong y tế</Ten>
    <LoaiLop>LT+BT</LoaiLop>
    <SoTC>2</SoTC>
    <CTKL>2-0-0-4</CTKL>
    <MaBM>7.05</MaBM>
  </HocPhan>
  <HocPhan>
    <Ma>ET6460</Ma>
    <Ten>Mạng chuyển tiếp băng rộng</Ten>
    <LoaiLop>LT+BT</LoaiLop>
    <SoTC>2</SoTC>
    <CTKL>2-0-0-4</CTKL>
    <MaBM>7.07</MaBM>
  </HocPhan>
  <HocPhan>
    <Ma>ET6470</Ma>
    <Ten>Các phương pháp học máy và ứng dụng</Ten>
    <LoaiLop>LT+BT</LoaiLop>
    <SoTC>2</SoTC>
    <CTKL>2-0-0-4</CTKL>
    <MaBM>7.03</MaBM>
  </HocPhan>
  <HocPhan>
    <Ma>ET6480</Ma>
    <Ten>Cảm biến hình ảnh và ứng dụng</Ten>
    <LoaiLop>LT+BT</LoaiLop>
    <SoTC>2</SoTC>
    <CTKL>2-0-0-4</CTKL>
    <MaBM>7.03</MaBM>
  </HocPhan>
  <HocPhan>
    <Ma>ET7000</Ma>
    <Ten>Lý thuyết phi tuyến tính và ứng dụng vào truyền thông</Ten>
    <LoaiLop>LT+BT</LoaiLop>
    <SoTC>2</SoTC>
    <CTKL>2-0-0-4</CTKL>
    <MaBM>7.03</MaBM>
  </HocPhan>
  <HocPhan>
    <Ma>ET7010</Ma>
    <Ten>Mã hóa kênh</Ten>
    <LoaiLop>LT+BT</LoaiLop>
    <SoTC>2</SoTC>
    <CTKL>2-0-0-4</CTKL>
    <MaBM>7.04</MaBM>
  </HocPhan>
  <HocPhan>
    <Ma>ET7020</Ma>
    <Ten>Xử lý tín hiệu phi tuyến</Ten>
    <LoaiLop>LT+BT</LoaiLop>
    <SoTC>2</SoTC>
    <CTKL>2-0-0-4</CTKL>
    <MaBM>7.03</MaBM>
  </HocPhan>
  <HocPhan>
    <Ma>ET7030</Ma>
    <Ten>Kỹ thuật nhận dạng mẫu</Ten>
    <LoaiLop>LT+BT</LoaiLop>
    <SoTC>2</SoTC>
    <CTKL>2-0-0-4</CTKL>
    <MaBM>7.03</MaBM>
  </HocPhan>
  <HocPhan>
    <Ma>ET7041</Ma>
    <Ten>Phương pháp viết báo cáo khoa học bằng tiếng Anh</Ten>
    <LoaiLop>LT+BT</LoaiLop>
    <SoTC>2</SoTC>
    <CTKL>2-0-0-4</CTKL>
    <MaBM>7.03</MaBM>
  </HocPhan>
  <HocPhan>
    <Ma>ET7051</Ma>
    <Ten>Mạch quang tích hợp kích thước nano: Nguyên lý và ứng dụng</Ten>
    <LoaiLop>LT+BT</LoaiLop>
    <SoTC>2</SoTC>
    <CTKL>2-0-0-4</CTKL>
    <MaBM>7.02</MaBM>
  </HocPhan>
  <HocPhan>
    <Ma>ET7061</Ma>
    <Ten>Thiết kế và phát triển thiết bị y tế</Ten>
    <LoaiLop>LT+BT</LoaiLop>
    <SoTC>2</SoTC>
    <CTKL>2-0-0-4</CTKL>
    <MaBM>7.05</MaBM>
  </HocPhan>
  <HocPhan>
    <Ma>ET7071</Ma>
    <Ten>Mạng cảm biến và đa chặng không dây</Ten>
    <LoaiLop>LT+BT</LoaiLop>
    <SoTC>2</SoTC>
    <CTKL>2-0-0-4</CTKL>
    <MaBM>7.04</MaBM>
  </HocPhan>
  <HocPhan>
    <Ma>ET7081</Ma>
    <Ten>Đa phương tiện không dây</Ten>
    <LoaiLop>LT+BT</LoaiLop>
    <SoTC>2</SoTC>
    <CTKL>2-0-0-4</CTKL>
    <MaBM>7.04</MaBM>
  </HocPhan>
  <HocPhan>
    <Ma>ET7091</Ma>
    <Ten>Công nghệ vô tuyến điều khiển bằng phần mềm SDR trong kiến trúc máy thu vô tuyến điện</Ten>
    <LoaiLop>LT+BT</LoaiLop>
    <SoTC>2</SoTC>
    <CTKL>2-0-0-4</CTKL>
    <MaBM>7.02</MaBM>
  </HocPhan>
  <HocPhan>
    <Ma>ET7101</Ma>
    <Ten>Thiết kế, mô phỏng các phần tử siêu cao tần</Ten>
    <LoaiLop>LT+BT</LoaiLop>
    <SoTC>2</SoTC>
    <CTKL>2-0-0-4</CTKL>
    <MaBM>7.02</MaBM>
  </HocPhan>
  <HocPhan>
    <Ma>ET7111</Ma>
    <Ten>Kỹ thuật truyền thông hình ảnh</Ten>
    <LoaiLop>LT+BT</LoaiLop>
    <SoTC>2</SoTC>
    <CTKL>2-0-0-4</CTKL>
    <MaBM>7.03</MaBM>
  </HocPhan>
  <HocPhan>
    <Ma>ET7121</Ma>
    <Ten>Tính toán cấu hình lại được</Ten>
    <LoaiLop>LT+BT</LoaiLop>
    <SoTC>2</SoTC>
    <CTKL>2-0-0-4</CTKL>
    <MaBM>7.03</MaBM>
  </HocPhan>
  <HocPhan>
    <Ma>ET7131</Ma>
    <Ten>Kỹ thuật mạng quang: định tuyến và cấp phát tài nguyên</Ten>
    <LoaiLop>LT+BT</LoaiLop>
    <SoTC>2</SoTC>
    <CTKL>2-0-0-4</CTKL>
    <MaBM>7.02</MaBM>
  </HocPhan>
  <HocPhan>
    <Ma>ET7291</Ma>
    <Ten>Lý thuyết Wavelet và ứng dụng</Ten>
    <LoaiLop>LT+BT</LoaiLop>
    <SoTC>2</SoTC>
    <CTKL>2-0-0-4</CTKL>
    <MaBM>7.09</MaBM>
  </HocPhan>
  <HocPhan>
    <Ma>ET4911</Ma>
    <Ten>Đồ án tốt nghiệp</Ten>
    <LoaiLop>DATN</LoaiLop>
    <SoTC>6</SoTC>
    <CTKL>0-0-12-12</CTKL>
  </HocPhan>
  <HocPhan>
    <Ma>ET4011</Ma>
    <Ten>Đồ án thiết kế II</Ten>
    <LoaiLop>DAMH</LoaiLop>
    <SoTC>2</SoTC>
    <CTKL>0-0-4-4</CTKL>
  </HocPhan>
  <HocPhan>
    <Ma>ET4320</Ma>
    <Ten>Kỹ thuật siêu cao tần - antenna</Ten>
    <LoaiLop>LT+BT</LoaiLop>
    <SoTC>3</SoTC>
    <CTKL>3-1-0.5-6</CTKL>
  </HocPhan>
  <HocPhan>
    <Ma>ET6010</Ma>
    <Ten>Chuyên đề</Ten>
    <LoaiLop>LT</LoaiLop>
    <SoTC>2</SoTC>
    <CTKL>2-0-0-0</CTKL>
  </HocPhan>
  <HocPhan>
    <Ma>ET6300</Ma>
    <Ten>Chuyên đề</Ten>
    <LoaiLop>LT</LoaiLop>
    <SoTC>2</SoTC>
    <CTKL>2-0-0-0</CTKL>
  </HocPhan>
  <HocPhan>
    <Ma>ET3016</Ma>
    <Ten>Tín hiệu và hệ thống</Ten>
    <LoaiLop>LT+BT</LoaiLop>
    <SoTC>3</SoTC>
    <CTKL>3-1-0-6</CTKL>
  </HocPhan>
  <HocPhan>
    <Ma>ET2011</Ma>
    <Ten>Kỹ thuật điện tử</Ten>
    <LoaiLop>LT</LoaiLop>
    <SoTC>3</SoTC>
    <CTKL>3-0-1-6</CTKL>
  </HocPhan>
  <HocPhan>
    <Ma>ET2051</Ma>
    <Ten>Bài tập lý thuyết mạch</Ten>
    <LoaiLop>BT</LoaiLop>
    <SoTC>1</SoTC>
    <CTKL>0-1-0-2</CTKL>
  </HocPhan>
  <HocPhan>
    <Ma>ET4910</Ma>
    <Ten>Thực tập công nghiệp</Ten>
    <LoaiLop>TT</LoaiLop>
    <SoTC>12</SoTC>
    <CTKL>0-0-24-24</CTKL>
  </HocPhan>
  <HocPhan>
    <Ma>ET3110</Ma>
    <Ten>Kỹ thuật vi xử lý</Ten>
    <LoaiLop>LT+BT</LoaiLop>
    <SoTC>4</SoTC>
    <CTKL>4-1-1-8</CTKL>
    <MaBM>7.03</MaBM>
  </HocPhan>
  <HocPhan>
    <Ma>ET2015</Ma>
    <Ten>Electronics</Ten>
    <LoaiLop>LT+BT</LoaiLop>
    <SoTC>4</SoTC>
    <CTKL>3-1-1-8</CTKL>
  </HocPhan>
  <HocPhan>
    <Ma>ET3150</Ma>
    <Ten>Cơ sở đo lường điện tử</Ten>
    <LoaiLop>LT+BT</LoaiLop>
    <SoTC>3</SoTC>
    <CTKL>3-1-0.5-6</CTKL>
  </HocPhan>
  <HocPhan>
    <Ma>ET3261</Ma>
    <Ten>Bài tập Kỹ thuật phần mềm ứng dụng</Ten>
    <LoaiLop>BT</LoaiLop>
    <SoTC>1</SoTC>
    <CTKL>0-1-0-2</CTKL>
  </HocPhan>
  <HocPhan>
    <Ma>ET2071</Ma>
    <Ten>Bài tập cơ sở truyền tin</Ten>
    <LoaiLop>BT</LoaiLop>
    <SoTC>1</SoTC>
    <CTKL>0-1-0-2</CTKL>
  </HocPhan>
  <HocPhan>
    <Ma>ET3046</Ma>
    <Ten>Cơ sinh</Ten>
    <LoaiLop>LT+BT</LoaiLop>
    <SoTC>3</SoTC>
    <CTKL>2-1-0.5-6</CTKL>
  </HocPhan>
  <HocPhan>
    <Ma>ET3066</Ma>
    <Ten>Kỹ thuật số</Ten>
    <LoaiLop>LT+BT</LoaiLop>
    <SoTC>4</SoTC>
    <CTKL>3-1-1-8</CTKL>
  </HocPhan>
  <HocPhan>
    <Ma>ET3096</Ma>
    <Ten>Mạch điện tử I</Ten>
    <LoaiLop>LT+BT</LoaiLop>
    <SoTC>3</SoTC>
    <CTKL>3-1-0-6</CTKL>
  </HocPhan>
  <HocPhan>
    <Ma>ET3280E</Ma>
    <Ten>Anten - truyền sóng</Ten>
    <LoaiLop>LT+BT</LoaiLop>
    <SoTC>3</SoTC>
    <CTKL>3-1-0-6</CTKL>
  </HocPhan>
  <HocPhan>
    <Ma>ET3560</Ma>
    <Ten>Thực tập nâng cao</Ten>
    <LoaiLop>TT</LoaiLop>
    <SoTC>3</SoTC>
    <CTKL>0-0-9-0</CTKL>
  </HocPhan>
  <HocPhan>
    <Ma>ET4090E</Ma>
    <Ten>Cơ sở kỹ thuật siêu cao tần</Ten>
    <LoaiLop>LT+BT</LoaiLop>
    <SoTC>3</SoTC>
    <CTKL>3-1-0-6</CTKL>
  </HocPhan>
  <HocPhan>
    <Ma>ET4240E</Ma>
    <Ten>Truyền thông vô tuyến</Ten>
    <LoaiLop>LT+BT</LoaiLop>
    <SoTC>3</SoTC>
    <CTKL>3-1-0-6</CTKL>
  </HocPhan>
  <HocPhan>
    <Ma>ET4310E</Ma>
    <Ten>Thông tin sợi quang</Ten>
    <LoaiLop>LT+BT</LoaiLop>
    <SoTC>3</SoTC>
    <CTKL>3-0-1-6</CTKL>
  </HocPhan>
  <HocPhan>
    <Ma>ET4456</Ma>
    <Ten>Giải phẫu và sinh lý</Ten>
    <LoaiLop>LT+BT</LoaiLop>
    <SoTC>5</SoTC>
    <CTKL>3-1-1-10</CTKL>
  </HocPhan>
  <HocPhan>
    <Ma>ET4280E</Ma>
    <Ten>Thông tin số II</Ten>
    <LoaiLop>LT+BT</LoaiLop>
    <SoTC>3</SoTC>
    <CTKL>3-0-1-6</CTKL>
  </HocPhan>
  <HocPhan>
    <Ma>ET4218</Ma>
    <Ten>Thiết kế Kỹ thuật y sinh IV</Ten>
    <LoaiLop>BT</LoaiLop>
    <SoTC>1</SoTC>
    <CTKL>0-2-0-2</CTKL>
    <MaBM>7.05</MaBM>
  </HocPhan>
  <HocPhan>
    <Ma>ET3116</Ma>
    <Ten>Kỹ thuật vi xử lý</Ten>
    <LoaiLop>LT+BT</LoaiLop>
    <SoTC>4</SoTC>
    <CTKL>3-1-1-8</CTKL>
    <MaBM>7.03</MaBM>
  </HocPhan>
  <HocPhan>
    <Ma>ET3146</Ma>
    <Ten>Mạch điện tử II</Ten>
    <LoaiLop>LT+BT</LoaiLop>
    <SoTC>0</SoTC>
  </HocPhan>
  <HocPhan>
    <Ma>ET3166</Ma>
    <Ten>Cấu trúc dữ liệu</Ten>
    <LoaiLop>LT+BT</LoaiLop>
    <SoTC>3</SoTC>
    <CTKL>3-1-0-6</CTKL>
    <MaBM>7.03</MaBM>
  </HocPhan>
  <HocPhan>
    <Ma>ET4498</Ma>
    <Ten>Quang học y sinh</Ten>
    <LoaiLop>LT+BT</LoaiLop>
    <SoTC>3</SoTC>
    <CTKL>2-1-1-6</CTKL>
    <MaBM>7.05</MaBM>
  </HocPhan>
  <HocPhan>
    <Ma>ET3290E</Ma>
    <Ten>Xây dựng đề tài thiết kế</Ten>
    <LoaiLop>DAMH</LoaiLop>
    <SoTC>1</SoTC>
    <CTKL>0-0-2-4</CTKL>
  </HocPhan>
  <HocPhan>
    <Ma>ET2100</Ma>
    <Ten>Cấu trúc dữ liệu và giải thuật</Ten>
    <LoaiLop>LT+BT</LoaiLop>
    <SoTC>3</SoTC>
    <CTKL>3-1-0-6</CTKL>
    <MaBM>KDTVT</MaBM>
  </HocPhan>
  <HocPhan>
    <Ma>ET4010</Ma>
    <Ten>Đồ án II</Ten>
    <LoaiLop>DAMH</LoaiLop>
    <SoTC>2</SoTC>
    <CTKL>0-0-4-4</CTKL>
  </HocPhan>
  <HocPhan>
    <Ma>ET5020</Ma>
    <Ten>Đồ án thiết kế III</Ten>
    <LoaiLop>DAMH</LoaiLop>
    <SoTC>3</SoTC>
    <CTKL>0-0-6-6</CTKL>
  </HocPhan>
  <HocPhan>
    <Ma>IT4069</Ma>
    <Ten>Lập trình mạng</Ten>
    <LoaiLop>LT+BT</LoaiLop>
  </HocPhan>
  <HocPhan>
    <Ma>ET6002</Ma>
    <Ten>Luận văn thạc sỹ KT</Ten>
    <LoaiLop>LVKT</LoaiLop>
  </HocPhan>
  <HocPhan>
    <Ma>ET6001</Ma>
    <Ten>Luận văn thạc sỹ KH</Ten>
    <LoaiLop>LVKH</LoaiLop>
  </HocPhan>
  <HocPhan>
    <Ma>ET6000</Ma>
    <Ten>Luận văn thạc sỹ KH</Ten>
    <LoaiLop>LVKH</LoaiLop>
    <MaBM>KDTVT</MaBM>
  </HocPhan>
  <HocPhan>
    <Ma>ET5111</Ma>
    <Ten>Đồ án tốt nghiệp kỹ sư</Ten>
    <LoaiLop>DATN</LoaiLop>
    <SoTC>9</SoTC>
    <CTKL>0-0-18-18</CTKL>
  </HocPhan>
  <HocPhan>
    <Ma>ET3290</Ma>
    <Ten>Đồ án thiết kế I</Ten>
    <LoaiLop>DAMH</LoaiLop>
    <SoTC>2</SoTC>
    <CTKL>0-0-4-4</CTKL>
  </HocPhan>
  <HocPhan>
    <Ma>LV6002</Ma>
    <Ten>Luận văn tốt nghiệp</Ten>
    <LoaiLop>LVKT</LoaiLop>
    <SoTC>8</SoTC>
    <CTKL>0-2-15-40</CTKL>
  </HocPhan>
  <HocPhan>
    <Ma>LV6001</Ma>
    <Ten>Luận văn tốt nghiệp</Ten>
    <LoaiLop>LVKH</LoaiLop>
    <SoTC>15</SoTC>
    <CTKL>0-2-30-50</CTKL>
  </HocPhan>
  <HocPhan>
    <Ma>ET3178</Ma>
    <Ten>Thiết kế kỹ thuật y sinh 2</Ten>
    <LoaiLop>DAMH</LoaiLop>
    <SoTC>1</SoTC>
    <CTKL>0-2-0-2</CTKL>
  </HocPhan>
  <HocPhan>
    <Ma>ET5110E</Ma>
    <Ten>Đồ án tốt nghiệp</Ten>
    <LoaiLop>DATN</LoaiLop>
    <SoTC>10</SoTC>
    <CTKL>0-0-20-40</CTKL>
  </HocPhan>
  <HocPhan>
    <Ma>ET5126</Ma>
    <Ten>Thiết kế tốt nghiệp</Ten>
    <LoaiLop>DATN</LoaiLop>
    <SoTC>10</SoTC>
    <CTKL>0-0-20-40</CTKL>
  </HocPhan>
  <HocPhan>
    <Ma>ET4900</Ma>
    <Ten>Đồ án tốt nghiệp cử nhân</Ten>
    <LoaiLop>DACN</LoaiLop>
    <SoTC>6</SoTC>
    <CTKL>0-0-12-12</CTKL>
  </HocPhan>
  <HocPhan>
    <Ma>ET4216</Ma>
    <Ten>Thiết kế Kỹ thuật y sinh III</Ten>
    <LoaiLop>DAMH</LoaiLop>
    <SoTC>1</SoTC>
    <CTKL>0-2-0-2</CTKL>
  </HocPhan>
  <HocPhan>
    <Ma>ET4010E</Ma>
    <Ten>Đồ án thiết kế</Ten>
    <LoaiLop>DAMH</LoaiLop>
    <SoTC>3</SoTC>
    <CTKL>0-0-6-12</CTKL>
  </HocPhan>
  <HocPhan>
    <Ma>ET5110</Ma>
    <Ten>Đồ án tốt nghiệp kỹ sư</Ten>
    <LoaiLop>DATN</LoaiLop>
    <SoTC>10</SoTC>
    <CTKL>0-0-20-40</CTKL>
  </HocPhan>
  <HocPhan>
    <Ma>ET4210</Ma>
    <Ten>Thiết kế đồ án II</Ten>
    <LoaiLop>DAMH</LoaiLop>
    <SoTC>2</SoTC>
    <CTKL>1-1-1-4</CTKL>
  </HocPhan>
  <HocPhan>
    <Ma>ET3310G</Ma>
    <Ten>Cơ sở điện tử viễn thông</Ten>
    <LoaiLop>LT+BT</LoaiLop>
    <SoTC>3</SoTC>
    <CTKL>3-1-0-6</CTKL>
    <MaBM>KDTVT</MaBM>
  </HocPhan>
  <HocPhan>
    <Ma>ET2010M</Ma>
    <Ten>Cấu trúc dữ liệu và giải thuật</Ten>
  </HocPhan>
  <HocPhan>
    <Ma />
  </HocPhan>
</data>