﻿<?xml version="1.0" encoding="utf-8" ?>
<data>
  <LATS>
    <GiangVienId>4</GiangVienId>
    <NCS>Nguyễn Thành Trung</NCS>
    <Nam>2016</Nam>
  </LATS>
  <LATS>
    <GiangVienId>5</GiangVienId>
    <NCS>Phan Đăng Hưng</NCS>
    <Nam>2017</Nam>
  </LATS>
  <LATS>
    <GiangVienId>10</GiangVienId>
    <NCS>Đặng Thành Trung</NCS>
    <Nam>2015</Nam>
  </LATS>
  <LATS>
    <GiangVienId>10</GiangVienId>
    <NCS>Trần Văn Huy</NCS>
    <Nam>2017</Nam>
  </LATS>
  <LATS>
    <GiangVienId>14</GiangVienId>
    <NCS>Lê Thanh Xuyến</NCS>
    <Nam>2015</Nam>
  </LATS>
  <LATS>
    <GiangVienId>14</GiangVienId>
    <NCS>Nguyễn Thành Trung</NCS>
    <Nam>2016</Nam>
  </LATS>
  <LATS>
    <GiangVienId>14</GiangVienId>
    <NCS>Nguyễn Thế Dũng</NCS>
    <Nam>2016</Nam>
  </LATS>
  <LATS>
    <GiangVienId>33</GiangVienId>
    <NCS>Hồ Quang Sơn</NCS>
    <Nam>2015</Nam>
  </LATS>
  <LATS>
    <GiangVienId>38</GiangVienId>
    <NCS>Đỗ Đình Hưng</NCS>
    <Nam>2015</Nam>
  </LATS>
  <LATS>
    <GiangVienId>16</GiangVienId>
    <NCS>Nguyễn Hồng Quân</NCS>
    <Nam>2016</Nam>
  </LATS>
  <LATS>
    <GiangVienId>3047</GiangVienId>
    <NCS>Nguyễn Thị Thu Hiền</NCS>
    <Nam>2017</Nam>
  </LATS>
  <LATS>
    <GiangVienId>20</GiangVienId>
    <NCS>Nguyễn Xuân Nghĩa</NCS>
    <Nam>2015</Nam>
  </LATS>
  <LATS>
    <GiangVienId>24</GiangVienId>
    <NCS>Nguyễn Hồng Anh</NCS>
    <Nam>2015</Nam>
  </LATS>
  <LATS>
    <GiangVienId>26</GiangVienId>
    <NCS>Đinh Thị Kim Phượng</NCS>
    <Nam>2015</Nam>
  </LATS>
  <LATS>
    <GiangVienId>26</GiangVienId>
    <NCS>Dương Tấn Nghĩa</NCS>
    <Nam>2017</Nam>
  </LATS>
  <LATS>
    <GiangVienId>30</GiangVienId>
    <NCS>Hoàng Xuân Thành, Đoàn Thị Quế</NCS>
    <Nam>2015</Nam>
  </LATS>
  <LATS>
    <GiangVienId>43</GiangVienId>
    <NCS>Hoàng Trung Tuyến</NCS>
    <Nam>2016</Nam>
  </LATS>
  <LATS>
    <GiangVienId>43</GiangVienId>
    <NCS>Phạm Trung Minh</NCS>
    <Nam>2015</Nam>
  </LATS>
  <LATS>
    <GiangVienId>46</GiangVienId>
    <NCS>Vũ Anh Đào</NCS>
    <Nam>2017</Nam>
  </LATS>
  <LATS>
    <GiangVienId>49</GiangVienId>
    <NCS>Lê Thanh Việt</NCS>
    <Nam>2017</Nam>
  </LATS>
  <LATS>
    <GiangVienId>49</GiangVienId>
    <NCS>Vũ Hải Quang</NCS>
    <Nam>2017</Nam>
  </LATS>
  <LATS>
    <GiangVienId>52</GiangVienId>
    <NCS>Lê Thị Cẩm Hà</NCS>
    <Nam>2017</Nam>
  </LATS>
  <LATS>
    <GiangVienId>52</GiangVienId>
    <NCS>Trần Thị Thu Hường</NCS>
    <Nam>2017</Nam>
  </LATS>
  <LATS>
    <GiangVienId>54</GiangVienId>
    <NCS>Nguyễn Ngọc Lan</NCS>
    <Nam>2015</Nam>
  </LATS>
  <LATS>
    <GiangVienId>53</GiangVienId>
    <NCS>Lê Thanh Việt</NCS>
    <Nam>2017</Nam>
  </LATS>
  <LATS>
    <GiangVienId>53</GiangVienId>
    <NCS>Vũ Hải Quang</NCS>
    <Nam>2017</Nam>
  </LATS>
  <LATS>
    <GiangVienId>56</GiangVienId>
    <NCS>Nguyễn Hồng Quân</NCS>
    <Nam>2016</Nam>
  </LATS>
  <LATS>
    <GiangVienId>57</GiangVienId>
    <NCS>Nguyễn Văn Thọ</NCS>
    <Nam>2015</Nam>
  </LATS>
  <LATS>
    <GiangVienId>57</GiangVienId>
    <NCS>Trịnh Thị Hương</NCS>
    <Nam>2016</Nam>
  </LATS>
  <LATS>
    <GiangVienId>57</GiangVienId>
    <NCS>Dương Thị Thanh Tú</NCS>
    <Nam>2016</Nam>
  </LATS>
  <LATS>
    <GiangVienId>62</GiangVienId>
    <NCS>Đỗ Đình Hưng, Hoa Xuân Trường</NCS>
    <Nam>2015</Nam>
  </LATS>
  <LATS>
    <GiangVienId>68</GiangVienId>
    <NCS>Nguyễn Ngọc Tuấn</NCS>
    <Nam>2016</Nam>
  </LATS>
  <LATS>
    <GiangVienId>79</GiangVienId>
    <NCS>Dương Tấn Nghĩa</NCS>
    <Nam>2017</Nam>
  </LATS>
</data>