﻿<?xml version="1.0" encoding="utf-8"?>
<data>
  <LoaiLop>
    <Ma>BT</Ma>
    <GiaiNghia>Bài tập</GiaiNghia>
    <PhanCapGD>30</PhanCapGD>
    <CTKL>1</CTKL>
  </LoaiLop>
  <LoaiLop>
    <Ma>LT</Ma>
    <GiaiNghia>Lý thuyết</GiaiNghia>
    <PhanCapGD>30</PhanCapGD>
    <CTKL>0</CTKL>
  </LoaiLop>
  <LoaiLop>
    <Ma>LT+BT</Ma>
    <GiaiNghia>Lý thuyết + Bài tập</GiaiNghia>
    <PhanCapGD>30</PhanCapGD>
    <CTKL>0</CTKL>
  </LoaiLop>
  <LoaiLop>
    <Ma>DA</Ma>
    <GiaiNghia>Đồ án</GiaiNghia>
    <PhanCapGD>10</PhanCapGD>
    <CTKL>2</CTKL>
  </LoaiLop>
  <LoaiLop>
    <Ma>TT</Ma>
    <GiaiNghia>Thực tập</GiaiNghia>
    <PhanCapGD>20</PhanCapGD>
    <CTKL>2</CTKL>
  </LoaiLop>
  <LoaiLop>
    <Ma>TTTN</Ma>
    <GiaiNghia>Thực tập tốt nghiệp</GiaiNghia>
    <PhanCapGD>30</PhanCapGD>
    <CTKL>2</CTKL>
  </LoaiLop>
  <LoaiLop>
    <Ma>DATN</Ma>
    <GiaiNghia>Đồ án tốt nghiệp</GiaiNghia>
    <PhanCapGD>30</PhanCapGD>
    <CTKL>2</CTKL>
  </LoaiLop>
  <LoaiLop>
    <Ma>DAMH</Ma>
    <GiaiNghia>Đồ án môn học</GiaiNghia>
    <PhanCapGD>10</PhanCapGD>
    <CTKL>2</CTKL>
  </LoaiLop>
  <LoaiLop>
    <Ma>HPTS</Ma>
    <GiaiNghia>Học phần tiến sỹ</GiaiNghia>
    <PhanCapGD>40</PhanCapGD>
    <CTKL>0</CTKL>
  </LoaiLop>
  <LoaiLop>
    <Ma>DACN</Ma>
    <GiaiNghia>Đồ án cử nhân</GiaiNghia>
    <PhanCapGD>30</PhanCapGD>
    <CTKL>2</CTKL>
  </LoaiLop>
  <LoaiLop>
    <Ma>TH</Ma>
    <GiaiNghia>Thực hành</GiaiNghia>
    <PhanCapGD>10</PhanCapGD>
    <CTKL>2</CTKL>
  </LoaiLop>
  <LoaiLop>
    <Ma>TN</Ma>
    <GiaiNghia>Thí nghiệm</GiaiNghia>
    <PhanCapGD>10</PhanCapGD>
    <CTKL>2</CTKL>
  </LoaiLop>
  <LoaiLop>
    <Ma>LVKH</Ma>
    <GiaiNghia>Luận văn thạc sỹ KH</GiaiNghia>
    <PhanCapGD>40</PhanCapGD>
    <CTKL>2</CTKL>
  </LoaiLop>
  <LoaiLop>
    <Ma>LVKT</Ma>
    <GiaiNghia>Luận văn thạc sỹ KT</GiaiNghia>
    <PhanCapGD>40</PhanCapGD>
    <CTKL>2</CTKL>
  </LoaiLop>
  <LoaiLop>
    <Ma>CDNCS</Ma>
    <GiaiNghia>Chuyên đề NCS</GiaiNghia>
    <PhanCapGD>40</PhanCapGD>
    <CTKL>1</CTKL>
  </LoaiLop>
  <LoaiLop>
    <Ma>LATS</Ma>
    <GiaiNghia>Luận án tiến sỹ</GiaiNghia>
    <PhanCapGD>50</PhanCapGD>
    <CTKL>2</CTKL>
  </LoaiLop>
</data>