﻿<?xml version="1.0" encoding="utf-8"?>
<data>
  <PhanCapCBGD>
    <CanBoId>2</CanBoId>
    <Min>30</Min>
    <Max>40</Max>
    <TichLuy>0</TichLuy>
  </PhanCapCBGD>
  <PhanCapCBGD>
    <CanBoId>3</CanBoId>
    <Min>30</Min>
    <Max>40</Max>
    <TichLuy>0</TichLuy>
  </PhanCapCBGD>
  <PhanCapCBGD>
    <CanBoId>4</CanBoId>
    <Min>30</Min>
    <Max>40</Max>
    <TichLuy>0</TichLuy>
  </PhanCapCBGD>
  <PhanCapCBGD>
    <CanBoId>5</CanBoId>
    <Min>30</Min>
    <Max>40</Max>
    <TichLuy>0</TichLuy>
  </PhanCapCBGD>
  <PhanCapCBGD>
    <CanBoId>7</CanBoId>
    <Min>10</Min>
    <Max>10</Max>
    <TichLuy>0</TichLuy>
  </PhanCapCBGD>
  <PhanCapCBGD>
    <CanBoId>8</CanBoId>
    <Min>30</Min>
    <Max>30</Max>
    <TichLuy>0</TichLuy>
  </PhanCapCBGD>
  <PhanCapCBGD>
    <CanBoId>9</CanBoId>
    <Min>10</Min>
    <Max>10</Max>
    <TichLuy>0</TichLuy>
  </PhanCapCBGD>
  <PhanCapCBGD>
    <CanBoId>10</CanBoId>
    <Min>30</Min>
    <Max>40</Max>
    <TichLuy>0</TichLuy>
  </PhanCapCBGD>
  <PhanCapCBGD>
    <CanBoId>11</CanBoId>
    <Min>10</Min>
    <Max>10</Max>
    <TichLuy>0</TichLuy>
  </PhanCapCBGD>
  <PhanCapCBGD>
    <CanBoId>12</CanBoId>
    <Min>30</Min>
    <Max>40</Max>
    <TichLuy>0</TichLuy>
  </PhanCapCBGD>
  <PhanCapCBGD>
    <CanBoId>13</CanBoId>
    <Min>30</Min>
    <Max>30</Max>
    <TichLuy>0</TichLuy>
  </PhanCapCBGD>
  <PhanCapCBGD>
    <CanBoId>14</CanBoId>
    <Min>30</Min>
    <Max>30</Max>
    <TichLuy>0</TichLuy>
  </PhanCapCBGD>
  <PhanCapCBGD>
    <CanBoId>15</CanBoId>
    <Min>30</Min>
    <Max>30</Max>
    <TichLuy>0</TichLuy>
  </PhanCapCBGD>
  <PhanCapCBGD>
    <CanBoId>16</CanBoId>
    <Min>30</Min>
    <Max>40</Max>
    <TichLuy>0</TichLuy>
  </PhanCapCBGD>
  <PhanCapCBGD>
    <CanBoId>17</CanBoId>
    <Min>30</Min>
    <Max>30</Max>
    <TichLuy>0</TichLuy>
  </PhanCapCBGD>
  <PhanCapCBGD>
    <CanBoId>18</CanBoId>
    <Min>30</Min>
    <Max>50</Max>
    <TichLuy>0</TichLuy>
  </PhanCapCBGD>
  <PhanCapCBGD>
    <CanBoId>19</CanBoId>
    <Min>30</Min>
    <Max>40</Max>
    <TichLuy>0</TichLuy>
  </PhanCapCBGD>
  <PhanCapCBGD>
    <CanBoId>20</CanBoId>
    <Min>30</Min>
    <Max>40</Max>
    <TichLuy>0</TichLuy>
  </PhanCapCBGD>
  <PhanCapCBGD>
    <CanBoId>21</CanBoId>
    <Min>10</Min>
    <Max>10</Max>
    <TichLuy>0</TichLuy>
  </PhanCapCBGD>
  <PhanCapCBGD>
    <CanBoId>23</CanBoId>
    <Min>30</Min>
    <Max>30</Max>
    <TichLuy>0</TichLuy>
  </PhanCapCBGD>
  <PhanCapCBGD>
    <CanBoId>24</CanBoId>
    <Min>30</Min>
    <Max>50</Max>
    <TichLuy>0</TichLuy>
  </PhanCapCBGD>
  <PhanCapCBGD>
    <CanBoId>25</CanBoId>
    <Min>30</Min>
    <Max>40</Max>
    <TichLuy>0</TichLuy>
  </PhanCapCBGD>
  <PhanCapCBGD>
    <CanBoId>26</CanBoId>
    <Min>30</Min>
    <Max>40</Max>
    <TichLuy>0</TichLuy>
  </PhanCapCBGD>
  <PhanCapCBGD>
    <CanBoId>27</CanBoId>
    <Min>30</Min>
    <Max>30</Max>
    <TichLuy>0</TichLuy>
  </PhanCapCBGD>
  <PhanCapCBGD>
    <CanBoId>29</CanBoId>
    <Min>10</Min>
    <Max>10</Max>
    <TichLuy>0</TichLuy>
  </PhanCapCBGD>
  <PhanCapCBGD>
    <CanBoId>30</CanBoId>
    <Min>30</Min>
    <Max>50</Max>
    <TichLuy>0</TichLuy>
  </PhanCapCBGD>
  <PhanCapCBGD>
    <CanBoId>31</CanBoId>
    <Min>30</Min>
    <Max>30</Max>
    <TichLuy>0</TichLuy>
  </PhanCapCBGD>
  <PhanCapCBGD>
    <CanBoId>32</CanBoId>
    <Min>30</Min>
    <Max>40</Max>
    <TichLuy>0</TichLuy>
  </PhanCapCBGD>
  <PhanCapCBGD>
    <CanBoId>33</CanBoId>
    <Min>30</Min>
    <Max>50</Max>
    <TichLuy>0</TichLuy>
  </PhanCapCBGD>
  <PhanCapCBGD>
    <CanBoId>34</CanBoId>
    <Min>30</Min>
    <Max>30</Max>
    <TichLuy>0</TichLuy>
  </PhanCapCBGD>
  <PhanCapCBGD>
    <CanBoId>35</CanBoId>
    <Min>30</Min>
    <Max>30</Max>
    <TichLuy>0</TichLuy>
  </PhanCapCBGD>
  <PhanCapCBGD>
    <CanBoId>36</CanBoId>
    <Min>30</Min>
    <Max>30</Max>
    <TichLuy>0</TichLuy>
  </PhanCapCBGD>
  <PhanCapCBGD>
    <CanBoId>37</CanBoId>
    <Min>30</Min>
    <Max>30</Max>
    <TichLuy>0</TichLuy>
  </PhanCapCBGD>
  <PhanCapCBGD>
    <CanBoId>38</CanBoId>
    <Min>30</Min>
    <Max>40</Max>
    <TichLuy>0</TichLuy>
  </PhanCapCBGD>
  <PhanCapCBGD>
    <CanBoId>39</CanBoId>
    <Min>30</Min>
    <Max>50</Max>
    <TichLuy>0</TichLuy>
  </PhanCapCBGD>
  <PhanCapCBGD>
    <CanBoId>40</CanBoId>
    <Min>30</Min>
    <Max>50</Max>
    <TichLuy>0</TichLuy>
  </PhanCapCBGD>
  <PhanCapCBGD>
    <CanBoId>3047</CanBoId>
    <Min>30</Min>
    <Max>50</Max>
    <TichLuy>0</TichLuy>
  </PhanCapCBGD>
  <PhanCapCBGD>
    <CanBoId>41</CanBoId>
    <Min>30</Min>
    <Max>30</Max>
    <TichLuy>0</TichLuy>
  </PhanCapCBGD>
  <PhanCapCBGD>
    <CanBoId>42</CanBoId>
    <Min>30</Min>
    <Max>40</Max>
    <TichLuy>0</TichLuy>
  </PhanCapCBGD>
  <PhanCapCBGD>
    <CanBoId>43</CanBoId>
    <Min>30</Min>
    <Max>40</Max>
    <TichLuy>0</TichLuy>
  </PhanCapCBGD>
  <PhanCapCBGD>
    <CanBoId>44</CanBoId>
    <Min>30</Min>
    <Max>30</Max>
    <TichLuy>0</TichLuy>
  </PhanCapCBGD>
  <PhanCapCBGD>
    <CanBoId>45</CanBoId>
    <Min>30</Min>
    <Max>30</Max>
    <TichLuy>0</TichLuy>
  </PhanCapCBGD>
  <PhanCapCBGD>
    <CanBoId>46</CanBoId>
    <Min>30</Min>
    <Max>40</Max>
    <TichLuy>0</TichLuy>
  </PhanCapCBGD>
  <PhanCapCBGD>
    <CanBoId>47</CanBoId>
    <Min>30</Min>
    <Max>50</Max>
    <TichLuy>0</TichLuy>
  </PhanCapCBGD>
  <PhanCapCBGD>
    <CanBoId>48</CanBoId>
    <Min>10</Min>
    <Max>10</Max>
    <TichLuy>0</TichLuy>
  </PhanCapCBGD>
  <PhanCapCBGD>
    <CanBoId>49</CanBoId>
    <Min>30</Min>
    <Max>40</Max>
    <TichLuy>0</TichLuy>
  </PhanCapCBGD>
  <PhanCapCBGD>
    <CanBoId>50</CanBoId>
    <Min>10</Min>
    <Max>10</Max>
    <TichLuy>0</TichLuy>
  </PhanCapCBGD>
  <PhanCapCBGD>
    <CanBoId>51</CanBoId>
    <Min>30</Min>
    <Max>30</Max>
    <TichLuy>0</TichLuy>
  </PhanCapCBGD>
  <PhanCapCBGD>
    <CanBoId>52</CanBoId>
    <Min>30</Min>
    <Max>50</Max>
    <TichLuy>0</TichLuy>
  </PhanCapCBGD>
  <PhanCapCBGD>
    <CanBoId>53</CanBoId>
    <Min>30</Min>
    <Max>40</Max>
    <TichLuy>0</TichLuy>
  </PhanCapCBGD>
  <PhanCapCBGD>
    <CanBoId>54</CanBoId>
    <Min>30</Min>
    <Max>50</Max>
    <TichLuy>0</TichLuy>
  </PhanCapCBGD>
  <PhanCapCBGD>
    <CanBoId>55</CanBoId>
    <Min>10</Min>
    <Max>10</Max>
    <TichLuy>0</TichLuy>
  </PhanCapCBGD>
  <PhanCapCBGD>
    <CanBoId>56</CanBoId>
    <Min>30</Min>
    <Max>50</Max>
    <TichLuy>0</TichLuy>
  </PhanCapCBGD>
  <PhanCapCBGD>
    <CanBoId>57</CanBoId>
    <Min>30</Min>
    <Max>50</Max>
    <TichLuy>0</TichLuy>
  </PhanCapCBGD>
  <PhanCapCBGD>
    <CanBoId>58</CanBoId>
    <Min>30</Min>
    <Max>30</Max>
    <TichLuy>0</TichLuy>
  </PhanCapCBGD>
  <PhanCapCBGD>
    <CanBoId>59</CanBoId>
    <Min>30</Min>
    <Max>40</Max>
    <TichLuy>0</TichLuy>
  </PhanCapCBGD>
  <PhanCapCBGD>
    <CanBoId>60</CanBoId>
    <Min>30</Min>
    <Max>50</Max>
    <TichLuy>0</TichLuy>
  </PhanCapCBGD>
  <PhanCapCBGD>
    <CanBoId>61</CanBoId>
    <Min>30</Min>
    <Max>40</Max>
    <TichLuy>0</TichLuy>
  </PhanCapCBGD>
  <PhanCapCBGD>
    <CanBoId>62</CanBoId>
    <Min>30</Min>
    <Max>40</Max>
    <TichLuy>0</TichLuy>
  </PhanCapCBGD>
  <PhanCapCBGD>
    <CanBoId>63</CanBoId>
    <Min>30</Min>
    <Max>50</Max>
    <TichLuy>0</TichLuy>
  </PhanCapCBGD>
  <PhanCapCBGD>
    <CanBoId>64</CanBoId>
    <Min>10</Min>
    <Max>10</Max>
    <TichLuy>0</TichLuy>
  </PhanCapCBGD>
  <PhanCapCBGD>
    <CanBoId>65</CanBoId>
    <Min>10</Min>
    <Max>10</Max>
    <TichLuy>0</TichLuy>
  </PhanCapCBGD>
  <PhanCapCBGD>
    <CanBoId>66</CanBoId>
    <Min>30</Min>
    <Max>30</Max>
    <TichLuy>0</TichLuy>
  </PhanCapCBGD>
  <PhanCapCBGD>
    <CanBoId>67</CanBoId>
    <Min>10</Min>
    <Max>10</Max>
    <TichLuy>0</TichLuy>
  </PhanCapCBGD>
  <PhanCapCBGD>
    <CanBoId>68</CanBoId>
    <Min>30</Min>
    <Max>50</Max>
    <TichLuy>0</TichLuy>
  </PhanCapCBGD>
  <PhanCapCBGD>
    <CanBoId>69</CanBoId>
    <Min>30</Min>
    <Max>40</Max>
    <TichLuy>0</TichLuy>
  </PhanCapCBGD>
  <PhanCapCBGD>
    <CanBoId>70</CanBoId>
    <Min>30</Min>
    <Max>40</Max>
    <TichLuy>0</TichLuy>
  </PhanCapCBGD>
  <PhanCapCBGD>
    <CanBoId>72</CanBoId>
    <Min>10</Min>
    <Max>10</Max>
    <TichLuy>0</TichLuy>
  </PhanCapCBGD>
  <PhanCapCBGD>
    <CanBoId>73</CanBoId>
    <Min>30</Min>
    <Max>40</Max>
    <TichLuy>0</TichLuy>
  </PhanCapCBGD>
  <PhanCapCBGD>
    <CanBoId>74</CanBoId>
    <Min>30</Min>
    <Max>50</Max>
    <TichLuy>0</TichLuy>
  </PhanCapCBGD>
  <PhanCapCBGD>
    <CanBoId>75</CanBoId>
    <Min>10</Min>
    <Max>10</Max>
    <TichLuy>0</TichLuy>
  </PhanCapCBGD>
  <PhanCapCBGD>
    <CanBoId>76</CanBoId>
    <Min>30</Min>
    <Max>50</Max>
    <TichLuy>0</TichLuy>
  </PhanCapCBGD>
  <PhanCapCBGD>
    <CanBoId>77</CanBoId>
    <Min>30</Min>
    <Max>40</Max>
    <TichLuy>0</TichLuy>
  </PhanCapCBGD>
  <PhanCapCBGD>
    <CanBoId>79</CanBoId>
    <Min>30</Min>
    <Max>40</Max>
    <TichLuy>0</TichLuy>
  </PhanCapCBGD>
  <PhanCapCBGD>
    <CanBoId>80</CanBoId>
    <Min>30</Min>
    <Max>30</Max>
    <TichLuy>0</TichLuy>
  </PhanCapCBGD>
  <PhanCapCBGD>
    <CanBoId>81</CanBoId>
    <Min>30</Min>
    <Max>30</Max>
    <TichLuy>0</TichLuy>
  </PhanCapCBGD>
  <PhanCapCBGD>
    <CanBoId>82</CanBoId>
    <Min>30</Min>
    <Max>30</Max>
    <TichLuy>0</TichLuy>
  </PhanCapCBGD>
  <PhanCapCBGD>
    <CanBoId>83</CanBoId>
    <Min>30</Min>
    <Max>40</Max>
    <TichLuy>0</TichLuy>
  </PhanCapCBGD>
  <PhanCapCBGD>
    <CanBoId>85</CanBoId>
    <Min>30</Min>
    <Max>30</Max>
    <TichLuy>0</TichLuy>
  </PhanCapCBGD>
  <PhanCapCBGD>
    <CanBoId>86</CanBoId>
    <Min>10</Min>
    <Max>10</Max>
    <TichLuy>0</TichLuy>
  </PhanCapCBGD>
  <PhanCapCBGD>
    <CanBoId>87</CanBoId>
    <Min>30</Min>
    <Max>40</Max>
    <TichLuy>0</TichLuy>
  </PhanCapCBGD>
  <PhanCapCBGD>
    <CanBoId>88</CanBoId>
    <Min>20</Min>
    <Max>20</Max>
    <TichLuy>0</TichLuy>
  </PhanCapCBGD>
  <PhanCapCBGD>
    <CanBoId>89</CanBoId>
    <Min>20</Min>
    <Max>20</Max>
    <TichLuy>0</TichLuy>
  </PhanCapCBGD>
  <PhanCapCBGD>
    <CanBoId>90</CanBoId>
    <Min>20</Min>
    <Max>20</Max>
    <TichLuy>0</TichLuy>
  </PhanCapCBGD>
  <PhanCapCBGD>
    <CanBoId>92</CanBoId>
    <Min>20</Min>
    <Max>20</Max>
    <TichLuy>0</TichLuy>
  </PhanCapCBGD>
  <PhanCapCBGD>
    <CanBoId>93</CanBoId>
    <Min>20</Min>
    <Max>20</Max>
    <TichLuy>0</TichLuy>
  </PhanCapCBGD>
  <PhanCapCBGD>
    <CanBoId>94</CanBoId>
    <Min>20</Min>
    <Max>20</Max>
    <TichLuy>0</TichLuy>
  </PhanCapCBGD>
  <PhanCapCBGD>
    <CanBoId>95</CanBoId>
    <Min>20</Min>
    <Max>20</Max>
    <TichLuy>0</TichLuy>
  </PhanCapCBGD>
  <PhanCapCBGD>
    <CanBoId>96</CanBoId>
    <Min>20</Min>
    <Max>20</Max>
    <TichLuy>0</TichLuy>
  </PhanCapCBGD>
  <PhanCapCBGD>
    <CanBoId>97</CanBoId>
    <Min>20</Min>
    <Max>20</Max>
    <TichLuy>0</TichLuy>
  </PhanCapCBGD>
  <PhanCapCBGD>
    <CanBoId>103</CanBoId>
    <Min>30</Min>
    <Max>30</Max>
    <TichLuy>0</TichLuy>
  </PhanCapCBGD>
  <PhanCapCBGD>
    <CanBoId>104</CanBoId>
    <Min>30</Min>
    <Max>30</Max>
    <TichLuy>0</TichLuy>
  </PhanCapCBGD>
  <PhanCapCBGD>
    <CanBoId>106</CanBoId>
    <Min>30</Min>
    <Max>30</Max>
    <TichLuy>0</TichLuy>
  </PhanCapCBGD>
  <PhanCapCBGD>
    <CanBoId>3655</CanBoId>
    <Min>30</Min>
    <Max>30</Max>
    <TichLuy>0</TichLuy>
  </PhanCapCBGD>
  <PhanCapCBGD>
    <CanBoId>3660</CanBoId>
    <Min>30</Min>
    <Max>40</Max>
    <TichLuy>0</TichLuy>
  </PhanCapCBGD>
  <PhanCapCBGD>
    <CanBoId>5837</CanBoId>
    <Min>30</Min>
    <Max>40</Max>
    <TichLuy>0</TichLuy>
  </PhanCapCBGD>
  <PhanCapCBGD>
    <CanBoId>5838</CanBoId>
    <Min>30</Min>
    <Max>40</Max>
    <TichLuy>0</TichLuy>
  </PhanCapCBGD>
  <PhanCapCBGD>
    <CanBoId>5839</CanBoId>
    <Min>30</Min>
    <Max>40</Max>
    <TichLuy>0</TichLuy>
  </PhanCapCBGD>
  <PhanCapCBGD>
    <CanBoId>5840</CanBoId>
    <Min>30</Min>
    <Max>40</Max>
    <TichLuy>0</TichLuy>
  </PhanCapCBGD>
</data>