﻿<?xml version="1.0" encoding="utf-8"?>
<data>
  <PhanCapGD>
    <Level>10</Level>
    <Ten>Hướng dẫn thí nghiệm</Ten>
  </PhanCapGD>
  <PhanCapGD>
    <Level>20</Level>
    <Ten>Hướng dẫn thực tập</Ten>
  </PhanCapGD>
  <PhanCapGD>
    <Level>30</Level>
    <Ten>Giảng dạy</Ten>
  </PhanCapGD>
  <PhanCapGD>
    <Level>40</Level>
    <Ten>Sau đại học</Ten>
  </PhanCapGD>
  <PhanCapGD>
    <Level>50</Level>
    <Ten>Hướng dẫn LATS</Ten>
  </PhanCapGD>
  <PhanCapGD>
    <Level>0</Level>
    <Ten>0</Ten>
  </PhanCapGD>
</data>